State,Year,fall_enrollment_elementary,fall_enrollment_secondary,fall_enrollment_total,elementary_school_teachers_men,elementary_school_teachers_women,elementary_school_teachers_total,secondary_school_teachers_men,secondary_school_teachers_women,secondary_school_teachers_total,teachers_total,other_non-supervisory_instructional,principals_&_supervisors,total_instructional_staff,average_salary_for_classroom_teachers_instr_staff,average_salary_for_classroom_teachers_elem,average_salary_for_classroom_teachers_sec
CONNECTICUT,2003,"407,807","168,398","576,205","5,326","25,066","30,392","5,836","7,198","13,034","43,426","4,471","2,649","50,546","59,846","56,886","58,131"
MAINE,2003,"139,026","63,184","202,210","1,845","8,888","10,733","2,370","2,671","5,041","15,774","1,371","1,083","18,228","44,053","39,784","40,038"
MASSACHUSETTS,2003,"692,130","288,329","980,459","4,389","23,642","28,031","20,300","16,869","37,169","65,200","10,966","3,391","79,558","54,687","53,181","53,181"
NEW HAMPSHIRE,2003,"142,959","64,458","207,417","1,625","8,869","10,494","2,089","2,714","4,803","15,297","2,742",744,"18,783","44,680","42,689","42,689"
RHODE ISLAND,2003,"85,997","73,829","159,825","1,158","7,557","8,715","2,004","3,452","5,456","14,171","2,138",365,"16,674","54,922","52,261","52,261"
VERMONT,2003,"50,587","47,464","98,051",605,"3,861","4,466","1,874","2,377","4,251","8,717",989,430,"10,136","43,457","41,725","42,296"
DELAWARE,2003,"63,040","54,737","117,777",424,"3,491","3,915","1,469","2,590","4,059","7,974",457,535,"8,966","51,678","48,989","49,737"
DISTRICT OF COLUMBIA,2003,"40,887","24,212","65,099",617,"2,933","3,550",496,965,"1,461","5,011",909,346,"6,266","58,817","57,009","57,009"
MARYLAND,2003,"466,648","402,465","869,113","4,543","28,322","32,865","8,312","14,973","23,285","56,150","5,400","3,530","65,080","52,708","50,209","48,504"
NEW JERSEY,2003,"960,143","420,739","1,380,882","4,560","37,556","42,116","22,311","47,252","69,563","111,679","16,776","6,636","135,091","58,794","54,355","56,316"
NEW YORK,2003,"1,492,996","1,333,120","2,826,116","10,600","99,400","110,000","42,785","70,215","113,000","223,000","11,600","10,200","244,800","56,000","54,700","55,800"
PENNSYLVANIA,2003,"933,445","887,701","1,821,146","11,500","50,400","61,900","24,400","32,000","56,400","118,300","12,600","6,000","136,900","52,796","51,868","51,797"
ALABAMA,2003,"401,981","327,358","729,339","2,552","26,714","29,266","6,022","10,924","16,946","46,212","3,817","1,127","51,156","38,291","37,923","38,727"
ARKANSAS,2003,"244,056","207,980","452,036",848,"15,128","15,976","5,358","11,398","16,756","32,732","2,377","1,855","36,964","41,186","37,393","41,146"
FLORIDA,2003,"1,420,646","1,170,387","2,591,033","8,712","71,193","79,905","26,402","52,317","78,719","158,624","9,209","7,597","175,430","41,865","40,604","40,604"
GEORGIA,2003,"738,150","784,461","1,522,611","6,349","57,188","63,537","13,516","27,794","41,310","104,847","8,978","7,137","120,962","48,203","45,407","46,871"
KENTUCKY,2003,"442,410","189,442","631,852","3,615","24,420","28,035","4,839","7,066","11,905","39,940","4,070","2,489","46,499","41,619","39,970","40,835"
LOUISIANA,2003,"536,233","191,083","727,316","3,543","32,034","35,577","5,821","9,557","15,378","50,955","4,948","3,899","59,802","39,723","37,918","37,918"
MISSISSIPPI,2003,"286,687","201,126","487,812","1,342","17,346","18,688","3,995","8,023","12,019","30,707","1,958","2,121","34,786","37,064","35,684","35,684"
NORTH CAROLINA,2003,"982,351","394,663","1,377,014","8,490","55,577","64,067","9,615","16,975","26,590","90,657","7,435","6,443","104,535","43,211","43,211","43,211"
SOUTH CAROLINA,2003,"480,299","196,518","676,817","3,153","29,797","32,950","4,731","8,343","13,074","46,024","3,817","4,343","54,184","42,501","39,287","40,000"
TENNESSEE,2003,"658,491","261,405","919,896","6,012","36,999","43,011","7,175","9,320","16,495","59,506","4,624","3,902","68,032","41,997","40,031","41,071"
VIRGINIA,2003,"741,554","450,985","1,192,539","5,298","53,504","58,802","14,471","29,118","43,589","102,391","10,711","4,714","117,816","44,624","42,810","44,868"
WEST VIRGINIA,2003,"189,119","91,442","280,561","2,333","11,766","14,099","2,464","3,246","5,710","19,809","1,262","1,504","22,575","39,961","38,207","39,034"
ILLINOIS,2003,"1,471,691","588,357","2,060,048","12,033","78,360","90,393","16,591","26,271","42,862","133,255","5,688","7,835","146,778","56,707","50,859","61,779"
INDIANA,2003,"551,398","459,094","1,010,492","4,354","28,457","32,811","14,309","14,049","28,358","61,169","2,942","4,731","68,842","47,186","45,829","45,782"
MICHIGAN,2003,"867,718","845,779","1,713,497","13,009","37,026","50,035","12,140","34,551","46,691","96,726","9,150","6,037","111,913","54,412","54,412","54,412"
OHIO,2003,"1,212,721","632,707","1,845,428","15,275","68,478","83,753","17,555","22,254","39,809","123,562","9,835","6,699","140,096","48,977","47,503","47,436"
WISCONSIN,2003,"589,812","290,219","880,031","8,103","34,290","42,393","9,138","9,791","18,929","61,322","3,917","2,608","67,847","46,093","42,687","43,310"
IOWA,2003,"250,644","230,582","481,226","1,719","14,764","16,483","7,635","10,575","18,210","34,693","2,340","1,528","38,561","40,866","38,608","40,154"
KANSAS,2003,"313,250","156,575","469,825","1,935","14,176","16,111","9,029","7,691","16,720","32,831","2,668","2,168","37,667","39,736","38,623","38,623"
MINNESOTA,2003,"430,870","415,792","846,662","4,760","21,648","26,408","10,562","15,248","25,810","52,218","1,973","2,716","56,907","46,541","45,781","44,276"
MISSOURI,2003,"619,995","272,877","892,872","2,886","31,466","34,353","11,521","21,381","32,902","67,255","4,389","4,675","76,318","40,036","38,125","37,883"
NEBRASKA,2003,"149,746","134,423","284,169","1,927","11,309","13,236","3,436","4,013","7,449","20,685","1,762","1,260","23,707","41,384","38,352","38,352"
NORTH DAKOTA,2003,"67,051","34,086","101,137",948,"4,253","5,201","1,121","1,373","2,494","7,695",839,382,"8,916","35,889","35,793","34,794"
SOUTH DAKOTA,2003,"85,221","39,248","124,469","1,036","5,227","6,263","1,162","1,501","2,663","8,926",509,390,"9,825","34,460","33,310","33,063"
ARIZONA,2003,"691,092","272,910","964,003","4,907","24,918","29,825","7,361","8,708","16,069","45,894","4,516","3,208","53,618","53,479","41,843","41,843"
NEW MEXICO,2003,"173,703","148,954","322,657","2,579","12,548","15,127","2,826","3,542","6,368","21,495","2,893",996,"25,384","39,823","37,745","38,855"
OKLAHOMA,2003,"352,488","273,338","625,826","2,132","18,107","20,239","6,754","12,085","18,839","39,078","4,397","2,557","46,032","37,113","34,838","35,303"
TEXAS,2003,"2,463,145","1,848,357","4,311,502","15,059","136,402","151,461","51,807","91,279","143,086","294,547","17,460","19,193","331,200","43,157","40,035","40,942"
COLORADO,2003,"372,706","384,962","757,668","2,708","19,563","22,271","8,866","13,822","22,688","44,959","3,805","2,792","51,556","45,305","43,319","43,175"
IDAHO,2003,"133,764","114,979","248,743",807,"6,414","7,221","3,121","3,848","6,969","14,190",783,"1,044","16,017","41,080","41,080","41,080"
MONTANA,2003,"100,018","48,338","148,356","1,265","5,557","6,822","1,701","1,701","3,402","10,224",964,503,"11,691","37,184","37,184","37,184"
UTAH,2003,"337,563","149,375","486,938","1,293","10,527","11,820","4,326","5,674","10,000","21,820","1,944","1,681","25,445","40,732","38,976","38,976"
WYOMING,2003,"43,356","41,385","84,741",444,"2,815","3,259","1,528","1,873","3,401","6,660",517,331,"7,508","40,903","39,615","39,453"
ALASKA,2003,"93,695","40,238","133,933","1,268","4,077","5,345","1,226","1,346","2,572","7,917",559,468,"8,944","53,513","51,487","52,211"
CALIFORNIA,2003,"4,421,842","1,876,927","6,298,769","48,042","181,852","229,894","45,236","43,256","88,492","318,386","18,710","21,497","358,593","56,444","56,444","56,444"
HAWAII,2003,"101,004","82,605","183,609",860,"5,184","6,044","2,064","3,257","5,321","11,365","2,032",524,"13,921","46,867","45,479","45,479"
NEVADA,2003,"217,211","168,203","385,414","1,738","10,607","12,345","3,309","4,955","8,264","20,609","2,450","1,137","24,196","44,397","41,926","42,728"
OREGON,2003,"382,000","173,880","555,880","4,002","14,350","18,352","5,150","4,616","9,766","28,118","1,392","2,738","32,248","49,500","49,169","49,169"
WASHINGTON,2003,"536,288","485,209","1,021,497","4,735","24,348","29,083","11,020","12,979","23,999","53,082","3,298","3,536","59,916","47,786","45,498","45,355"
CONNECTICUT,2004,"405,054","172,344","577,398","5,288","23,864","29,152","5,895","7,500","13,395","42,547","6,137","2,355","51,039","59,431","57,311","58,694"
MAINE,2004,"136,718","62,535","199,253","1,897","9,333","11,230","2,613","2,875","5,488","16,718","1,502","1,176","19,396","43,386","40,037","38,735"
MASSACHUSETTS,2004,"682,175","293,399","975,574","2,266","24,370","26,636","15,097","25,046","40,143","66,779","10,068","3,617","80,464","56,006","54,679","54,679"
NEW HAMPSHIRE,2004,"140,024","66,828","206,852","1,625","8,869","10,494","2,089","2,714","4,803","15,297","2,742",744,"18,783","45,990","43,941","43,941"
RHODE ISLAND,2004,"83,984","76,590","160,574","1,158","7,557","8,715","2,004","3,452","5,456","14,171","2,138",365,"16,674","56,196","53,473","53,473"
VERMONT,2004,"47,819","47,368","95,187",605,"3,861","4,466","1,874","2,377","4,251","8,717",989,430,"10,136","45,994","44,633","44,437"
DELAWARE,2004,"63,248","55,861","119,109",424,"3,491","3,915","1,469","2,590","4,059","7,974",457,535,"8,966","52,480","51,029","50,176"
DISTRICT OF COLUMBIA,2004,"38,040","24,266","62,306",617,"2,933","3,550",496,965,"1,461","5,011",909,346,"6,266","60,310","58,456","58,456"
MARYLAND,2004,"458,769","407,067","865,836","4,543","28,322","32,865","8,312","14,973","23,285","56,150","5,400","3,530","65,080","53,133","52,010","52,694"
NEW JERSEY,2004,"961,996","430,208","1,392,204","4,900","37,391","42,291","21,689","45,597","67,286","109,577","17,118","7,174","133,869","58,612","56,682","56,682"
NEW YORK,2004,"1,482,000","1,340,000","2,822,000","10,600","99,400","110,000","42,785","70,215","113,000","223,000","11,600","10,200","244,800","57,300","55,500","56,900"
PENNSYLVANIA,2004,"934,544","893,545","1,828,089","11,010","50,312","61,322","24,638","33,944","58,582","119,904","12,807","5,978","138,689","54,795","53,258","53,258"
ALABAMA,2004,"401,283","329,802","731,085","2,430","24,317","26,747","7,018","12,749","19,767","46,514","4,032","2,806","53,352","39,939","37,802","38,642"
ARKANSAS,2004,"242,436","209,621","452,057",848,"15,128","15,976","5,358","11,398","16,756","32,732","2,377","1,855","36,964","42,412","40,495","40,495"
FLORIDA,2004,"1,435,623","1,194,606","2,630,229","8,676","71,026","79,702","26,298","52,047","78,345","158,047","9,183","7,564","174,794","42,842","41,590","41,590"
GEORGIA,2004,"750,459","802,978","1,553,437","6,349","57,188","63,537","13,516","27,794","41,310","104,847","8,978","7,137","120,962","48,889","45,950","47,411"
KENTUCKY,2004,"449,445","187,435","636,880","4,407","26,270","30,677","4,054","5,385","9,439","40,116","4,623","2,208","46,947","41,076","40,442","40,782"
LOUISIANA,2004,"533,616","190,386","724,002","3,352","30,882","34,234","5,496","9,090","14,586","48,820","4,934","3,805","57,559","40,838","39,022","39,022"
MISSISSIPPI,2004,"271,175","213,919","485,094","1,342","17,346","18,688","3,995","8,023","12,019","30,707","1,958","2,121","34,786","38,005","36,590","36,590"
NORTH CAROLINA,2004,"951,674","393,427","1,345,101","8,490","55,577","64,067","9,615","16,975","26,590","90,657","7,435","6,443","104,535","43,348","43,348","43,348"
SOUTH CAROLINA,2004,"482,897","197,738","680,635","3,191","29,228","32,419","4,993","8,755","13,748","46,167","4,075","3,897","54,139","44,245","40,020","40,810"
TENNESSEE,2004,"661,067","267,505","928,572","6,012","36,600","42,612","7,225","9,378","16,603","59,215","5,770","3,551","68,536","43,744","41,735","42,952"
VIRGINIA,2004,"743,072","461,736","1,204,808","5,240","52,917","58,157","13,526","27,217","40,743","98,900","12,171","4,293","115,364","44,401","42,768","42,768"
WEST VIRGINIA,2004,"189,860","89,597","279,457","2,333","11,766","14,099","2,464","3,246","5,710","19,809","1,262","1,504","22,575","39,897","38,161","38,852"
ILLINOIS,2004,"1,483,770","613,748","2,097,518","12,704","75,749","88,453","17,734","25,592","43,326","131,779","5,854","7,825","145,458","57,989","52,986","60,360"
INDIANA,2004,"554,610","466,097","1,020,707","4,304","28,131","32,435","14,146","13,887","28,033","60,468","2,851","4,792","68,111","48,026","46,602","46,547"
MICHIGAN,2004,"883,000","840,087","1,723,087","12,302","35,014","47,316","12,853","36,581","49,434","96,750","9,151","6,083","111,984","56,973","56,973","56,973"
OHIO,2004,"1,213,599","633,164","1,846,763","14,111","63,260","77,371","16,217","20,558","36,775","114,146","9,835","6,699","130,680","50,225","48,753","48,640"
WISCONSIN,2004,"577,950","286,807","864,757","7,809","33,462","41,271","8,979","9,877","18,856","60,127","3,758","2,472","66,357","47,631","44,128","44,672"
IOWA,2004,"248,551","229,768","478,319","1,719","14,764","16,483","7,635","10,575","18,210","34,693","2,340","1,528","38,561","41,945","39,284","39,284"
KANSAS,2004,"312,390","156,122","468,512","1,935","14,176","16,111","9,029","7,691","16,720","32,831","2,668","2,168","37,667","40,489","39,345","39,345"
MINNESOTA,2004,"426,631","411,129","837,760","4,760","21,648","26,408","10,562","15,248","25,810","52,218","1,973","2,716","56,907","48,518","47,585","46,211"
MISSOURI,2004,"616,716","276,105","892,821","2,719","30,423","33,142","11,148","20,488","31,636","64,778","4,159","4,039","72,976","40,911","39,155","38,975"
NEBRASKA,2004,"150,069","134,490","284,559","1,927","11,309","13,236","3,436","4,013","7,449","20,685","1,762","1,260","23,707","42,575","39,456","39,456"
NORTH DAKOTA,2004,"66,013","33,311","99,324",950,"4,257","5,207","1,124","1,373","2,497","7,704",842,384,"8,930","37,915","36,997","36,058"
SOUTH DAKOTA,2004,"82,867","38,755","121,622","1,036","5,227","6,263","1,162","1,501","2,663","8,926",509,390,"9,825","35,313","34,136","33,813"
ARIZONA,2004,"704,992","281,228","986,221","4,907","24,918","29,825","7,361","8,708","16,069","45,894","4,516","3,208","53,618","54,836","42,905","42,905"
NEW MEXICO,2004,"174,825","150,099","324,924","2,610","12,706","15,316","2,859","3,541","6,400","21,716","3,021",987,"25,724","41,071","38,946","40,454"
OKLAHOMA,2004,"354,291","274,843","629,134","2,164","18,327","20,491","6,936","12,979","19,915","40,406","4,164","2,563","47,133","39,359","37,004","38,779"
TEXAS,2004,"2,505,989","1,877,882","4,383,871","15,451","136,193","151,644","51,953","90,949","142,902","294,546","17,348","19,714","331,608","43,500","40,590","41,454"
COLORADO,2004,"376,984","389,723","766,707","2,718","19,667","22,385","8,918","13,871","22,789","45,174","3,832","2,794","51,800","46,052","44,026","43,791"
IDAHO,2004,"134,553","115,432","249,984",807,"6,414","7,221","3,121","3,848","6,969","14,190",783,"1,044","16,017","42,168","42,122","42,122"
MONTANA,2004,"98,492","48,213","146,705","1,260","5,577","6,837","1,657","1,732","3,389","10,226",964,503,"11,693","38,485","38,485","38,485"
UTAH,2004,"342,528","151,572","494,100","1,296","10,458","11,754","4,203","4,996","9,199","20,953","1,680","1,791","24,424","41,233","39,965","39,965"
WYOMING,2004,"43,051","40,721","83,772",443,"2,783","3,226","1,511","1,842","3,353","6,579",516,328,"7,423","41,930","40,570","40,427"
ALASKA,2004,"91,981","40,989","132,970","1,268","4,077","5,345","1,226","1,346","2,572","7,917",559,468,"8,944","57,673","52,121","53,053"
CALIFORNIA,2004,"4,385,204","1,936,986","6,322,190","45,286","173,651","218,937","39,753","39,416","79,169","298,106","19,038","21,300","338,444","57,876","57,876","57,876"
HAWAII,2004,"100,420","82,765","183,185",860,"5,184","6,044","2,064","3,257","5,321","11,365","2,032",524,"13,921","47,575","46,149","46,149"
NEVADA,2004,"223,967","176,704","400,671","1,738","10,607","12,345","3,309","4,955","8,264","20,609","2,450","1,137","24,196","45,797","42,877","44,135"
OREGON,2004,"376,557","175,763","552,320","4,077","14,172","18,249","4,718","4,883","9,601","27,850","1,458","2,417","31,725","50,628","48,186","48,604"
WASHINGTON,2004,"534,795","486,707","1,021,502","4,756","24,434","29,190","11,068","13,002","24,070","53,260","3,302","3,541","60,103","48,111","45,793","45,628"
CONNECTICUT,2005,"401,189","175,583","576,772","5,243","23,978","29,221","5,918","7,698","13,616","42,837","5,916","3,086","51,839","62,395","59,149","60,373"
MAINE,2005,"134,646","64,472","199,118","1,855","8,977","10,832","2,418","2,712","5,130","15,962","1,397","1,102","18,461","45,066","40,798","40,611"
MASSACHUSETTS,2005,"675,398","296,511","971,909","2,497","26,856","29,353","16,638","27,602","44,240","73,593","8,644","2,207","84,444","58,353","56,369","56,369"
NEW HAMPSHIRE,2005,"138,381","67,186","205,567","1,614","9,019","10,633","2,069","2,787","4,856","15,489","2,755",730,"18,974","47,338","45,263","45,263"
RHODE ISLAND,2005,"81,690","79,546","161,237","1,202","7,792","8,994","1,994","3,524","5,518","14,512","2,265",349,"17,125","57,915","54,730","54,730"
VERMONT,2005,"47,413","47,187","94,600",632,"4,009","4,642","1,882","2,486","4,367","9,009","1,023",438,"10,469","48,150","46,622","46,622"
DELAWARE,2005,"64,289","56,649","120,938",421,"3,443","3,864","1,470","2,397","3,867","7,731",498,418,"8,647","56,865","54,137","54,390"
DISTRICT OF COLUMBIA,2005,"36,646","24,838","61,484",608,"2,893","3,501",494,960,"1,454","4,955",795,364,"6,115","59,000","59,000","59,000"
MARYLAND,2005,"453,136","406,885","860,021","4,656","28,999","33,655","8,568","15,460","24,028","57,683","5,686","3,665","67,034","55,201","54,091","54,577"
NEW JERSEY,2005,"957,242","437,537","1,394,779","5,002","38,065","43,067","21,756","46,082","67,838","110,905","17,250","7,259","135,414","61,541","57,189","59,310"
NEW YORK,2005,"1,454,571","1,360,933","2,815,504","10,943","102,086","113,029","43,177","72,698","115,875","228,903","11,900","9,477","250,280","58,630","57,354","57,354"
PENNSYLVANIA,2005,"931,415","899,269","1,830,684","10,477","50,716","61,193","24,748","36,437","61,185","122,378","13,582","6,249","142,209","55,652","54,027","54,027"
ALABAMA,2005,"404,457","333,993","738,450","2,536","25,745","28,281","7,704","13,707","21,411","49,692","4,777","3,002","57,471","42,384","39,990","40,771"
ARKANSAS,2005,"240,436","212,774","453,209",849,"15,480","16,329","5,025","12,123","17,148","33,477","2,350","1,851","37,678","43,950","42,768","42,768"
FLORIDA,2005,"1,454,806","1,214,759","2,669,565","9,109","73,600","82,709","26,328","53,812","80,140","162,849","8,812","7,626","179,287","44,560","43,302","43,302"
GEORGIA,2005,"774,927","823,534","1,598,461","6,666","58,487","65,153","14,140","28,514","42,654","107,807","9,417","7,545","124,769","50,705","47,702","49,211"
KENTUCKY,2005,"450,881","191,032","641,913","3,812","25,000","28,812","4,799","6,859","11,658","40,470","3,300","2,508","46,278","46,032","42,357","43,175"
LOUISIANA,2005,"481,944","172,202","654,146","2,938","28,218","31,156","4,923","8,074","12,997","44,153","4,939","3,640","52,732","41,856","40,029","40,029"
MISSISSIPPI,2005,"276,929","217,109","494,038","1,331","17,950","19,281","4,341","8,507","12,848","32,129","1,935","2,092","36,156","42,084","40,072","41,331"
NORTH CAROLINA,2005,"970,040","406,490","1,376,530","8,927","57,913","66,840","9,918","17,371","27,289","94,129","7,692","6,643","108,464","43,922","43,922","43,922"
SOUTH CAROLINA,2005,"487,700","206,455","694,155","3,331","29,918","33,249","5,150","9,042","14,192","47,441","4,145","3,870","55,456","45,190","40,927","41,764"
TENNESSEE,2005,"662,219","277,352","939,571","6,416","36,358","42,774","7,883","10,034","17,917","60,691","6,316","3,367","70,374","44,173","42,138","43,551"
VIRGINIA,2005,"745,661","469,076","1,214,737","4,922","49,710","54,633","12,333","24,816","37,150","91,783","11,675","4,508","107,966","45,876","43,823","43,823"
WEST VIRGINIA,2005,"189,872","89,916","279,788","2,315","11,849","14,164","2,444","3,183","5,627","19,791","1,312","1,504","22,607","39,856","38,064","38,836"
ILLINOIS,2005,"1,480,055","631,257","2,111,312","12,803","76,337","89,140","17,774","25,228","43,002","132,142","5,573","8,493","146,208","58,012","53,236","61,162"
INDIANA,2005,"559,919","474,480","1,034,399","4,305","28,139","32,444","14,150","13,892","28,042","60,486","2,843","4,724","68,053","49,780","48,262","47,177"
MICHIGAN,2005,"914,052","827,685","1,741,737","13,208","39,122","52,330","12,498","38,540","51,038","103,368","10,000","8,895","122,263","58,592","54,739","54,739"
OHIO,2005,"1,230,783","632,096","1,862,880","14,817","66,423","81,240","16,910","21,437","38,347","119,587","10,126","6,300","136,013","51,682","50,314","50,314"
WISCONSIN,2005,"583,998","291,176","875,174","7,607","33,177","40,784","8,825","9,943","18,768","59,552","3,619","2,443","65,614","50,497","46,409","46,350"
IOWA,2005,"250,975","232,507","483,482","3,622","19,338","22,960","5,699","6,516","12,215","35,175","2,295","1,485","38,955","42,486","41,225","40,809"
KANSAS,2005,"311,301","155,900","467,201","1,914","14,019","15,933","8,872","7,558","16,430","32,363","2,579","2,157","37,099","42,468","41,467","41,467"
MINNESOTA,2005,"420,858","414,730","835,588","4,774","21,247","26,020","9,881","15,471","25,351","51,372","1,959","2,677","56,008","50,579","48,489","48,489"
MISSOURI,2005,"617,317","282,680","899,997","2,765","31,173","33,938","11,310","20,875","32,185","66,123","4,214","3,987","74,324","42,335","40,518","40,403"
NEBRASKA,2005,"151,105","134,444","285,549","1,937","11,485","13,422","3,406","4,101","7,507","20,929","1,851","1,287","24,067","43,800","40,382","40,382"
NORTH DAKOTA,2005,"64,568","32,552","97,120",922,"4,215","5,137","1,096","1,374","2,470","7,607",860,386,"8,853","39,065","38,080","37,100"
SOUTH DAKOTA,2005,"82,422","38,260","120,682","1,034","5,271","6,305","1,148","1,510","2,658","8,963",506,398,"9,867","35,983","34,783","34,533"
ARIZONA,2005,"719,390","290,704","1,010,094","4,797","24,357","29,154","7,881","9,323","17,204","46,358","4,765","3,414","54,537","56,559","44,672","44,672"
NEW MEXICO,2005,"176,113","150,746","326,859","2,586","12,900","15,486","2,875","3,622","6,497","21,983","3,570","1,040","26,593","41,637","41,165","42,755"
OKLAHOMA,2005,"359,959","274,509","634,468","1,974","18,776","20,750","7,326","13,540","20,866","41,616","4,075","2,667","48,358","40,370","38,055","39,486"
TEXAS,2005,"2,578,967","1,926,605","4,505,572","15,751","139,687","155,438","53,402","93,562","146,964","302,402","17,633","20,205","340,240","44,323","41,337","42,186"
COLORADO,2005,"387,509","393,199","780,708","3,192","19,736","22,928","9,007","13,906","22,913","45,841","3,966","2,860","52,667","46,544","44,440","44,351"
IDAHO,2005,"141,898","120,009","261,907",869,"6,648","7,517","3,087","3,917","7,004","14,521",780,"1,054","16,355","41,150","41,191","41,106"
MONTANA,2005,"97,643","47,773","145,416","1,252","5,672","6,924","1,653","1,752","3,405","10,329",938,513,"11,780","39,832","39,832","39,832"
UTAH,2005,"341,965","142,657","484,623","1,356","10,894","12,250","4,538","6,001","10,539","22,789","1,686","1,877","26,352","43,180","40,007","40,007"
WYOMING,2005,"43,265","40,440","83,705",460,"2,841","3,301","1,500","1,840","3,340","6,641",525,334,"7,500","44,835","43,225","43,285"
ALASKA,2005,"92,042","41,395","133,437","1,298","4,060","5,358","1,172","1,474","2,646","8,004",502,489,"8,995","60,376","53,553","53,553"
CALIFORNIA,2005,"4,337,302","1,972,387","6,309,689","43,153","170,451","213,604","42,252","44,367","86,619","300,223","19,981","22,425","342,629","59,825","59,825","59,825"
HAWAII,2005,"99,913","82,854","182,767",864,"5,215","6,079","2,041","3,289","5,330","11,409","2,039",515,"13,963","51,248","49,292","49,292"
NEVADA,2005,"229,652","183,600","413,252","1,781","10,786","12,567","3,657","5,490","9,147","21,714","2,661","1,194","25,569","46,657","43,964","45,062"
OREGON,2005,"378,666","180,588","559,254","4,060","14,317","18,377","4,790","5,036","9,826","28,203","1,487","2,514","32,204","52,381","49,914","50,286"
WASHINGTON,2005,"539,325","494,164","1,033,489","4,743","24,532","29,275","11,125","13,170","24,295","53,570","3,343","3,601","60,514","48,833","46,421","46,212"
CONNECTICUT,2011,"389,653","174,628","564,281","4,859","22,972","27,832","5,843","7,790","13,632","41,464","7,588","3,511","52,563","70,821","70,821","70,821"
MAINE,2011,"127,196","58,178","185,374","1,958","9,628","11,586","2,696","2,966","5,662","17,248","1,664","1,255","20,167","48,283","48,283","48,283"
MASSACHUSETTS,2011,"665,300","287,600","952,900","6,751","39,649","46,400","10,144","13,673","23,817","70,217","5,839","3,092","79,148","72,000","72,000","72,000"
NEW HAMPSHIRE,2011,"128,708","62,223","190,931","1,539","9,085","10,625","2,014","2,984","4,998","15,622","3,033",774,"19,430","54,177","54,177","54,177"
RHODE ISLAND,2011,"74,010","63,165","137,175",918,"5,950","6,868","1,522","2,691","4,213","11,081",0,878,"11,959","67,211","62,186","62,186"
VERMONT,2011,"42,105","41,904","84,008",641,"3,989","4,630","2,050","2,222","4,272","8,901","1,178",457,"10,535","58,852","51,306","51,306"
DELAWARE,2011,"70,420","59,497","129,917",456,"3,869","4,324","1,626","2,789","4,416","8,740",588,452,"9,780","61,988","58,800","58,800"
DISTRICT OF COLUMBIA,2011,"49,117","27,959","77,076",673,"3,202","3,875",667,"1,294","1,961","5,835",437,438,"6,710","68,720","68,720","68,720"
MARYLAND,2011,"471,404","382,682","854,086","4,736","30,219","34,955","8,479","15,896","24,375","59,330","6,204","3,569","69,103","65,162","63,634","63,634"
NEW JERSEY,2011,"934,550","427,166","1,361,716","4,961","37,753","42,714","21,578","45,705","67,284","109,998","19,867","6,541","136,406","71,284","68,207","68,207"
NEW YORK,2011,"1,382,817","1,234,739","2,617,556","11,784","87,631","99,415","43,151","81,296","124,447","223,862","3,040","9,525","236,427","74,944","74,449","74,449"
PENNSYLVANIA,2011,"910,876","839,228","1,750,104","10,779","52,176","62,955","25,461","37,486","62,947","125,902","13,595","6,271","145,768","64,164","62,215","62,215"
ALABAMA,2011,"401,755","334,584","736,339","2,404","23,088","25,492","7,649","13,657","21,306","46,798","4,311","2,892","54,001","50,039","47,472","48,601"
ARKANSAS,2011,"248,626","211,875","460,500",796,"14,199","14,995","5,022","10,683","15,705","30,700","2,270","1,826","34,795","50,680","46,959","46,959"
FLORIDA,2011,"1,446,768","1,178,554","2,625,323","9,031","78,925","87,956","26,511","55,252","81,763","169,719","8,683","8,289","186,691","47,575","46,232","46,232"
GEORGIA,2011,"826,630","857,800","1,684,430","7,444","60,962","68,406","14,772","28,916","43,688","112,094","9,018","8,680","129,792","55,409","52,605","53,450"
KENTUCKY,2011,"461,321","197,767","659,089","4,084","25,389","29,473","4,868","6,990","11,858","41,331","3,516","2,545","47,392","51,959","49,568","50,125"
LOUISIANA,2011,"518,802","184,588","703,390","3,446","30,421","33,867","5,538","9,489","15,027","48,894","5,191","5,148","59,233","52,611","50,179","50,179"
MISSISSIPPI,2011,"305,911","184,126","490,037","1,396","17,433","18,829","4,354","8,858","13,212","32,041","2,006","2,229","36,276","44,651","41,646","41,646"
NORTH CAROLINA,2011,"1,004,606","425,401","1,430,007","9,096","58,154","67,250","9,915","17,714","27,629","94,879","8,332","6,970","110,181","46,605","46,605","46,605"
SOUTH CAROLINA,2011,"508,295","213,103","721,398","3,404","28,775","32,179","5,041","9,027","14,068","46,247","4,223","4,123","54,593","50,503","48,176","48,176"
TENNESSEE,2011,"684,850","311,243","996,093","5,940","39,316","45,256","8,013","11,739","19,752","65,008","8,327","3,675","77,010","48,690","46,613","46,613"
VIRGINIA,2011,"781,431","478,903","1,260,334","5,477","57,471","62,948","13,079","29,803","42,882","105,830","14,215","4,587","124,631","51,860","49,560","49,560"
WEST VIRGINIA,2011,"197,428","85,350","282,778","2,274","12,059","14,333","2,303","3,155","5,458","19,791","1,291","1,518","22,600","47,321","45,320","45,320"
ILLINOIS,2011,"1,464,176","638,088","2,102,265","14,439","81,442","95,881","15,397","18,011","33,408","129,289","5,722","8,302","143,313","66,053","66,053","66,053"
INDIANA,2011,"507,104","465,229","972,333","4,503","29,433","33,936","14,800","14,531","29,331","63,266","3,120","5,383","71,769","55,560","51,629","51,629"
MICHIGAN,2011,"844,379","805,299","1,649,678","11,974","37,280","49,254","11,525","35,884","47,409","96,663","13,232","10,020","119,915","68,655","64,879","64,879"
OHIO,2011,"1,249,124","626,368","1,875,491","11,493","58,679","70,172","15,715","23,001","38,716","108,888","19,475","7,929","136,292","59,834","57,528","57,528"
WISCONSIN,2011,"597,336","273,284","870,621","7,232","33,571","40,803","7,849","9,389","17,238","58,041","3,473","2,434","63,948","59,847","55,492","55,492"
IOWA,2011,"278,545","219,133","497,678","3,606","19,599","23,205","4,991","6,418","11,409","34,614","4,238","1,435","40,287","53,294","51,037","51,037"
KANSAS,2011,"339,083","143,713","482,796","2,055","15,050","17,105","9,302","7,924","17,226","34,331","2,667","2,195","39,193","47,782","46,718","46,718"
MINNESOTA,2011,"410,167","395,265","805,432","4,858","21,840","26,698","10,641","15,185","25,826","52,524","1,791","2,889","57,204","59,733","54,959","54,959"
MISSOURI,2011,"617,602","288,153","905,755","2,801","31,371","34,172","11,715","21,498","33,213","67,385","4,234","4,027","75,646","49,934","46,406","46,406"
NEBRASKA,2011,"213,446","87,535","300,981","2,347","14,047","16,394","4,314","5,762","10,076","26,470","2,959","1,231","30,660","48,718","48,718","48,718"
NORTH DAKOTA,2011,"62,324","29,226","91,550",920,"4,682","5,602","1,044","1,376","2,420","8,022",874,399,"9,295","47,738","46,058","46,058"
SOUTH DAKOTA,2011,"87,519","37,262","124,781","1,052","5,552","6,604","1,103","1,577","2,680","9,284",597,413,"10,294","41,367","39,257","41,311"
ARIZONA,2011,"761,661","311,165","1,072,826","6,474","34,746","41,220","7,276","9,809","17,085","58,305","3,127","2,313","63,745","48,691","48,691","48,691"
NEW MEXICO,2011,"182,399","143,769","326,168","2,497","12,169","14,666","2,892","3,705","6,597","21,263","1,560","1,047","23,870","49,284","48,011","48,011"
OKLAHOMA,2011,"391,621","272,517","664,138","3,865","25,124","28,989","5,247","7,090","12,337","41,326","4,926","2,622","48,874","45,934","43,815","44,960"
TEXAS,2011,"2,915,213","2,086,373","5,001,586","18,023","153,371","171,394","59,653","103,899","163,552","334,946","19,188","25,116","379,250","51,810","48,579","49,475"
COLORADO,2011,"438,089","418,561","856,650","3,141","22,130","25,271","8,905","14,302","23,207","48,478","4,561","3,145","56,184","52,618","50,407","50,407"
IDAHO,2011,"159,822","129,665","289,486",969,"7,255","8,223","3,277","4,169","7,446","15,669",765,"1,000","17,434","50,611","48,551","48,551"
MONTANA,2011,"96,380","43,270","139,650","1,245","5,888","7,133","1,596","1,842","3,437","10,570",948,538,"12,056","48,546","48,546","48,546"
UTAH,2011,"341,192","256,206","597,397","1,434","13,344","14,779","4,789","6,760","11,549","26,328","1,544","1,690","29,562","50,322","48,159","48,159"
WYOMING,2011,"49,549","39,445","88,994",560,"3,172","3,732","1,532","1,851","3,383","7,115",583,354,"8,052","59,469","56,934","57,539"
ALASKA,2011,"88,025","39,674","127,699",747,"3,620","4,367","1,712","2,117","3,829","8,196",528,592,"9,316","62,500","61,100","63,750"
CALIFORNIA,2011,"4,201,908","2,002,157","6,204,065","35,386","146,180","181,566","38,301","43,763","82,064","263,630","30,248","21,488","315,366","70,599","69,496","69,496"
HAWAII,2011,"100,151","77,583","177,734",663,"5,092","5,755","2,100","2,996","5,096","10,851","1,191",480,"12,522","56,371","54,268","54,268"
NEVADA,2011,"258,392","211,676","470,068","2,003","12,502","14,504","4,176","6,369","10,545","25,049","3,174","1,456","29,679","55,022","54,559","54,559"
OREGON,2011,"383,100","177,850","560,950","3,834","14,057","17,891","4,699","5,056","9,755","27,646","1,327","2,225","31,198","60,003","57,021","57,984"
WASHINGTON,2011,"556,518","487,610","1,044,128","4,702","25,122","29,824","10,773","13,287","24,060","53,884","3,221","3,535","60,640","57,188","54,193","54,193"
CONNECTICUT,2012,"383,572","171,279","554,851","4,908","23,697","28,605","5,422","7,712","13,134","41,739","7,376","3,265","52,381","69,766","69,766","69,766"
MAINE,2012,"125,788","57,536","183,324","1,741","8,563","10,304","2,397","2,638","5,035","15,339","1,536","1,063","17,938","50,000","48,733","47,177"
MASSACHUSETTS,2012,"665,384","288,602","953,986","6,579","38,637","45,216","9,885","13,324","23,209","68,425","5,497","3,030","76,952","73,129","73,129","73,129"
NEW HAMPSHIRE,2012,"127,271","61,528","188,799","1,539","9,084","10,623","2,014","2,983","4,997","15,620","3,076",794,"19,490","55,599","55,599","55,599"
RHODE ISLAND,2012,"72,427","61,815","134,242",832,"5,392","6,224","1,380","2,439","3,818","10,042",0,894,"10,936","68,821","63,474","63,474"
VERMONT,2012,"41,271","41,074","82,346",647,"4,024","4,671","2,068","2,242","4,310","8,981","1,239",464,"10,685","60,697","52,526","52,526"
DELAWARE,2012,"71,042","60,023","131,065",479,"4,071","4,551","1,712","2,935","4,647","9,197",631,483,"10,311","63,256","59,679","59,679"
DISTRICT OF COLUMBIA,2012,"48,442","27,575","76,017",696,"3,312","4,008",730,"1,418","2,148","6,156",332,470,"6,958","70,906","70,906","70,906"
MARYLAND,2012,"476,670","379,721","856,391","4,738","30,396","35,135","8,365","15,753","24,118","59,252","8,705","4,716","72,674","69,173","65,265","65,265"
NEW JERSEY,2012,"911,297","446,431","1,357,728","5,116","38,931","44,047","22,252","47,131","69,383","113,431","20,195","6,563","140,189","72,990","68,797","68,797"
NEW YORK,2012,"1,368,085","1,221,585","2,589,670","11,353","84,428","95,781","41,574","78,324","119,898","215,678","2,929","9,727","228,334","76,865","75,279","75,279"
PENNSYLVANIA,2012,"904,941","833,759","1,738,700","10,649","51,549","62,198","25,155","37,036","62,190","124,388","14,363","6,299","145,050","65,240","63,521","63,521"
ALABAMA,2012,"400,566","335,039","735,605","2,403","22,447","24,850","7,764","13,686","21,450","46,300","4,219","2,791","53,310","49,875","47,362","48,598"
ARKANSAS,2012,"334,445","138,288","472,733",802,"13,213","14,015","5,713","11,470","17,183","31,198","3,016","1,601","35,815","50,950","46,632","46,632"
FLORIDA,2012,"1,462,923","1,187,754","2,650,677","9,067","79,890","88,957","25,914","54,293","80,207","169,164","8,260","8,407","185,831","48,262","46,944","46,944"
GEORGIA,2012,"832,590","870,168","1,702,758","7,343","58,904","66,247","14,377","28,154","42,531","108,778","8,783","8,737","126,298","55,383","52,533","53,414"
KENTUCKY,2012,"463,601","198,744","662,345","4,166","25,747","29,913","4,977","7,132","12,109","42,022","3,514","2,676","48,212","52,498","50,160","50,735"
LOUISIANA,2012,"522,402","185,869","708,272","3,609","31,861","35,470","5,800","9,938","15,738","51,209","5,315","5,161","61,685","53,960","51,381","51,381"
MISSISSIPPI,2012,"305,448","183,826","489,274","1,467","18,314","19,781","4,574","9,306","13,880","33,661","2,055","2,392","38,108","45,519","41,994","41,994"
NORTH CAROLINA,2012,"1,010,353","425,158","1,435,511","9,198","57,125","66,323","9,777","16,962","26,739","93,062","7,913","6,605","107,580","45,947","45,947","45,947"
SOUTH CAROLINA,2012,"510,099","213,859","723,958","3,631","29,643","33,274","5,137","9,236","14,374","47,648","4,506","4,299","56,453","50,598","47,924","47,924"
TENNESSEE,2012,"687,449","292,357","979,806","6,138","40,077","46,216","8,113","11,788","19,901","66,117","8,996","3,817","78,930","50,607","48,289","48,289"
VIRGINIA,2012,"790,253","477,373","1,267,627","5,461","56,592","62,053","12,682","29,035","41,717","103,770","13,284","4,533","121,587","51,785","49,869","49,869"
WEST VIRGINIA,2012,"199,401","82,818","282,219","2,261","12,112","14,373","2,310","3,158","5,468","19,840","1,290","1,518","22,649","48,507","46,405","46,405"
ILLINOIS,2012,"1,453,127","630,868","2,083,996","14,723","82,173","96,896","15,514","18,324","33,838","130,733","5,893","8,530","145,156","59,113","59,113","59,113"
INDIANA,2012,"566,938","475,080","1,042,018","5,587","29,033","34,620","11,904","17,063","28,967","63,587","3,206","5,993","72,785","51,484","51,456","51,456"
MICHIGAN,2012,"1,043,147","500,426","1,543,573","11,328","35,268","46,596","9,115","28,381","37,496","84,092","8,079","5,792","97,963","61,560","61,560","61,560"
OHIO,2012,"1,243,856","623,726","1,867,582","11,240","57,388","68,629","15,369","22,495","37,864","106,493","18,108","7,818","132,419","61,266","58,092","58,092"
WISCONSIN,2012,"607,148","263,154","870,302","7,132","32,923","40,055","7,567","9,178","16,745","56,800","3,431","2,467","62,698","58,999","55,171","55,171"
IOWA,2012,"281,518","218,519","500,037","3,573","19,507","23,079","4,988","6,428","11,416","34,495","4,408","1,451","40,354","53,886","51,528","51,528"
KANSAS,2012,"341,530","144,750","486,281","2,103","15,402","17,505","9,494","8,089","17,583","35,088","2,189","2,212","39,489","48,759","47,464","47,464"
MINNESOTA,2012,"389,458","453,859","843,318","4,892","21,992","26,883","10,715","15,291","26,006","52,889","2,682","2,033","57,604","61,307","56,268","56,268"
MISSOURI,2012,"618,322","288,489","906,811","2,877","32,225","35,102","11,858","21,761","33,619","68,722","4,223","4,017","76,961","51,228","47,517","47,517"
NEBRASKA,2012,"215,424","87,818","303,242","2,900","18,749","21,649","3,833","5,447","9,280","30,929","1,826","1,072","33,827","48,931","48,931","48,931"
NORTH DAKOTA,2012,"66,561","29,271","95,832",931,"4,737","5,668","1,056","1,392","2,448","8,116",880,404,"9,400","49,159","47,344","47,344"
SOUTH DAKOTA,2012,"89,937","36,861","126,798","1,035","5,423","6,458","1,099","1,563","2,662","9,120",593,399,"10,112","41,264","39,609","39,512"
ARIZONA,2012,"763,911","305,891","1,069,802","6,772","36,343","43,115","7,611","10,260","17,870","60,986","2,970","2,317","66,273","49,885","49,885","49,885"
NEW MEXICO,2012,"188,405","148,204","336,609","2,429","12,159","14,589","2,860","3,860","6,720","21,309","1,314","1,056","23,679","48,885","46,573","46,573"
OKLAHOMA,2012,"396,460","274,430","670,890","3,869","25,673","29,542","5,306","6,921","12,227","41,769","4,805","2,745","49,319","45,994","43,758","45,023"
TEXAS,2012,"2,932,336","2,112,406","5,044,742","16,787","145,053","161,840","55,908","96,141","152,049","313,889","17,606","22,140","353,635","50,901","47,664","48,585"
COLORADO,2012,"445,461","423,158","868,619","3,177","22,519","25,695","9,025","14,520","23,545","49,240","4,860","3,286","57,387","52,147","49,844","49,844"
IDAHO,2012,"162,356","131,721","294,077",996,"7,459","8,455","3,369","4,287","7,656","16,111",772,"1,024","17,907","51,837","49,734","49,734"
MONTANA,2012,"95,812","43,015","138,827","1,259","5,956","7,215","1,614","1,863","3,477","10,692",944,547,"12,183","50,003","49,999","49,999"
UTAH,2012,"348,883","259,650","608,533","1,516","14,101","15,616","5,061","7,143","12,204","27,820","1,602","1,724","31,146","51,572","49,393","49,393"
WYOMING,2012,"50,814","39,701","90,515",596,"3,356","3,952","1,566","1,881","3,447","7,399",518,368,"8,285","60,003","57,517","58,383"
ALASKA,2012,"88,189","39,748","127,937",647,"3,397","4,044","1,888","3,686","5,574","9,618",466,460,"10,544","66,919","64,813","64,674"
CALIFORNIA,2012,"4,188,947","1,995,981","6,184,927","18,546","113,123","131,668","51,060","65,970","117,030","248,699","21,954","18,674","289,327","70,087","69,324","69,324"
HAWAII,2012,"99,986","77,455","177,441",684,"5,255","5,939","2,167","3,092","5,259","11,198","1,461",497,"13,156","55,757","54,300","54,300"
NEVADA,2012,"262,687","215,194","477,881","2,111","13,180","15,291","4,403","6,714","11,117","26,408","3,370","1,560","31,338","56,433","55,957","55,957"
OREGON,2012,"381,722","177,210","558,932","3,859","14,151","18,011","4,730","5,090","9,820","27,830","1,292","2,144","31,266","61,389","58,758","58,758"
WASHINGTON,2012,"562,225","486,869","1,049,094","4,917","25,188","30,105","10,391","12,986","23,377","53,482","3,148","3,524","60,155","56,509","53,571","53,571"
CONNECTICUT,2013,"376,829","168,740","545,569","4,859","23,460","28,319","5,368","7,635","13,003","41,323","7,488","3,271","52,081","70,584","70,584","70,584"
MAINE,2013,"126,653","56,892","183,545","1,703","9,002","10,705","1,976","2,498","4,474","15,179","1,546","1,025","17,750","50,762","49,085","48,702"
MASSACHUSETTS,2013,"667,553","286,773","954,326","6,791","39,886","46,677","10,205","13,755","23,959","70,636","5,924","3,041","79,601","73,736","73,736","73,736"
NEW HAMPSHIRE,2013,"125,771","60,803","186,574","1,543","9,107","10,650","2,019","2,991","5,009","15,659","3,093",798,"19,550","57,026","57,057","57,057"
RHODE ISLAND,2013,"70,728","60,365","131,093",832,"5,392","6,224","1,380","2,439","3,818","10,042",0,895,"10,937","70,411","64,696","64,696"
VERMONT,2013,"40,412","40,219","80,631",646,"4,022","4,668","2,067","2,240","4,307","8,976","1,270",468,"10,714","55,265","53,656","53,656"
DELAWARE,2013,"71,909","60,755","132,664",488,"4,146","4,634","1,743","2,989","4,732","9,366",658,480,"10,505","64,338","60,571","60,571"
DISTRICT OF COLUMBIA,2013,"48,905","27,839","76,744",705,"3,354","4,058",740,"1,435","2,175","6,233",332,470,"7,035","73,162","73,162","73,162"
MARYLAND,2013,"481,505","381,305","862,810","4,698","30,115","34,813","8,214","15,317","23,531","58,344","8,677","4,286","71,307","69,249","64,868","64,868"
NEW JERSEY,2013,"907,452","444,547","1,352,000","5,131","39,044","44,175","22,316","47,268","69,584","113,759","20,288","6,586","140,633","74,625","70,060","70,060"
NEW YORK,2013,"1,354,900","1,209,812","2,564,711","11,083","82,415","93,497","40,582","76,457","117,039","210,536","2,905","9,731","223,173","78,835","76,533","76,533"
PENNSYLVANIA,2013,"898,237","827,583","1,725,820","10,387","50,278","60,665","24,535","36,123","60,657","121,322","13,000","5,600","139,922","65,956","64,072","64,072"
ALABAMA,2013,"400,275","334,796","735,071","2,325","21,723","24,049","7,514","13,245","20,758","44,807","3,909","2,741","51,456","50,604","48,413","48,413"
ARKANSAS,2013,"334,521","140,185","474,706",807,"13,179","13,986","5,821","11,557","17,378","31,364","3,227","1,536","36,127","50,398","46,950","46,950"
FLORIDA,2013,"1,480,427","1,206,449","2,686,876","9,061","80,313","89,374","26,197","54,477","80,674","170,048","8,180","8,531","186,759","48,050","46,691","46,691"
GEORGIA,2013,"841,150","882,289","1,723,439","7,339","59,010","66,349","14,443","28,050","42,493","108,842","8,697","8,593","126,132","55,420","52,511","53,560"
KENTUCKY,2013,"306,580","340,144","646,724","4,163","25,757","29,920","5,032","7,141","12,173","42,093","3,549","2,702","48,344","53,022","50,562","51,056"
LOUISIANA,2013,"527,058","187,525","714,583","3,625","32,001","35,626","5,826","9,982","15,807","51,433","5,364","5,466","62,263","55,342","52,237","52,237"
MISSISSIPPI,2013,"309,047","183,034","492,082","1,435","17,569","19,004","4,481","8,905","13,385","32,389","2,053","1,810","36,252","43,918","42,187","42,187"
NORTH CAROLINA,2013,"1,057,708","443,635","1,501,343","9,682","60,577","70,259","10,219","18,380","28,599","98,858","8,572","7,502","114,932","45,355","45,355","45,355"
SOUTH CAROLINA,2013,"499,268","202,835","702,103","3,667","29,168","32,836","5,074","9,160","14,233","47,069","4,240","4,282","55,591","51,441","48,425","48,425"
TENNESSEE,2013,"688,688","292,884","981,573","6,127","40,003","46,130","8,098","11,766","19,864","65,994","8,975","3,864","78,832","50,355","48,049","48,049"
VIRGINIA,2013,"798,629","475,437","1,274,066","5,425","56,215","61,640","12,319","28,204","40,523","102,163","13,134","4,534","119,831","51,490","49,233","49,233"
WEST VIRGINIA,2013,"198,028","84,347","282,375","2,281","12,080","14,361","2,298","3,106","5,404","19,765","1,286","1,518","22,569","48,298","45,583","45,583"
ILLINOIS,2013,"1,447,000","628,208","2,075,209","14,545","81,177","95,722","15,326","18,102","33,428","129,150","5,855","8,728","143,733","60,098","60,098","60,098"
INDIANA,2013,"566,028","474,317","1,040,345","5,603","29,118","34,721","11,939","17,113","29,052","63,773","3,216","6,210","73,199","50,942","50,644","50,644"
MICHIGAN,2013,"1,003,301","481,311","1,484,612","11,328","35,268","46,596","9,115","28,381","37,496","84,092","8,079","5,792","97,963","62,141","61,866","61,866"
OHIO,2013,"1,238,007","620,793","1,858,801","11,441","58,411","69,852","15,643","22,896","38,539","108,391","18,176","7,766","134,333","62,473","57,270","57,270"
WISCONSIN,2013,"604,763","264,810","869,574","7,023","32,441","39,465","7,437","9,026","16,462","55,927","3,263","2,390","61,580","58,847","54,717","54,717"
IOWA,2013,"285,083","218,516","503,599","3,644","19,563","23,207","4,825","6,314","11,139","34,346","3,960","1,433","39,739","54,196","51,662","51,662"
KANSAS,2013,"343,210","145,462","488,671","2,082","15,251","17,333","9,401","8,010","17,411","34,744","1,784","2,157","38,686","49,571","48,221","48,221"
MINNESOTA,2013,"389,776","454,230","844,006","4,892","21,992","26,883","10,715","15,291","26,006","52,889","2,837","1,909","57,634","62,891","57,230","57,230"
MISSOURI,2013,"619,182","288,891","908,072","2,888","32,349","35,237","11,904","21,845","33,748","68,985","4,208","3,997","77,190","52,498","48,309","48,309"
NEBRASKA,2013,"217,666","88,732","306,398","2,932","18,953","21,884","3,875","5,506","9,381","31,265","1,838",985,"34,088","49,545","49,545","49,545"
NORTH DAKOTA,2013,"69,342","30,156","99,498",944,"4,807","5,751","1,072","1,413","2,484","8,235",886,407,"9,529","50,622","48,666","48,666"
SOUTH DAKOTA,2013,"91,443","36,851","128,294","1,052","5,611","6,663","1,084","1,581","2,665","9,328",604,410,"10,342","41,649","39,928","40,259"
ARIZONA,2013,"769,788","308,244","1,078,033","6,942","37,254","44,196","7,801","10,517","18,318","62,515","2,896","2,308","67,719","51,109","51,109","51,109"
NEW MEXICO,2013,"186,863","147,978","334,841","2,653","12,445","15,098","2,900","4,277","7,177","22,275","1,098","1,061","24,434","48,209","45,727","45,727"
OKLAHOMA,2013,"402,198","277,843","680,041","3,886","25,929","29,815","5,299","6,868","12,167","41,982","4,677","2,809","49,468","46,198","43,875","45,260"
TEXAS,2013,"2,971,467","2,169,682","5,141,149","17,790","152,151","169,941","58,962","101,919","160,881","330,822","18,085","24,872","373,779","52,191","48,775","49,793"
COLORADO,2013,"451,329","428,732","880,061","3,180","22,539","25,718","9,033","14,533","23,566","49,284","4,924","3,310","57,518","53,039","50,651","50,651"
IDAHO,2013,"165,031","133,891","298,921","1,010","7,563","8,573","3,416","4,346","7,763","16,335",773,"1,025","18,133","53,088","50,945","50,945"
MONTANA,2013,"100,576","41,988","142,564","1,266","5,988","7,254","1,623","1,873","3,496","10,750",936,551,"12,238","51,494","49,893","49,893"
UTAH,2013,"345,705","266,690","612,395","1,559","14,502","16,061","5,205","7,346","12,551","28,612","1,408","1,622","31,642","52,806","50,659","50,659"
WYOMING,2013,"52,146","40,334","92,480",610,"3,366","3,976","1,566","1,900","3,466","7,442",476,379,"8,297","60,023","57,344","58,560"
ALASKA,2013,"87,956","39,643","127,599",596,"3,129","3,725","1,739","3,395","5,134","8,858",462,460,"9,781","68,063","66,739","66,739"
CALIFORNIA,2013,"4,178,340","1,990,927","6,169,267","17,472","106,572","124,044","48,103","62,150","110,253","234,297","19,708","17,874","271,879","71,285","70,126","70,126"
HAWAII,2013,"99,870","77,365","177,235",677,"5,200","5,877","2,144","3,060","5,204","11,081","1,283",488,"12,852","58,524","56,291","56,291"
NEVADA,2013,"269,045","220,403","489,448","2,171","13,556","15,727","4,528","6,906","11,434","27,161","3,513","1,619","32,293","57,879","57,391","57,391"
OREGON,2013,"384,247","177,671","561,918","3,741","13,457","17,198","4,055","4,123","8,179","25,377","1,112","2,140","28,630","61,492","58,572","58,572"
WASHINGTON,2013,"565,471","487,158","1,052,629","4,459","24,704","29,163","10,665","13,403","24,068","53,230","3,085","3,550","59,865","56,182","52,236","52,236"
CONNECTICUT,2014,"372,039","166,595","538,634","4,831","23,328","28,159","5,338","7,592","12,930","41,089","7,525","3,266","51,879","71,709","71,709","71,709"
MAINE,2014,"125,516","56,381","181,897","1,645","8,694","10,339","1,908","2,413","4,321","14,660","1,504","1,025","17,189","51,572","50,017","50,017"
MASSACHUSETTS,2014,"666,173","287,475","953,648","6,706","39,800","46,507","10,040","13,854","23,893","70,400","5,919","2,982","79,301","74,805","74,805","74,805"
NEW HAMPSHIRE,2014,"124,023","59,958","183,981","1,547","9,130","10,677","2,024","2,998","5,022","15,699","3,132",803,"19,633","58,554","58,554","58,554"
RHODE ISLAND,2014,"68,791","58,712","127,503",812,"5,260","6,072","1,346","2,379","3,725","9,797",0,895,"10,692","72,017","65,918","65,918"
VERMONT,2014,"38,142","37,960","76,102",550,"3,422","3,972","1,759","1,906","3,665","7,636","1,302",472,"9,410","57,642","57,642","57,642"
DELAWARE,2014,"72,673","61,401","134,074",457,"4,011","4,468","1,717","2,877","4,594","9,062",688,484,"10,233","65,364","59,195","59,195"
DISTRICT OF COLUMBIA,2014,"48,959","27,870","76,829",715,"3,405","4,120",751,"1,457","2,208","6,328",332,470,"7,130","75,490","75,490","75,490"
MARYLAND,2014,"490,185","378,801","868,986","4,711","30,466","35,177","8,138","15,140","23,279","58,456","8,792","4,270","71,518","69,136","64,845","64,845"
NEW JERSEY,2014,"904,208","442,958","1,347,166","11,660","64,195","75,856","14,616","22,498","37,114","112,970","1,787","6,586","121,343","72,220","69,038","69,038"
NEW YORK,2014,"1,341,272","1,197,643","2,538,915","10,515","78,195","88,711","38,505","72,543","111,047","199,758","2,905","9,725","212,388","80,740","77,628","77,628"
PENNSYLVANIA,2014,"890,767","820,700","1,711,467","10,136","49,066","59,202","23,943","35,252","59,195","118,397","15,754","7,026","141,176","66,555","64,717","64,717"
ALABAMA,2014,"399,286","334,665","733,951","2,392","22,048","24,440","7,689","13,395","21,084","45,524","4,001","2,784","52,310","51,518","49,497","49,497"
ARKANSAS,2014,"335,279","140,503","475,782",798,"13,105","13,903","5,889","11,558","17,448","31,351","3,401","1,738","36,490","51,539","48,017","48,017"
FLORIDA,2014,"1,500,723","1,220,736","2,721,459","9,112","80,672","89,784","26,041","54,460","80,501","170,285","8,183","8,365","186,833","50,476","48,992","48,992"
GEORGIA,2014,"849,941","894,299","1,744,240","7,552","60,361","67,913","14,588","28,298","42,886","110,799","8,945","8,791","128,535","55,927","52,906","54,134"
KENTUCKY,2014,"324,396","360,780","685,176","4,184","25,115","29,299","4,969","6,963","11,932","41,231","3,489","2,717","47,437","53,501","50,926","51,501"
LOUISIANA,2014,"531,391","189,067","720,458","3,194","28,199","31,393","5,133","8,796","13,929","45,322","5,377","5,741","56,441","56,417","47,886","47,886"
MISSISSIPPI,2014,"309,171","183,108","492,279","1,418","17,364","18,782","4,429","8,801","13,230","32,012","2,101","1,810","35,923","44,057","42,564","42,564"
NORTH CAROLINA,2014,"1,010,169","432,994","1,443,163","9,313","57,976","67,289","9,816","17,985","27,801","95,090","8,473","7,213","110,776","47,783","47,783","47,783"
SOUTH CAROLINA,2014,"507,774","210,548","718,322","3,744","29,439","33,184","5,159","9,131","14,290","47,474","4,224","4,459","56,157","51,315","48,709","48,709"
TENNESSEE,2014,"678,595","282,109","960,704","6,173","39,658","45,830","7,986","11,646","19,632","65,462","8,835","3,846","78,143","50,495","48,503","48,503"
VIRGINIA,2014,"804,805","474,739","1,279,544","5,392","55,879","61,271","12,197","27,925","40,122","101,394","12,164","4,482","118,039","52,569","50,620","50,620"
WEST VIRGINIA,2014,"197,999","83,440","281,439","2,287","12,029","14,316","2,306","3,075","5,381","19,697","1,254","1,528","22,479","47,651","45,647","45,647"
ILLINOIS,2014,"1,441,670","625,894","2,067,564","14,277","79,682","93,958","15,043","17,768","32,812","126,770","5,818","8,619","141,207","61,083","61,083","61,083"
INDIANA,2014,"550,468","478,186","1,028,654","4,680","27,284","31,964","11,650","16,955","28,605","60,569","3,347","5,741","69,657","50,502","50,502","50,502"
MICHIGAN,2014,"992,902","476,322","1,469,224","9,404","29,280","38,684","7,567","23,562","31,129","69,813","8,079","5,292","83,184","62,778","62,778","62,778"
OHIO,2014,"1,236,837","605,985","1,842,822","11,364","57,219","68,582","15,589","23,213","38,802","107,384","17,144","7,246","131,774","58,218","56,172","56,172"
WISCONSIN,2014,"609,224","264,543","873,767","7,088","32,350","39,437","7,301","8,886","16,187","55,624","3,250","2,378","61,251","58,518","54,535","54,535"
IOWA,2014,"287,853","218,936","506,789","3,737","19,639","23,376","4,772","6,334","11,106","34,481","4,841","1,411","40,733","53,930","52,862","52,862"
KANSAS,2014,"344,347","145,944","490,291","2,077","15,217","17,294","9,380","7,991","17,372","34,666","1,728","2,115","38,508","50,383","48,990","48,990"
MINNESOTA,2014,"390,783","455,403","846,186","5,135","23,085","28,220","11,247","16,051","27,298","55,518","2,960","1,826","60,304","64,517","56,670","56,670"
MISSOURI,2014,"619,989","289,267","909,257","2,832","31,721","34,553","11,673","21,421","33,094","67,647","4,223","4,022","75,892","49,602","47,394","47,394"
NEBRASKA,2014,"222,669","89,612","312,281","2,648","13,380","16,028","3,645","4,721","8,366","24,394","1,843","1,194","27,431","50,463","50,401","50,276"
NORTH DAKOTA,2014,"70,673","30,735","101,408",956,"4,864","5,820","1,085","1,430","2,514","8,334",894,410,"9,637","52,128","50,025","50,025"
SOUTH DAKOTA,2014,"92,514","37,283","129,797","1,054","5,620","6,674","1,086","1,584","2,669","9,343",637,409,"10,389","42,313","40,661","40,661"
ARIZONA,2014,"762,761","305,431","1,068,192","6,650","35,687","42,337","7,473","10,074","17,547","59,884","2,824","2,312","65,020","45,406","45,406","45,406"
NEW MEXICO,2014,"187,413","146,397","333,810","2,650","12,370","15,019","2,860","4,185","7,046","22,065","1,412","1,084","24,561","48,023","46,003","46,003"
OKLAHOMA,2014,"406,017","281,230","687,247","3,912","26,135","30,047","5,237","6,743","11,980","42,027","4,576","2,859","49,462","46,614","44,245","45,586"
TEXAS,2014,"2,997,020","2,217,112","5,214,132","18,494","156,725","175,219","61,269","105,375","166,644","341,863","19,184","26,527","387,574","53,635","50,046","51,133"
COLORADO,2014,"438,753","448,201","886,954","3,654","24,897","28,551","9,646","15,464","25,110","53,661","5,310","4,272","63,243","52,287","49,828","49,828"
IDAHO,2014,"167,364","135,784","303,148",950,"7,117","8,068","3,215","4,090","7,305","15,373",772,"1,026","17,171","54,289","45,218","45,218"
MONTANA,2014,"101,015","42,171","143,186","1,272","6,015","7,287","1,630","1,882","3,512","10,799",931,555,"12,285","52,966","50,819","50,819"
UTAH,2014,"349,382","272,771","622,153","1,533","13,671","15,204","5,235","6,898","12,133","27,337","3,185","1,432","31,954","54,057","45,848","45,848"
WYOMING,2014,"53,118","40,513","93,631",638,"3,453","4,091","1,570","1,904","3,474","7,565",468,382,"8,415","59,833","57,079","58,464"
ALASKA,2014,"87,544","39,457","127,001",522,"2,740","3,262","1,523","2,974","4,497","7,759",439,460,"8,658","69,149","66,755","66,755"
CALIFORNIA,2014,"4,274,200","1,955,833","6,230,033","34,865","150,099","184,964","40,617","50,937","91,554","276,518","21,681","13,246","311,445","72,535","72,535","72,535"
HAWAII,2014,"100,451","77,795","178,246",669,"5,141","5,811","2,120","3,025","5,145","10,956","1,122",479,"12,557","59,457","57,189","57,189"
NEVADA,2014,"272,911","223,569","496,480","2,235","13,955","16,191","4,662","7,110","11,771","27,962","3,630","1,673","33,265","59,362","56,703","56,703"
OREGON,2014,"388,697","178,686","567,383","4,022","14,596","18,618","4,372","4,473","8,845","27,463","1,144","2,125","30,732","62,869","59,474","60,520"
WASHINGTON,2014,"574,188","489,944","1,064,132","4,439","25,325","29,763","10,585","13,437","24,023","53,786","3,120","3,640","60,546","57,022","53,714","53,714"
