State,Year,Secondary Teachers [State],Pupil/Teacher Ratio [State],Full-Time Equivalent (FTE) Teachers [State],Grade 9 Dropouts [State],Grade 10 Dropouts [State],Grade 11 Dropouts [State],Grade 12 Dropouts [State],Grades 9-12 Dropouts [State]
ALABAMA,2013-14,14133.06,15.82,47161.77,864,1128,1048,862,3902
ALABAMA,2012-13,21449.7,14.35,51877.22,865,900,829,698,3292
ALABAMA,2011-12,20759.19,15.6,47722.67,1256,1335,1221,842,4654
ALABAMA,2010-11,21306.38,15.31,49363.24,1216,1409,1256,1097,4978
ALABAMA,2009-10,20417,15.77,47492,1263,1461,1358,1267,5349
ALABAMA,2008-09,20625,15.6,47818,1500,1645,1497,1283,5925
ALABAMA,2007-08,21334,14.7,50420,1591,1864,1886,1501,6842
ALABAMA,2006-07,21749,13.2,56134,1705,1923,1946,1493,7067
ALABAMA,2005-06,14409,12.8,57757,1929,1963,1952,1568,7412
ALABAMA,2004-05,14264,14.2,51594,2044,2267,2170,1757,8238
ALABAMA,2003-04,19918,12.6,58070,,,,,
ALABAMA,2002-03,19459,15.7,47115,,,,,
ALABAMA,2001-02,19298,15.8,46785,,,,,
ALABAMA,2000-01,20267,15.4,48194,,,,,
ALABAMA,1999-00,20708,15.2,48624,,,,,
ALABAMA,1998-99,21023,15.7,47766,,,,,
ALABAMA,1997-98,20185,16.3,45967,,,,,
ALABAMA,1996-97,19642,,45035,,,,,
ALABAMA,1995-96,19121,,44056,,,,,
ALABAMA,1994-95,18423,,42791,,,,,
ALABAMA,1993-94,19073,,43003,,,,,
ALABAMA,1992-93,18526,,41961,,,,,
ALABAMA,1991-92,17542,,40480,,,,,
ALABAMA,1990-91,14820,,36266,,,,,
ALABAMA,1989-90,17717,,39928,,,,,
ALABAMA,1988-89,17722,,38845,,,,,
ALABAMA,1987-88,17477,,37716,,,,,
ALABAMA,1986-87,15772,,36971,,,,,
ALASKA,2013-14,3643.25,16.58,7898.26,404,551,1014,851,2820
ALASKA,2012-13,3491.17,17.12,7682.18,392,554,1032,926,2904
ALASKA,2011-12,3778.52,16.22,8087.87,455,607,940,1038,3040
ALASKA,2010-11,2830.2,16.17,8170.64,525,712,891,961,3089
ALASKA,2009-10,3819.2,16.29,8083.1,546,823,897,1081,3347
ALASKA,2008-09,3816,16.5,7927,804,815,827,903,3349
ALASKA,2007-08,3716,17.2,7613,764,817,665,568,2814
ALASKA,2006-07,3776,16.8,7903,892,874,748,531,3045
ALASKA,2005-06,2304,16.8,7912,837,882,785,705,3209
ALASKA,2004-05,2388,17.1,7756,759,849,754,815,3177
ALASKA,2003-04,2329,17.2,7808,,,,,
ALASKA,2002-03,2825,16.6,8080,,,,,
ALASKA,2001-02,2842,16.7,8026,,,,,
ALASKA,2000-01,2765,16.9,7880,,,,,
ALASKA,1999-00,2567,17.1,7838,,,,,
ALASKA,1998-99,2932,16.7,8118,,,,,
ALASKA,1997-98,2769,17.3,7625,,,,,
ALASKA,1996-97,2612,,7418,,,,,
ALASKA,1995-96,2599,,7379,,,,,
ALASKA,1994-95,2539,,7205,,,,,
ALASKA,1993-94,2491,,7193,,,,,
ALASKA,1992-93,2136,,7282,,,,,
ALASKA,1991-92,2019,,7118,,,,,
ALASKA,1990-91,2038,,6710,,,,,
ALASKA,1989-90,2021,,6492,,,,,
ALASKA,1988-89,2263,,6272,,,,,
ALASKA,1987-88,2990,,6113,,,,,
ALASKA,1986-87,3924,,6448,,,,,
ARIZONA,2013-14,14468.32,22.8,48358.73,4207,4594,5269,10795,24865
ARIZONA,2012-13,14618.52,22.29,48866.42,6684,5082,5976,8431,26173
ARIZONA,2011-12,14741.82,21.27,50800.15,3538,4141,5108,8247,21034
ARIZONA,2010-11,14842.77,21.42,50030.62,3951,4496,5434,9307,23188
ARIZONA,2009-10,14938.9,20.75,51947.23,4020,4715,5507,8743,22573
ARIZONA,2008-09,15619,19.9,54696,3783,4544,4860,6793,19980
ARIZONA,2007-08,15225,20.1,54032,4726,4913,4926,5968,20533
ARIZONA,2006-07,14832,20.3,52625,6144,5532,5320,6246,23242
ARIZONA,2005-06,14705,21.3,51376,7243,6583,5852,6636,26314
ARIZONA,2004-05,14412,21.3,48935,7892,6448,5773,5519,25632
ARIZONA,2003-04,13459,21.3,47507,,,,,
ARIZONA,2002-03,13292,19.9,47101,,,,,
ARIZONA,2001-02,13033,20,46015,,,,,
ARIZONA,2000-01,12522,19.8,44438,,,,,
ARIZONA,1999-00,12403,19.4,43892,,,,,
ARIZONA,1998-99,11623,20,42352,,,,,
ARIZONA,1997-98,11403,19.8,41129,,,,,
ARIZONA,1996-97,10940,,40521,,,,,
ARIZONA,1995-96,10499,,38017,,,,,
ARIZONA,1994-95,10537,,38132,,,,,
ARIZONA,1993-94,10305,,37493,,,,,
ARIZONA,1992-93,9825,,36076,,,,,
ARIZONA,1991-92,8696,,33978,,,,,
ARIZONA,1990-91,8517,,32987,,,,,
ARIZONA,1989-90,8676,,32134,,,,,
ARIZONA,1988-89,8744,,31617,,,,,
ARIZONA,1987-88,8385,,30707,,,,,
ARIZONA,1986-87,8021,,29104,,,,,
ARKANSAS,2013-14,14216.47,14.03,34933.04,720,1130,1427,1613,4892
ARKANSAS,2012-13,13928.81,14.24,34131.42,872,1330,1739,1699,5641
ARKANSAS,2011-12,13974.33,14.22,33982.96,1076,1561,1922,1933,6492
ARKANSAS,2010-11,14076.52,14.07,34272.8,1111,1486,1889,1970,6456
ARKANSAS,2009-10,14577,12.9,37240,691,1115,1334,1146,4285
ARKANSAS,2008-09,14525,12.9,37162,925,1427,1691,1802,5845
ARKANSAS,2007-08,13520,14.1,33882,1058,1508,1898,1772,6236
ARKANSAS,2006-07,15983,13.6,35089,912,1450,1942,1787,6091
ARKANSAS,2005-06,16778,14.4,32997,1296,1605,2137,1888,6926
ARKANSAS,2004-05,15387,14.8,31234,1226,1707,2135,1919,6987
ARKANSAS,2003-04,15499,14.7,30876,,,,,
ARKANSAS,2002-03,15182,14.9,30330,,,,,
ARKANSAS,2001-02,15678,13.6,33079,,,,,
ARKANSAS,2000-01,13665,14.1,31947,,,,,
ARKANSAS,1999-00,13054,14.4,31362,,,,,
ARKANSAS,1998-99,12668,16.2,27953,,,,,
ARKANSAS,1997-98,12706,17,26931,,,,,
ARKANSAS,1996-97,12399,,26681,,,,,
ARKANSAS,1995-96,12370,,26449,,,,,
ARKANSAS,1994-95,12160,,26181,,,,,
ARKANSAS,1993-94,12208,,26014,,,,,
ARKANSAS,1992-93,12251,,26017,,,,,
ARKANSAS,1991-92,12207,,25785,,,,,
ARKANSAS,1990-91,12446,,25984,,,,,
ARKANSAS,1989-90,12242,,25585,,,,,
ARKANSAS,1988-89,12821,,27730,,,,,
ARKANSAS,1987-88,12106,,25572,,,,,
ARKANSAS,1986-87,12204,,24944,,,,,
CALIFORNIA,2013-14,80911.37,24.33,259505.79,13849,15518,20625,42587,92874
CALIFORNIA,2012-13,87674.54,23.66,266254.85,13479,15275,20057,52377,101188
CALIFORNIA,2011-12,85726.94,23.4,268688.93,13316,15150,19468,50129,98230
CALIFORNIA,2010-11,84198.5,24.12,260806.3,17369,18207,22044,51103,108723
CALIFORNIA,2009-10,93616.08,19.8,316298.58,12697,11823,13704,34054,72277
CALIFORNIA,2008-09,88190,20.8,303647,11809,11050,12530,25135,60524
CALIFORNIA,2007-08,86030,20.8,305371,12282,12811,13059,24134,62286
CALIFORNIA,2006-07,85106,20.8,307366,13226,13289,13747,18783,59045
CALIFORNIA,2005-06,83953,20.8,309222,–,–,–,–,†
CALIFORNIA,2004-05,81096,21.1,305969,–,–,–,–,†
CALIFORNIA,2003-04,78462,21.1,304311,,,,,
CALIFORNIA,2002-03,80551,20.6,307764,,,,,
CALIFORNIA,2001-02,77488,20.5,304203,,,,,
CALIFORNIA,2000-01,76098,20.6,298021,,,,,
CALIFORNIA,1999-00,68292,21,287433,,,,,
CALIFORNIA,1998-99,65483,21,281784,,,,,
CALIFORNIA,1997-98,66388,21.6,268535,,,,,
CALIFORNIA,1996-97,63609,,248818,,,,,
CALIFORNIA,1995-96,60743,,230849,,,,,
CALIFORNIA,1994-95,58586,,225016,,,,,
CALIFORNIA,1993-94,56384,,221787,,,,,
CALIFORNIA,1992-93,55121,,218566,,,,,
CALIFORNIA,1991-92,58900,,224000,,,,,
CALIFORNIA,1990-91,56801,,217228,,,,,
CALIFORNIA,1989-90,56258,,212687,,,,,
CALIFORNIA,1988-89,54883,,203342,,,,,
CALIFORNIA,1987-88,56195,,195864,,,,,
CALIFORNIA,1986-87,75374,,190484,,,,,
COLORADO,2013-14,21350.05,17.48,50157.36,1957,2216,3045,5673,12891
COLORADO,2012-13,20889.24,17.65,48921.79,2584,2721,3649,5617,14571
COLORADO,2011-12,20421.29,17.77,48077.76,2469,2915,4067,5668,15119
COLORADO,2010-11,20572.19,17.37,48542.99,3466,3846,3982,4971,16265
COLORADO,2009-10,20989.33,16.97,49060.32,3621,4417,4628,5237,17903
COLORADO,2008-09,21013,16.8,48692,3942,4147,4347,5061,17497
COLORADO,2007-08,20814,16.8,47761,2422,2898,3095,3548,11963
COLORADO,2006-07,23175,16.9,46973,1721,1820,2038,2094,7673
COLORADO,2005-06,22628,17,45841,–,–,–,–,†
COLORADO,2004-05,22561,17,45165,–,–,–,–,†
COLORADO,2003-04,22219,16.9,44904,,,,,
COLORADO,2002-03,22186,16.6,45401,,,,,
COLORADO,2001-02,21601,16.8,44182,,,,,
COLORADO,2000-01,20574,17.3,41983,,,,,
COLORADO,1999-00,20139,17.4,40772,,,,,
COLORADO,1998-99,19056,17.7,39434,,,,,
COLORADO,1997-98,18526,18.2,37840,,,,,
COLORADO,1996-97,17775,,36398,,,,,
COLORADO,1995-96,17390,,35388,,,,,
COLORADO,1994-95,16886,,34894,,,,,
COLORADO,1993-94,16222,,33661,,,,,
COLORADO,1992-93,16134,,33419,,,,,
COLORADO,1991-92,16158,,33093,,,,,
COLORADO,1990-91,15839,,32342,,,,,
COLORADO,1989-90,15797,,31954,,,,,
COLORADO,1988-89,15629,,31398,,,,,
COLORADO,1987-88,15662,,31168,,,,,
COLORADO,1986-87,15010,,30704,,,,,
CONNECTICUT,2013-14,13267.57,12.57,43443.09,1316,1127,1452,1299,5194
CONNECTICUT,2012-13,13364.93,12.54,43931.33,1271,1233,1413,1475,5392
CONNECTICUT,2011-12,13310.06,12.66,43804.81,1233,1271,1296,1106,4906
CONNECTICUT,2010-11,14029.53,13.05,42951.39,894,951,1040,752,3637
CONNECTICUT,2009-10,14236.25,12.94,43592.83,839,793,901,677,3210
CONNECTICUT,2008-09,15602,11.7,48463,–,790,906,744,2440
CONNECTICUT,2007-08,12259,14.5,39304,†,767,835,715,2317
CONNECTICUT,2006-07,12126,14.7,39115,857,954,935,733,3479
CONNECTICUT,2005-06,12177,14.5,39687,1072,1052,1071,902,4097
CONNECTICUT,2004-05,12003,14.9,38808,1316,1215,1198,920,4649
CONNECTICUT,2003-04,13036,13.6,42370,,,,,
CONNECTICUT,2002-03,12575,13.5,42296,,,,,
CONNECTICUT,2001-02,12305,13.7,41773,,,,,
CONNECTICUT,2000-01,11944,13.7,41044,,,,,
CONNECTICUT,1999-00,11487,13.9,39907,,,,,
CONNECTICUT,1998-99,11284,14,38772,,,,,
CONNECTICUT,1997-98,11067,14.2,37658,,,,,
CONNECTICUT,1996-97,10812,,36551,,,,,
CONNECTICUT,1995-96,9445,,36070,,,,,
CONNECTICUT,1994-95,9340,,35316,,,,,
CONNECTICUT,1993-94,9345,,34526,,,,,
CONNECTICUT,1992-93,12552,,34193,,,,,
CONNECTICUT,1991-92,13055,,34383,,,,,
CONNECTICUT,1990-91,13594,,34785,,,,,
CONNECTICUT,1989-90,13599,,34618,,,,,
CONNECTICUT,1988-89,16775,,35502,,,,,
CONNECTICUT,1987-88,16900,,35050,,,,,
CONNECTICUT,1986-87,16729,,34252,,,,,
DELAWARE,2013-14,4605.78,14.03,9388.06,546,386,299,288,1519
DELAWARE,2012-13,4596,13.94,9257,717,526,384,360,1987
DELAWARE,2011-12,4332,15.02,8587.21,710,622,422,458,2212
DELAWARE,2010-11,4476,14.49,8933,757,561,371,331,2020
DELAWARE,2009-10,4377.88,14.68,8639.58,751,526,417,300,1994
DELAWARE,2008-09,4229,15.1,8322,807,469,348,259,1883
DELAWARE,2007-08,4088,15,8198,785,557,439,327,2108
DELAWARE,2006-07,4057,15.2,8038,761,467,352,282,1862
DELAWARE,2005-06,3990,15.1,7998,838,548,394,339,2119
DELAWARE,2004-05,3942,15.2,7856,522,410,265,223,1420
DELAWARE,2003-04,3902,15.2,7749,,,,,
DELAWARE,2002-03,3857,15.1,7698,,,,,
DELAWARE,2001-02,3793,15.3,7571,,,,,
DELAWARE,2000-01,3688,15.4,7469,,,,,
DELAWARE,1999-00,3622,15.4,7318,,,,,
DELAWARE,1998-99,3522,16,7074,,,,,
DELAWARE,1997-98,3488,16.3,6850,,,,,
DELAWARE,1996-97,3364,,6642,,,,,
DELAWARE,1995-96,3258,,6463,,,,,
DELAWARE,1994-95,3201,,6416,,,,,
DELAWARE,1993-94,3121,,6380,,,,,
DELAWARE,1992-93,3042,,6252,,,,,
DELAWARE,1991-92,2965,,6095,,,,,
DELAWARE,1990-91,2941,,5961,,,,,
DELAWARE,1989-90,2950,,5982,,,,,
DELAWARE,1988-89,2962,,5898,,,,,
DELAWARE,1987-88,3044,,5951,,,,,
DELAWARE,1986-87,3046,,5883,,,,,
DISTRICT OF COLUMBIA,2013-14,1725.91,13.04,5991.43,501,262,153,133,1240
DISTRICT OF COLUMBIA,2012-13,2295.09,12.85,5925.1,510,258,157,138,1246
DISTRICT OF COLUMBIA,2011-12,1929.59,11.77,6278.06,436,314,226,199,1175
DISTRICT OF COLUMBIA,2010-11,2049.12,12.03,5925.33,512,346,258,226,1342
DISTRICT OF COLUMBIA,2009-10,2124,11.86,5854,–,–,–,–,–
DISTRICT OF COLUMBIA,2008-09,2263,12.9,5321,–,–,–,–,†
DISTRICT OF COLUMBIA,2007-08,2619,12.4,6347,†,†,†,†,†
DISTRICT OF COLUMBIA,2006-07,2271,13.5,5383,–,–,–,–,†
DISTRICT OF COLUMBIA,2005-06,2316,14,5481,–,–,–,–,†
DISTRICT OF COLUMBIA,2004-05,2286,14.2,5387,–,–,–,–,†
DISTRICT OF COLUMBIA,2003-04,1856,13.8,5676,,,,,
DISTRICT OF COLUMBIA,2002-03,1618,15.2,5005,,,,,
DISTRICT OF COLUMBIA,2001-02,1599,13.8,4951,,,,,
DISTRICT OF COLUMBIA,2000-01,1248,13.9,4949,,,,,
DISTRICT OF COLUMBIA,1999-00,1884,16,4812,,,,,
DISTRICT OF COLUMBIA,1998-99,1974,13.9,5187,,,,,
DISTRICT OF COLUMBIA,1997-98,1820,17.6,4388,,,,,
DISTRICT OF COLUMBIA,1996-97,1815,,5288,,,,,
DISTRICT OF COLUMBIA,1995-96,1815,,5305,,,,,
DISTRICT OF COLUMBIA,1994-95,2173,,6110,,,,,
DISTRICT OF COLUMBIA,1993-94,2259,,6056,,,,,
DISTRICT OF COLUMBIA,1992-93,2305,,6064,,,,,
DISTRICT OF COLUMBIA,1991-92,2294,,6346,,,,,
DISTRICT OF COLUMBIA,1990-91,2532,,5950,,,,,
DISTRICT OF COLUMBIA,1989-90,2534,,6055,,,,,
DISTRICT OF COLUMBIA,1988-89,2596,,5936,,,,,
DISTRICT OF COLUMBIA,1987-88,2565,,6232,,,,,
DISTRICT OF COLUMBIA,1986-87,2031,,5984,,,,,
FLORIDA,2013-14,66895.66,15.3,177853.2,4189,4348,4678,4816,18031
FLORIDA,2012-13,66929.88,15.25,176537.21,5268,5325,5133,4883,20609
FLORIDA,2011-12,65633.43,15.25,175006.3,6393,6212,5954,5882,26635
FLORIDA,2010-11,66618.99,15.05,175609.29,8437,7744,7302,7059,30542
FLORIDA,2009-10,65821,14.33,183827,9132,7889,7672,7649,32342
FLORIDA,2008-09,66343,14.1,186361,8324,6657,6184,6468,27633
FLORIDA,2007-08,67794,14,190615,8139,6166,5575,5633,25513
FLORIDA,2006-07,64334,16.4,162851,8658,5715,4627,5542,24542
FLORIDA,2005-06,62190,16.8,158962,9732,6033,4789,5531,26085
FLORIDA,2004-05,60876,17,154864,11495,6955,5893,5622,29965
FLORIDA,2003-04,57139,17.9,144955,,,,,
FLORIDA,2002-03,53831,18.4,138226,,,,,
FLORIDA,2001-02,52204,18.6,134684,,,,,
FLORIDA,2000-01,51028,18.4,132030,,,,,
FLORIDA,1999-00,49890,18.3,130336,,,,,
FLORIDA,1998-99,49025,18.4,126796,,,,,
FLORIDA,1997-98,47411,18.4,124473,,,,,
FLORIDA,1996-97,44902,,120471,,,,,
FLORIDA,1995-96,42745,,114938,,,,,
FLORIDA,1994-95,40893,,110674,,,,,
FLORIDA,1993-94,40876,,110653,,,,,
FLORIDA,1992-93,39826,,107590,,,,,
FLORIDA,1991-92,41588,,109939,,,,,
FLORIDA,1990-91,41279,,108088,,,,,
FLORIDA,1989-90,40003,,104127,,,,,
FLORIDA,1988-89,38511,,100370,,,,,
FLORIDA,1987-88,37470,,95857,,,,,
FLORIDA,1986-87,36438,,91969,,,,,
GEORGIA,2013-14,42830.8,15.75,109441,5800,5095,4074,2800,17769
GEORGIA,2012-13,42794.5,15.57,109364.9,6499,5659,4585,3199,19942
GEORGIA,2011-12,43440.9,15.16,111133.3,6126,5419,4416,3001,20135
GEORGIA,2010-11,43775.1,14.91,112459.6,7002,5959,4832,3308,21101
GEORGIA,2009-10,45344,14.39,115917.9,7707,6466,5375,3824,23364
GEORGIA,2008-09,46233,13.9,118839,7929,6666,5556,4129,24280
GEORGIA,2007-08,45681,14.1,116857,6333,6094,5397,4808,22632
GEORGIA,2006-07,44907,14.3,113597,6850,6302,5589,5087,23828
GEORGIA,2005-06,43065,14.7,108535,7836,6895,5848,5236,25815
GEORGIA,2004-05,41310,14.8,104987,8243,7248,6189,5863,27543
GEORGIA,2003-04,40793,15.7,97150,,,,,
GEORGIA,2002-03,40421,15.6,96044,,,,,
GEORGIA,2001-02,38881,15.9,92732,,,,,
GEORGIA,2000-01,38009,15.9,91043,,,,,
GEORGIA,1999-00,37147,15.7,90638,,,,,
GEORGIA,1998-99,36283,15.8,88658,,,,,
GEORGIA,1997-98,35479,16,86244,,,,,
GEORGIA,1996-97,33733,,81795,,,,,
GEORGIA,1995-96,38592,,79480,,,,,
GEORGIA,1994-95,21703,,77914,,,,,
GEORGIA,1993-94,19962,,74172,,,,,
GEORGIA,1992-93,20877,,66942,,,,,
GEORGIA,1991-92,20388,,63816,,,,,
GEORGIA,1990-91,20106,,63058,,,,,
GEORGIA,1989-90,20168,,61487,,,,,
GEORGIA,1988-89,23271,,59916,,,,,
GEORGIA,1987-88,21407,,62280,,,,,
GEORGIA,1986-87,19703,,57881,,,,,
HAWAII,2013-14,5239.7,15.86,11780.65,562,816,726,632,2736
HAWAII,2012-13,5149.09,15.92,11608.2,561,748,645,644,2598
HAWAII,2011-12,5112.64,15.95,11458.37,593,847,764,718,2922
HAWAII,2010-11,5127.31,15.76,11395.95,625,835,751,727,2938
HAWAII,2009-10,5174.95,15.71,11471.65,470,688,731,719,2608
HAWAII,2008-09,5194,15.9,11295,478,648,694,727,2547
HAWAII,2007-08,5280,15.8,11397,465,706,686,718,2575
HAWAII,2006-07,5289,16,11271,431,639,686,740,2496
HAWAII,2005-06,5321,16.3,11226,450,726,725,808,2709
HAWAII,2004-05,5291,16.4,11146,616,761,778,813,2968
HAWAII,2003-04,5281,16.5,11129,,,,,
HAWAII,2002-03,5099,16.8,10973,,,,,
HAWAII,2001-02,5000,16.8,11007,,,,,
HAWAII,2000-01,4896,16.9,10927,,,,,
HAWAII,1999-00,4858,17.1,10866,,,,,
HAWAII,1998-99,4762,17.7,10639,,,,,
HAWAII,1997-98,4463,17.8,10653,,,,,
HAWAII,1996-97,4513,,10576,,,,,
HAWAII,1995-96,4616,,10500,,,,,
HAWAII,1994-95,4425,,10240,,,,,
HAWAII,1993-94,4328,,10111,,,,,
HAWAII,1992-93,3752,,10083,,,,,
HAWAII,1991-92,3315,,9451,,,,,
HAWAII,1990-91,3228,,9083,,,,,
HAWAII,1989-90,3130,,8866,,,,,
HAWAII,1988-89,3272,,8737,,,,,
HAWAII,1987-88,3280,,7684,,,,,
HAWAII,1986-87,3130,,7291,,,,,
IDAHO,2013-14,7838.75,19.76,15001.72,211,235,301,386,1133
IDAHO,2012-13,7566.12,19.56,14563.19,220,296,400,422,1338
IDAHO,2011-12,8350.59,17.5,15990.44,237,373,445,534,1589
IDAHO,2010-11,8186.36,17.6,15672.54,341,474,602,691,2108
IDAHO,2009-10,7177.21,18.18,15200.87,387,509,581,623,2100
IDAHO,2008-09,7197,18.2,15148,409,557,693,704,2363
IDAHO,2007-08,7139,18.1,15013,399,619,709,668,2395
IDAHO,2006-07,7080,18.1,14770,516,740,834,827,2917
IDAHO,2005-06,7006,18,14521,505,717,903,778,2903
IDAHO,2004-05,6918,17.9,14269,801,1099,1202,1041,4143
IDAHO,2003-04,6777,17.9,14049,,,,,
IDAHO,2002-03,6767,17.9,13896,,,,,
IDAHO,2001-02,6777,17.8,13854,,,,,
IDAHO,2000-01,6733,17.9,13714,,,,,
IDAHO,1999-00,6681,18,13641,,,,,
IDAHO,1998-99,6499,18.2,13426,,,,,
IDAHO,1997-98,6300,18.5,13207,,,,,
IDAHO,1996-97,6274,,13078,,,,,
IDAHO,1995-96,6122,,12784,,,,,
IDAHO,1994-95,6018,,12582,,,,,
IDAHO,1993-94,5642,,12007,,,,,
IDAHO,1992-93,5493,,11827,,,,,
IDAHO,1991-92,5466,,11626,,,,,
IDAHO,1990-91,5092,,11254,,,,,
IDAHO,1989-90,4938,,10715,,,,,
IDAHO,1988-89,4828,,10425,,,,,
IDAHO,1987-88,4814,,10258,,,,,
IDAHO,1986-87,4532,,10234,,,,,
ILLINOIS,2013-14,43458.79,15.16,136355.18,3482,5287,3970,5801,18540
ILLINOIS,2012-13,42044,15.28,135700.7,20908,17454,14537,20581,73480
ILLINOIS,2011-12,41909.61,15.81,131777.31,6427,7143,6255,8032,32638
ILLINOIS,2010-11,42372.53,15.73,132982.73,6815,5916,6017,6752,25500
ILLINOIS,2009-10,45061.66,15.19,138482.93,6355,5905,5983,6585,24793
ILLINOIS,2008-09,42518,15.6,135704,7708,6803,6399,6470,27380
ILLINOIS,2007-08,58489,15.5,136445,9060,8577,7798,7010,32445
ILLINOIS,2006-07,62187,15,140988,10006,8775,8303,7280,34364
ILLINOIS,2005-06,34923,15.8,133857,11749,9775,8511,6338,36373
ILLINOIS,2004-05,33889,16,131047,9909,8976,8220,6903,34008
ILLINOIS,2003-04,32641,16.5,127669,,,,,
ILLINOIS,2002-03,32473,15.9,131046,,,,,
ILLINOIS,2001-02,32161,16,129600,,,,,
ILLINOIS,2000-01,31727,16.1,127620,,,,,
ILLINOIS,1999-00,31030,16.2,124815,,,,,
ILLINOIS,1998-99,30455,16.5,121758,,,,,
ILLINOIS,1997-98,30164,16.8,118734,,,,,
ILLINOIS,1996-97,29826,,116274,,,,,
ILLINOIS,1995-96,29208,,113538,,,,,
ILLINOIS,1994-95,28619,,110830,,,,,
ILLINOIS,1993-94,28207,,110874,,,,,
ILLINOIS,1992-93,28952,,111461,,,,,
ILLINOIS,1991-92,28989,,110153,,,,,
ILLINOIS,1990-91,28934,,108775,,,,,
ILLINOIS,1989-90,28973,,106183,,,,,
ILLINOIS,1988-89,29500,,105097,,,,,
ILLINOIS,1987-88,30098,,105217,,,,,
ILLINOIS,1986-87,30254,,104609,,,,,
INDIANA,2013-14,28634.85,17.51,59823.14,373,945,1349,2346,5013
INDIANA,2012-13,28675.87,17.4,59863.28,484,799,1494,2652,5429
INDIANA,2011-12,19739.82,16.7,62338.58,182,660,1458,3117,5417
INDIANA,2010-11,25843,18.02,58121,1144,1603,2319,3423,8489
INDIANA,2009-10,28171,16.81,62258,1527,2006,2467,3076,9057
INDIANA,2008-09,28296,16.7,62668,1150,1716,2273,2441,7580
INDIANA,2007-08,28074,16.8,62334,1195,1630,2096,2560,7481
INDIANA,2006-07,27855,17,61346,1251,1595,1764,1857,6467
INDIANA,2005-06,26413,17.1,60592,1185,1612,1857,1766,6420
INDIANA,2004-05,26352,16.9,60563,–,–,–,–,†
INDIANA,2003-04,25807,16.9,59924,,,,,
INDIANA,2002-03,25826,16.7,59968,,,,,
INDIANA,2001-02,25782,16.7,59658,,,,,
INDIANA,2000-01,25683,16.7,59226,,,,,
INDIANA,1999-00,25527,16.8,58864,,,,,
INDIANA,1998-99,25639,17,58084,,,,,
INDIANA,1997-98,25368,17.2,57371,,,,,
INDIANA,1996-97,25154,,56708,,,,,
INDIANA,1995-96,24881,,55821,,,,,
INDIANA,1994-95,25251,,55496,,,,,
INDIANA,1993-94,24948,,55107,,,,,
INDIANA,1992-93,23673,,54552,,,,,
INDIANA,1991-92,24618,,54509,,,,,
INDIANA,1990-91,23422,,54806,,,,,
INDIANA,1989-90,23353,,54370,,,,,
INDIANA,1988-89,23431,,54029,,,,,
INDIANA,1987-88,23699,,53749,,,,,
INDIANA,1986-87,23554,,52896,,,,,
IOWA,2013-14,10677.47,14.21,35396.65,363,713,1276,2747,5099
IOWA,2012-13,10637.48,14.25,35080.24,301,667,1257,2557,4782
IOWA,2011-12,10564.86,14.31,34658.15,291,630,1212,2304,4437
IOWA,2010-11,10603.53,14.31,34642.08,276,558,1070,1703,3607
IOWA,2009-10,16049.22,13.72,35842.15,325,641,882,1518,3366
IOWA,2008-09,16358,13.6,35961,486,676,848,1292,3302
IOWA,2007-08,16481,13.4,36089,†,710,1012,1501,3223
IOWA,2006-07,16525,13.6,35653,366,651,1010,987,3014
IOWA,2005-06,12215,13.7,35181,502,782,1129,1288,3701
IOWA,2004-05,12194,13.8,34697,619,969,1222,1383,4193
IOWA,2003-04,11353,13.8,34791,,,,,
IOWA,2002-03,11178,13.9,34573,,,,,
IOWA,2001-02,12479,13.9,34906,,,,,
IOWA,2000-01,12368,14.3,34636,,,,,
IOWA,1999-00,12073,14.9,33480,,,,,
IOWA,1998-99,11985,15.2,32822,,,,,
IOWA,1997-98,12003,15.3,32700,,,,,
IOWA,1996-97,11997,,32593,,,,,
IOWA,1995-96,12063,,32318,,,,,
IOWA,1994-95,11973,,31726,,,,,
IOWA,1993-94,12188,,31616,,,,,
IOWA,1992-93,12195,,31403,,,,,
IOWA,1991-92,12364,,31395,,,,,
IOWA,1990-91,12589,,31045,,,,,
IOWA,1989-90,12058,,30423,,,,,
IOWA,1988-89,12558,,30327,,,,,
IOWA,1987-88,14017,,30873,,,,,
IOWA,1986-87,15385,,30958,,,,,
KANSAS,2013-14,18297.6,13.01,38152.9,442,661,765,1105,2973
KANSAS,2012-13,19608.1,11.86,41243.2,427,678,774,1016,2895
KANSAS,2011-12,17023.8,13,37407.3,453,801,1016,1227,3497
KANSAS,2010-11,16791.8,13.96,34643.8,504,854,1051,1448,3857
KANSAS,2009-10,16816.2,13.67,34700.1,594,818,1020,1152,3584
KANSAS,2008-09,18769,13.1,35883,487,761,910,955,3113
KANSAS,2007-08,18572,13.2,35359,419,734,962,1150,3265
KANSAS,2006-07,18713,13.3,35297,500,855,1077,1072,3504
KANSAS,2005-06,15069,13.9,33608,570,1106,1297,1537,4510
KANSAS,2004-05,14831,14.2,32932,664,1167,1337,1397,4565
KANSAS,2003-04,14655,14.4,32589,,,,,
KANSAS,2002-03,14686,14.4,32643,,,,,
KANSAS,2001-02,14791,14.2,33084,,,,,
KANSAS,2000-01,14680,14.4,32742,,,,,
KANSAS,1999-00,14414,14.3,32969,,,,,
KANSAS,1998-99,13862,14.8,32003,,,,,
KANSAS,1997-98,13469,14.9,31527,,,,,
KANSAS,1996-97,13133,,30875,,,,,
KANSAS,1995-96,12878,,30729,,,,,
KANSAS,1994-95,12763,,30579,,,,,
KANSAS,1993-94,12561,,30283,,,,,
KANSAS,1992-93,12199,,29753,,,,,
KANSAS,1991-92,11726,,29324,,,,,
KANSAS,1990-91,11530,,29140,,,,,
KANSAS,1989-90,11392,,28727,,,,,
KANSAS,1988-89,10851,,28122,,,,,
KANSAS,1987-88,10598,,27317,,,,,
KANSAS,1986-87,10785,,27064,,,,,
KENTUCKY,2013-14,9959.39,16.2,41820.21,1076,1769,1762,1615,6222
KENTUCKY,2012-13,10119.73,16.02,42769.46,1222,1566,1642,1243,5673
KENTUCKY,2011-12,9907.14,16.29,41859.68,1248,1704,1502,1062,5516
KENTUCKY,2010-11,9883.05,16.01,42041.84,1350,1768,1690,1150,5958
KENTUCKY,2009-10,9822.3,16.2,41980.96,1470,1829,1725,1307,6331
KENTUCKY,2008-09,10117,15.4,43451,1363,1847,1705,1607,6522
KENTUCKY,2007-08,10168,15.3,43536,1419,1762,1646,1336,6163
KENTUCKY,2006-07,10101,15.8,43371,1297,1747,1613,1385,6042
KENTUCKY,2005-06,9811,16,42413,1651,2034,1963,1518,7166
KENTUCKY,2004-05,9608,16.3,41463,2162,2484,2115,1796,8557
KENTUCKY,2003-04,9582,16.1,41246,,,,,
KENTUCKY,2002-03,16070,16.3,40662,,,,,
KENTUCKY,2001-02,15947,16.2,40375,,,,,
KENTUCKY,2000-01,11750,16.8,39589,,,,,
KENTUCKY,1999-00,11868,15.4,41954,,,,,
KENTUCKY,1998-99,11878,16.1,40803,,,,,
KENTUCKY,1997-98,11803,16.5,40488,,,,,
KENTUCKY,1996-97,11929,,39331,,,,,
KENTUCKY,1995-96,11698,,39120,,,,,
KENTUCKY,1994-95,11730,,38784,,,,,
KENTUCKY,1993-94,11146,,37324,,,,,
KENTUCKY,1992-93,11383,,37868,,,,,
KENTUCKY,1991-92,11479,,37571,,,,,
KENTUCKY,1990-91,11367,,36777,,,,,
KENTUCKY,1989-90,11680,,35731,,,,,
KENTUCKY,1988-89,11911,,35788,,,,,
KENTUCKY,1987-88,11889,,35239,,,,,
KENTUCKY,1986-87,11612,,34507,,,,,
LOUISIANA,2013-14,14787.1,15.32,46436.91,3229,1920,1663,1892,8704
LOUISIANA,2012-13,14778.38,15.29,46493.41,4593,2914,2461,2314,12282
LOUISIANA,2011-12,15442.58,14.46,48657.02,4931,3107,2666,2876,13580
LOUISIANA,2010-11,15459.73,14.32,48655.03,4872,2945,2714,3004,13535
LOUISIANA,2009-10,15354.51,13.92,49646.1,5035,3214,2989,3144,14382
LOUISIANA,2008-09,14804,13.9,49377,4813,3173,2883,3341,14210
LOUISIANA,2007-08,14568,14,48610,4785,3353,2854,4064,15056
LOUISIANA,2006-07,13765,14.7,45951,4735,3420,2893,3459,14507
LOUISIANA,2005-06,13268,14.7,44660,3823,3535,3069,3151,13578
LOUISIANA,2004-05,14825,14.7,49192,4934,4373,3589,3465,16361
LOUISIANA,2003-04,15083,14.4,50495,,,,,
LOUISIANA,2002-03,14805,14.6,50062,,,,,
LOUISIANA,2001-02,14742,14.6,49980,,,,,
LOUISIANA,2000-01,14797,14.9,49915,,,,,
LOUISIANA,1999-00,15107,15.1,50031,,,,,
LOUISIANA,1998-99,14406,15.6,49124,,,,,
LOUISIANA,1997-98,14280,16,48599,,,,,
LOUISIANA,1996-97,19412,,47334,,,,,
LOUISIANA,1995-96,19289,,46980,,,,,
LOUISIANA,1994-95,12176,,47599,,,,,
LOUISIANA,1993-94,10377,,46913,,,,,
LOUISIANA,1992-93,11010,,46904,,,,,
LOUISIANA,1991-92,12326,,46170,,,,,
LOUISIANA,1990-91,12280,,45401,,,,,
LOUISIANA,1989-90,12373,,44608,,,,,
LOUISIANA,1988-89,11933,,43203,,,,,
LOUISIANA,1987-88,12512,,42920,,,,,
LOUISIANA,1986-87,12502,,42929,,,,,
MAINE,2013-14,4744.04,11.91,15451.67,252,349,703,1260,2564
MAINE,2012-13,4660.83,12.2,15222.08,140,268,507,1349,2264
MAINE,2011-12,4601.82,12.69,14888.04,213,400,704,1325,2642
MAINE,2010-11,4788.1,12.29,15384.3,344,507,884,1519,3254
MAINE,2009-10,5153.6,11.59,16331.4,411,628,965,1336,3339
MAINE,2008-09,5031,12.1,15912,243,382,513,610,1748
MAINE,2007-08,5207,11.9,16558,250,428,472,532,1682
MAINE,2006-07,5159,11.5,16826,311,399,549,482,1741
MAINE,2005-06,5541,11.7,16684,297,432,518,512,1759
MAINE,2004-05,5460,11.9,16656,312,498,630,486,1926
MAINE,2003-04,5560,11.5,17621,,,,,
MAINE,2002-03,5487,12.1,16837,,,,,
MAINE,2001-02,5423,12.3,16741,,,,,
MAINE,2000-01,5327,12.5,16559,,,,,
MAINE,1999-00,5207,12.8,16349,,,,,
MAINE,1998-99,5043,13.3,15890,,,,,
MAINE,1997-98,4971,13.5,15700,,,,,
MAINE,1996-97,4913,,15551,,,,,
MAINE,1995-96,4839,,15392,,,,,
MAINE,1994-95,4880,,15404,,,,,
MAINE,1993-94,4904,,15344,,,,,
MAINE,1992-93,4947,,15375,,,,,
MAINE,1991-92,5034,,15416,,,,,
MAINE,1990-91,5122,,15513,,,,,
MAINE,1989-90,5165,,15206,,,,,
MAINE,1988-89,5051,,14593,,,,,
MAINE,1987-88,5018,,14204,,,,,
MAINE,1986-87,4428,,13685,,,,,
MARYLAND,2013-14,23278.68,14.78,58611.02,1998,2029,1686,1369,7082
MARYLAND,2012-13,23265.82,14.89,57718.49,2394,2157,1669,1709,7929
MARYLAND,2011-12,23400.78,14.83,57589.05,3066,2547,2083,2120,9816
MARYLAND,2010-11,24004.19,14.59,58428.47,3585,2650,2185,1878,10298
MARYLAND,2009-10,24127.05,14.51,58462.9,3660,2854,2165,1802,10481
MARYLAND,2008-09,24544,14.3,58940,3605,2636,2193,2034,10468
MARYLAND,2007-08,24871,14.3,59320,3299,2808,2480,2072,10659
MARYLAND,2006-07,24545,14.6,58443,2746,2408,2178,1730,9062
MARYLAND,2005-06,23664,15.2,56685,2779,2659,2316,1836,9590
MARYLAND,2004-05,22887,15.7,55101,2957,2621,2290,2062,9930
MARYLAND,2003-04,22448,15.7,55198,,,,,
MARYLAND,2002-03,22229,15.7,55382,,,,,
MARYLAND,2001-02,21462,16,53774,,,,,
MARYLAND,2000-01,20915,16.3,52433,,,,,
MARYLAND,1999-00,20237,16.6,50995,,,,,
MARYLAND,1998-99,24649,16.9,49840,,,,,
MARYLAND,1997-98,23940,17.2,48318,,,,,
MARYLAND,1996-97,23638,,47943,,,,,
MARYLAND,1995-96,22820,,47819,,,,,
MARYLAND,1994-95,20773,,46565,,,,,
MARYLAND,1993-94,19144,,44171,,,,,
MARYLAND,1992-93,20797,,44495,,,,,
MARYLAND,1991-92,20329,,43616,,,,,
MARYLAND,1990-91,19944,,42562,,,,,
MARYLAND,1989-90,20110,,41646,,,,,
MARYLAND,1988-89,20109,,40899,,,,,
MARYLAND,1987-88,20202,,40093,,,,,
MARYLAND,1986-87,20364,,39491,,,,,
MASSACHUSETTS,2013-14,24205.98,13.56,70489.56,2356,2045,1837,1847,8085
MASSACHUSETTS,2012-13,23958.24,13.52,70636.26,2185,2159,2096,2145,8585
MASSACHUSETTS,2011-12,23570.83,13.75,69342.38,2400,2663,2374,2520,9957
MASSACHUSETTS,2010-11,23312.96,13.9,68754.39,3224,2827,2599,2781,11431
MASSACHUSETTS,2009-10,23673.96,13.69,69909.18,2477,2529,2388,2613,9997
MASSACHUSETTS,2008-09,23813,13.6,70398,2541,2798,2813,2994,11146
MASSACHUSETTS,2007-08,23693,13.6,70719,2175,2746,2736,2976,10633
MASSACHUSETTS,2006-07,20793,13.2,73157,2639,2485,2163,2102,9389
MASSACHUSETTS,2005-06,20253,13.2,73596,–,–,–,–,†
MASSACHUSETTS,2004-05,31370,13.3,73399,2612,2419,2580,1769,9380
MASSACHUSETTS,2003-04,31825,13.6,72062,,,,,
MASSACHUSETTS,2002-03,38003,13.2,74214,,,,,
MASSACHUSETTS,2001-02,33655,14.1,68942,,,,,
MASSACHUSETTS,2000-01,30300,14.5,67432,,,,,
MASSACHUSETTS,1999-00,39452,12.5,77596,,,,,
MASSACHUSETTS,1998-99,34857,13.8,69752,,,,,
MASSACHUSETTS,1997-98,33319,14.1,67170,,,,,
MASSACHUSETTS,1996-97,31983,,64574,,,,,
MASSACHUSETTS,1995-96,30891,,62710,,,,,
MASSACHUSETTS,1994-95,29922,,60489,,,,,
MASSACHUSETTS,1993-94,29367,,58766,,,,,
MASSACHUSETTS,1992-93,28625,,57225,,,,,
MASSACHUSETTS,1991-92,27982,,55963,,,,,
MASSACHUSETTS,1990-91,28077,,54003,,,,,
MASSACHUSETTS,1989-90,31238,,59040,,,,,
MASSACHUSETTS,1988-89,32247,,60068,,,,,
MASSACHUSETTS,1987-88,32574,,59517,,,,,
MASSACHUSETTS,1986-87,32343,,58066,,,,,
MICHIGAN,2013-14,33666.27,18.05,85786.16,4305,6661,5318,6699,22983
MICHIGAN,2012-13,33966.52,18.05,86153.59,4493,5494,4789,5938,20714
MICHIGAN,2011-12,34384.99,18.09,86997.36,7061,9476,8034,10131,34702
MICHIGAN,2010-11,34850.29,17.91,88614.71,8289,10347,8851,13291,40778
MICHIGAN,2009-10,36706.43,17.79,92691.22,5630,5085,4596,3638,18949
MICHIGAN,2008-09,37761,17.5,94754,6307,5196,4899,4210,20612
MICHIGAN,2007-08,38343,17.6,96204,8093,6233,5022,4643,23991
MICHIGAN,2006-07,39265,17.6,98037,7626,6069,5102,4692,23489
MICHIGAN,2005-06,43751,17.8,98069,–,–,–,–,†
MICHIGAN,2004-05,37604,17.4,100638,–,–,–,–,†
MICHIGAN,2003-04,22609,18.1,97014,,,,,
MICHIGAN,2002-03,40006,19.9,89595,,,,,
MICHIGAN,2001-02,44028,17.5,98849,,,,,
MICHIGAN,2000-01,43234,17.7,97031,,,,,
MICHIGAN,1999-00,42903,18,96094,,,,,
MICHIGAN,1998-99,42139,18.5,93220,,,,,
MICHIGAN,1997-98,41117,18.8,90529,,,,,
MICHIGAN,1996-97,40210,,88051,,,,,
MICHIGAN,1995-96,38200,,83179,,,,,
MICHIGAN,1994-95,36701,,80522,,,,,
MICHIGAN,1993-94,36419,,80267,,,,,
MICHIGAN,1992-93,39492,,82301,,,,,
MICHIGAN,1991-92,39810,,82967,,,,,
MICHIGAN,1990-91,38395,,80008,,,,,
MICHIGAN,1989-90,39285,,80150,,,,,
MICHIGAN,1988-89,39637,,79847,,,,,
MICHIGAN,1987-88,40294,,79972,,,,,
MICHIGAN,1986-87,20195,,83130,,,,,
MINNESOTA,2013-14,23650.11,15.64,54412.59,337,453,796,2752,4338
MINNESOTA,2012-13,23412.65,15.78,53584.59,443,566,959,3209,5177
MINNESOTA,2011-12,23337.77,15.89,52832.26,604,1064,1806,4352,7826
MINNESOTA,2010-11,23576.92,15.91,52671.71,741,1343,1989,4410,8483
MINNESOTA,2009-10,23884.07,15.84,52839.12,813,1327,2006,4523,8657
MINNESOTA,2008-09,24124,15.7,53083,–,1237,1959,4588,7784
MINNESOTA,2007-08,24483,15.8,52975,†,1345,2140,4754,8239
MINNESOTA,2006-07,24387,16.2,51880,688,1595,2786,5622,10691
MINNESOTA,2005-06,24312,16.4,51107,751,1896,2983,4887,10517
MINNESOTA,2004-05,24333,16.1,52152,998,2187,3057,4772,11014
MINNESOTA,2003-04,25563,16.3,51611,,,,,
MINNESOTA,2002-03,25993,16,52808,,,,,
MINNESOTA,2001-02,25364,16,53081,,,,,
MINNESOTA,2000-01,25507,16,53457,,,,,
MINNESOTA,1999-00,25009,15.2,56010,,,,,
MINNESOTA,1998-99,24626,15.7,54449,,,,,
MINNESOTA,1997-98,24709,16.4,51998,,,,,
MINNESOTA,1996-97,23096,,48245,,,,,
MINNESOTA,1995-96,22983,,46971,,,,,
MINNESOTA,1994-95,22948,,46958,,,,,
MINNESOTA,1993-94,22949,,46956,,,,,
MINNESOTA,1992-93,21777,,45050,,,,,
MINNESOTA,1991-92,20388,,44903,,,,,
MINNESOTA,1990-91,19910,,43574,,,,,
MINNESOTA,1989-90,19964,,43101,,,,,
MINNESOTA,1988-89,20157,,42750,,,,,
MINNESOTA,1987-88,20329,,42132,,,,,
MINNESOTA,1986-87,20868,,40957,,,,,
MISSISSIPPI,2013-14,13068.15,15.25,32292.27,2399,2651,2339,2023,10414
MISSISSIPPI,2012-13,13186.76,15.14,32613.46,1379,1498,1285,1094,5835
MISSISSIPPI,2011-12,12557.2,15.33,32006.66,1497,1631,1450,1139,6399
MISSISSIPPI,2010-11,12891.48,15.21,32254.83,1778,1664,1397,1076,5915
MISSISSIPPI,2009-10,13270.49,14.88,33103.49,1119,1126,1039,816,4100
MISSISSIPPI,2008-09,13291,14.7,33358,979,1040,922,709,3650
MISSISSIPPI,2007-08,13103,14.7,33560,1067,985,979,799,3830
MISSISSIPPI,2006-07,12408,15.3,32351,1236,1355,1164,1104,4859
MISSISSIPPI,2005-06,12035,15.7,31433,1459,1402,1223,984,5068
MISSISSIPPI,2004-05,11833,15.8,31321,1722,1688,1432,1266,6108
MISSISSIPPI,2003-04,13385,15.1,32591,,,,,
MISSISSIPPI,2002-03,12943,15.6,31598,,,,,
MISSISSIPPI,2001-02,11088,15.8,31213,,,,,
MISSISSIPPI,2000-01,10126,16.1,31006,,,,,
MISSISSIPPI,1999-00,10035,16.3,30722,,,,,
MISSISSIPPI,1998-99,10165,16.1,31140,,,,,
MISSISSIPPI,1997-98,9464,17.1,29441,,,,,
MISSISSIPPI,1996-97,9283,,29293,,,,,
MISSISSIPPI,1995-96,9070,,28997,,,,,
MISSISSIPPI,1994-95,8864,,28866,,,,,
MISSISSIPPI,1993-94,9184,,28376,,,,,
MISSISSIPPI,1992-93,10381,,27829,,,,,
MISSISSIPPI,1991-92,10569,,28111,,,,,
MISSISSIPPI,1990-91,10803,,28062,,,,,
MISSISSIPPI,1989-90,10562,,27591,,,,,
MISSISSIPPI,1988-89,10563,,27283,,,,,
MISSISSIPPI,1987-88,11866,,26931,,,,,
MISSISSIPPI,1986-87,11329,,26219,,,,,
MISSOURI,2013-14,32140.89,13.78,66651.04,2139,2009,2449,3245,9842
MISSOURI,2012-13,32028.75,13.86,66248.19,2816,2900,3171,3334,12221
MISSOURI,2011-12,32110.81,13.83,66251.53,4110,3352,3357,3112,13931
MISSOURI,2010-11,32429.58,13.77,66734.84,2432,2688,2958,2610,10688
MISSOURI,2009-10,32865.12,13.54,67795.77,2674,2880,3110,2919,11583
MISSOURI,2008-09,33145,13.5,68015,1977,2760,2860,2673,10270
MISSOURI,2007-08,33010,13.4,68430,1731,2389,2670,2300,9090
MISSOURI,2006-07,32538,13.6,67521,1673,2397,2721,2258,9049
MISSOURI,2005-06,32180,13.7,67076,1864,2635,2859,2341,9699
MISSOURI,2004-05,31770,13.8,65847,2336,3135,3363,2613,11447
MISSOURI,2003-04,31606,13.9,65169,,,,,
MISSOURI,2002-03,32225,13.6,66717,,,,,
MISSOURI,2001-02,31659,13.9,65240,,,,,
MISSOURI,2000-01,31385,14.1,64735,,,,,
MISSOURI,1999-00,30661,14.3,63890,,,,,
MISSOURI,1998-99,30204,14.6,62449,,,,,
MISSOURI,1997-98,29539,15,60889,,,,,
MISSOURI,1996-97,28520,,59428,,,,,
MISSOURI,1995-96,27817,,57951,,,,,
MISSOURI,1994-95,26782,,56606,,,,,
MISSOURI,1993-94,25775,,54860,,,,,
MISSOURI,1992-93,24804,,52984,,,,,
MISSOURI,1991-92,24767,,52643,,,,,
MISSOURI,1990-91,24795,,52359,,,,,
MISSOURI,1989-90,23948,,51362,,,,,
MISSOURI,1988-89,23769,,50693,,,,,
MISSOURI,1987-88,23512,,49632,,,,,
MISSOURI,1986-87,23365,,48902,,,,,
MONTANA,2013-14,3149.58,13.98,10310.32,340,435,527,599,1901
MONTANA,2012-13,3120.76,14.01,10199.89,370,559,648,695,2272
MONTANA,2011-12,3172.11,14.02,10152.67,375,613,700,726,2435
MONTANA,2010-11,3306.96,13.68,10360.99,342,459,510,466,1777
MONTANA,2009-10,3388.2,13.48,10521.25,390,419,489,461,1759
MONTANA,2008-09,3388,13.6,10467,334,401,444,449,1628
MONTANA,2007-08,3437,13.6,10519,309,459,460,427,1655
MONTANA,2006-07,3454,13.9,10398,337,463,499,483,1782
MONTANA,2005-06,3442,14,10369,360,580,497,467,1904
MONTANA,2004-05,3423,14.3,10224,424,555,562,554,2095
MONTANA,2003-04,3432,14.4,10301,,,,,
MONTANA,2002-03,3458,14.5,10362,,,,,
MONTANA,2001-02,3436,14.6,10408,,,,,
MONTANA,2000-01,3314,14.9,10411,,,,,
MONTANA,1999-00,3318,15.2,10353,,,,,
MONTANA,1998-99,3310,15.7,10221,,,,,
MONTANA,1997-98,3221,15.9,10228,,,,,
MONTANA,1996-97,3266,,10268,,,,,
MONTANA,1995-96,3102,,10076,,,,,
MONTANA,1994-95,3070,,10079,,,,,
MONTANA,1993-94,3036,,9950,,,,,
MONTANA,1992-93,3404,,10135,,,,,
MONTANA,1991-92,2982,,9883,,,,,
MONTANA,1990-91,2830,,9613,,,,,
MONTANA,1989-90,2968,,9627,,,,,
MONTANA,1988-89,2859,,9626,,,,,
MONTANA,1987-88,3095,,9659,,,,,
MONTANA,1986-87,3153,,9818,,,,,
NEBRASKA,2013-14,8306.33,13.73,22401.06,186,372,538,825,1921
NEBRASKA,2012-13,8297.81,13.73,22102.87,304,499,590,785,2178
NEBRASKA,2011-12,8339.66,13.58,22181.95,321,510,606,807,2244
NEBRASKA,2010-11,8506.3,13.36,22345.16,448,587,686,873,2594
NEBRASKA,2009-10,8482.48,13.27,22256.24,461,590,618,846,2515
NEBRASKA,2008-09,7855,13.3,22057,420,583,637,791,2431
NEBRASKA,2007-08,7847,13.3,21930,487,606,649,784,2526
NEBRASKA,2006-07,7755,13.4,21459,543,647,774,849,2813
NEBRASKA,2005-06,7560,13.4,21359,863,859,1042,1011,3775
NEBRASKA,2004-05,7638,13.5,21236,715,952,973,974,3614
NEBRASKA,2003-04,8000,13.6,20921,,,,,
NEBRASKA,2002-03,8234,13.6,21043,,,,,
NEBRASKA,2001-02,8350,13.5,21083,,,,,
NEBRASKA,2000-01,8365,13.6,20983,,,,,
NEBRASKA,1999-00,8311,13.9,20766,,,,,
NEBRASKA,1998-99,8273,14.3,20310,,,,,
NEBRASKA,1997-98,8373,14.6,20065,,,,,
NEBRASKA,1996-97,8523,,20174,,,,,
NEBRASKA,1995-96,8506,,20028,,,,,
NEBRASKA,1994-95,8406,,19774,,,,,
NEBRASKA,1993-94,8372,,19616,,,,,
NEBRASKA,1992-93,8337,,19323,,,,,
NEBRASKA,1991-92,8233,,19069,,,,,
NEBRASKA,1990-91,8135,,18764,,,,,
NEBRASKA,1989-90,8076,,18464,,,,,
NEBRASKA,1988-89,8014,,18003,,,,,
NEBRASKA,1987-88,8108,,17713,,,,,
NEBRASKA,1986-87,8263,,17748,,,,,
NEVADA,2013-14,8071.24,20.61,21920.59,790,1389,1294,2071,5544
NEVADA,2012-13,7682.6,21.54,20694.95,1769,1547,1046,1979,6341
NEVADA,2011-12,7768.53,20.8,21131.5,1705,1522,1057,1852,6136
NEVADA,2010-11,8041.13,20.02,21839.48,1857,1582,1085,1646,6170
NEVADA,2009-10,7982.42,19.41,22103.52,2495,2221,1791,2429,8936
NEVADA,2008-09,7892,19.7,21993,1817,1694,1202,1723,6436
NEVADA,2007-08,8067,18.3,23423,1501,1470,1253,2078,6302
NEVADA,2006-07,7866,18.5,22908,1556,1449,1132,1850,5987
NEVADA,2005-06,7710,19,21744,1608,1095,490,2832,6025
NEVADA,2004-05,7188,19.1,20950,1011,337,1125,2257,4730
NEVADA,2003-04,7777,19,20234,,,,,
NEVADA,2002-03,7456,18.4,20038,,,,,
NEVADA,2001-02,6937,18.5,19276,,,,,
NEVADA,2000-01,6691,18.6,18293,,,,,
NEVADA,1999-00,6448,18.7,17380,,,,,
NEVADA,1998-99,6010,18.9,16415,,,,,
NEVADA,1997-98,5752,18.5,16053,,,,,
NEVADA,1996-97,5330,,14805,,,,,
NEVADA,1995-96,5210,,13878,,,,,
NEVADA,1994-95,5058,,13414,,,,,
NEVADA,1993-94,4648,,12579,,,,,
NEVADA,1992-93,4234,,11953,,,,,
NEVADA,1991-92,3983,,11409,,,,,
NEVADA,1990-91,3639,,10373,,,,,
NEVADA,1989-90,3464,,9175,,,,,
NEVADA,1988-89,3825,,8699,,,,,
NEVADA,1987-88,3769,,8348,,,,,
NEVADA,1986-87,3692,,7908,,,,,
NEW HAMPSHIRE,2013-14,4774.3,12.57,14826.1,3,6,90,667,766
NEW HAMPSHIRE,2012-13,4941.4,12.66,14924.7,19,82,254,771,1126
NEW HAMPSHIRE,2011-12,4869.4,12.75,15049.2,31,226,599,1131,1987
NEW HAMPSHIRE,2010-11,4963.2,12.67,15365.2,107,361,623,1086,2177
NEW HAMPSHIRE,2009-10,4959.7,12.73,15490.6,141,402,668,916,2127
NEW HAMPSHIRE,2008-09,5012,12.6,15661,170,456,685,995,2306
NEW HAMPSHIRE,2007-08,4908,13,15484,226,539,729,1006,2500
NEW HAMPSHIRE,2006-07,4933,13.1,15515,256,478,699,1008,2441
NEW HAMPSHIRE,2005-06,4871,13.2,15536,317,550,782,843,2492
NEW HAMPSHIRE,2004-05,4801,13.5,15298,343,628,927,865,2763
NEW HAMPSHIRE,2003-04,4721,13.7,15112,,,,,
NEW HAMPSHIRE,2002-03,4566,13.9,14977,,,,,
NEW HAMPSHIRE,2001-02,4493,14.1,14677,,,,,
NEW HAMPSHIRE,2000-01,4359,14.5,14341,,,,,
NEW HAMPSHIRE,1999-00,4418,14.7,14037,,,,,
NEW HAMPSHIRE,1998-99,4047,15.4,13290,,,,,
NEW HAMPSHIRE,1997-98,4080,15.6,12931,,,,,
NEW HAMPSHIRE,1996-97,3797,,12692,,,,,
NEW HAMPSHIRE,1995-96,3899,,12346,,,,,
NEW HAMPSHIRE,1994-95,3951,,12109,,,,,
NEW HAMPSHIRE,1993-94,3913,,11972,,,,,
NEW HAMPSHIRE,1992-93,3558,,11654,,,,,
NEW HAMPSHIRE,1991-92,3622,,11464,,,,,
NEW HAMPSHIRE,1990-91,3573,,10637,,,,,
NEW HAMPSHIRE,1989-90,3478,,10572,,,,,
NEW HAMPSHIRE,1988-89,3757,,10442,,,,,
NEW HAMPSHIRE,1987-88,4106,,10363,,,,,
NEW HAMPSHIRE,1986-87,4094,,10300,,,,,
NEW JERSEY,2013-14,38638.44,11.96,114581.2,1696,1667,1522,1594,7044
NEW JERSEY,2012-13,37480.92,12.37,110928.64,1768,1533,1491,1494,6926
NEW JERSEY,2011-12,37690.8,12.36,109719.1,1346,1588,1710,1676,6320
NEW JERSEY,2010-11,38278.2,12.73,110202.4,1762,2007,1995,1775,7539
NEW JERSEY,2009-10,40615,12.11,115248,1474,1714,1790,1669,6647
NEW JERSEY,2008-09,48663,12,114713,–,–,2067,1855,3922
NEW JERSEY,2007-08,46343,12.4,111500,†,†,1834,1669,3503
NEW JERSEY,2006-07,48157,12.4,112301,1655,1966,1878,1700,7199
NEW JERSEY,2005-06,68782,12.4,112673,2480,2325,2400,1968,9173
NEW JERSEY,2004-05,68221,12.1,114875,2871,2608,2389,2014,9882
NEW JERSEY,2003-04,29623,12.7,109077,,,,,
NEW JERSEY,2002-03,28956,12.8,107004,,,,,
NEW JERSEY,2001-02,28172,12.9,103611,,,,,
NEW JERSEY,2000-01,27554,13.3,99061,,,,,
NEW JERSEY,1999-00,27226,13.4,95883,,,,,
NEW JERSEY,1998-99,26769,13.8,92264,,,,,
NEW JERSEY,1997-98,26383,13.9,89671,,,,,
NEW JERSEY,1996-97,26207,,87642,,,,,
NEW JERSEY,1995-96,26362,,86706,,,,,
NEW JERSEY,1994-95,26439,,85258,,,,,
NEW JERSEY,1993-94,26509,,84564,,,,,
NEW JERSEY,1992-93,26373,,83057,,,,,
NEW JERSEY,1991-92,26385,,80515,,,,,
NEW JERSEY,1990-91,26737,,79886,,,,,
NEW JERSEY,1989-90,27611,,79597,,,,,
NEW JERSEY,1988-89,28764,,79698,,,,,
NEW JERSEY,1987-88,29433,,78335,,,,,
NEW JERSEY,1986-87,28209,,75558,,,,,
NEW MEXICO,2013-14,8331.94,15.25,22238.71,2229,2075,1484,1021,6809
NEW MEXICO,2012-13,8338.85,15.23,22200.73,1409,1547,1133,715,4804
NEW MEXICO,2011-12,8182.44,15.36,21956.68,1468,1491,1192,981,5132
NEW MEXICO,2010-11,8562.98,15.07,22437.43,1851,1717,1287,963,5818
NEW MEXICO,2009-10,8657.05,14.72,22723.73,1582,1559,1223,946,5310
NEW MEXICO,2008-09,5127,14.5,22825,1271,1197,982,676,4126
NEW MEXICO,2007-08,6629,14.8,22300,1464,1398,1245,902,5009
NEW MEXICO,2006-07,6388,14.9,22016,1412,1226,1096,767,4501
NEW MEXICO,2005-06,6809,14.8,22021,1633,1347,1181,745,4906
NEW MEXICO,2004-05,4913,15,21730,1574,1477,1253,788,5092
NEW MEXICO,2003-04,4926,15,21569,,,,,
NEW MEXICO,2002-03,4936,15.1,21172,,,,,
NEW MEXICO,2001-02,4837,14.7,21823,,,,,
NEW MEXICO,2000-01,4777,15.2,21042,,,,,
NEW MEXICO,1999-00,4680,16.4,19797,,,,,
NEW MEXICO,1998-99,4705,16.5,19981,,,,,
NEW MEXICO,1997-98,4644,16.9,19647,,,,,
NEW MEXICO,1996-97,4599,,19971,,,,,
NEW MEXICO,1995-96,4518,,19398,,,,,
NEW MEXICO,1994-95,4342,,19025,,,,,
NEW MEXICO,1993-94,4564,,18404,,,,,
NEW MEXICO,1992-93,4473,,17912,,,,,
NEW MEXICO,1991-92,4382,,17498,,,,,
NEW MEXICO,1990-91,4291,,16703,,,,,
NEW MEXICO,1989-90,4302,,16150,,,,,
NEW MEXICO,1988-89,4320,,15770,,,,,
NEW MEXICO,1987-88,4386,,15175,,,,,
NEW MEXICO,1986-87,4400,,14876,,,,,
NEW YORK,2013-14,97054.73,13.22,206692.51,7354,8222,6674,8931,31867
NEW YORK,2012-13,97751.38,13.09,207060.33,8244,10535,7501,9784,36790
NEW YORK,2011-12,87686.52,12.91,209526.78,7823,9845,7754,8374,34069
NEW YORK,2010-11,69356.97,12.92,211605.54,–,–,–,–,35588
NEW YORK,2009-10,72407.76,12.88,214803.59,8515,14051,8022,8163,38751
NEW YORK,2008-09,73282,12.6,217944,8422,24514,8834,8234,50004
NEW YORK,2007-08,71116,13.1,211854,8094,23096,8548,8191,47929
NEW YORK,2006-07,76693,12.8,218879,8740,12893,12378,11721,45732
NEW YORK,2005-06,75348,12.9,218989,9007,25634,13535,10227,58403
NEW YORK,2004-05,91063,13,218612,6801,9075,9479,5543,30898
NEW YORK,2003-04,90061,13.3,216116,,,,,
NEW YORK,2002-03,70300,13.7,210926,,,,,
NEW YORK,2001-02,69480,13.7,209128,,,,,
NEW YORK,2000-01,68649,13.9,206961,,,,,
NEW YORK,1999-00,68466,14.3,202078,,,,,
NEW YORK,1998-99,67610,14.6,197253,,,,,
NEW YORK,1997-98,65232,15,190874,,,,,
NEW YORK,1996-97,63744,,185104,,,,,
NEW YORK,1995-96,62355,,181559,,,,,
NEW YORK,1994-95,63928,,182273,,,,,
NEW YORK,1993-94,63453,,179413,,,,,
NEW YORK,1992-93,62774,,176375,,,,,
NEW YORK,1991-92,62317,,171914,,,,,
NEW YORK,1990-91,65135,,176390,,,,,
NEW YORK,1989-90,65857,,174610,,,,,
NEW YORK,1988-89,66615,,172807,,,,,
NEW YORK,1987-88,67372,,170236,,,,,
NEW YORK,1986-87,68733,,168940,,,,,
NORTH CAROLINA,2013-14,30248.57,15.41,99326.62,6553,5535,4769,3338,20195
NORTH CAROLINA,2012-13,28772.09,15.4,98590.41,7311,6168,5633,3854,22966
NORTH CAROLINA,2011-12,31705.84,15.5,97308.09,6841,5740,5273,3623,21477
NORTH CAROLINA,2010-11,47548.64,15.15,98357.47,8009,6237,5621,3752,23619
NORTH CAROLINA,2009-10,47923.36,14.12,105036.39,–,–,–,–,–
NORTH CAROLINA,2008-09,49063,13.6,109634,6577,5846,4847,3728,20998
NORTH CAROLINA,2007-08,48685,14,106562,6390,5613,4627,3395,20025
NORTH CAROLINA,2006-07,47713,12.9,112304,6084,5370,4735,3235,19424
NORTH CAROLINA,2005-06,32239,14.8,95664,6688,5738,4792,3209,20427
NORTH CAROLINA,2004-05,31256,15,92550,7075,6295,4948,3455,21773
NORTH CAROLINA,2003-04,30946,15.1,89988,,,,,
NORTH CAROLINA,2002-03,30824,15.2,87677,,,,,
NORTH CAROLINA,2001-02,29999,15.4,85684,,,,,
NORTH CAROLINA,2000-01,29357,15.5,83680,,,,,
NORTH CAROLINA,1999-00,29250,15.6,81914,,,,,
NORTH CAROLINA,1998-99,28479,15.8,79531,,,,,
NORTH CAROLINA,1997-98,27697,15.9,77785,,,,,
NORTH CAROLINA,1996-97,26866,,75239,,,,,
NORTH CAROLINA,1995-96,25795,,73201,,,,,
NORTH CAROLINA,1994-95,24700,,71592,,,,,
NORTH CAROLINA,1993-94,24935,,69421,,,,,
NORTH CAROLINA,1992-93,23916,,66630,,,,,
NORTH CAROLINA,1991-92,23729,,65326,,,,,
NORTH CAROLINA,1990-91,21058,,64283,,,,,
NORTH CAROLINA,1989-90,20858,,63160,,,,,
NORTH CAROLINA,1988-89,21152,,61933,,,,,
NORTH CAROLINA,1987-88,21067,,59771,,,,,
NORTH CAROLINA,1986-87,20512,,58103,,,,,
NORTH DAKOTA,2013-14,3051.33,11.8,8805.41,40,174,207,259,680
NORTH DAKOTA,2012-13,3082.03,11.65,8677.44,78,186,210,283,757
NORTH DAKOTA,2011-12,3026.37,11.45,8525.02,84,185,259,226,754
NORTH DAKOTA,2010-11,2985.52,11.44,8416.95,100,200,229,222,751
NORTH DAKOTA,2009-10,3123.16,11.36,8365.6,125,182,192,181,680
NORTH DAKOTA,2008-09,3049,11.6,8181,95,195,163,171,624
NORTH DAKOTA,2007-08,3098,11.8,8068,85,196,179,219,679
NORTH DAKOTA,2006-07,3099,12.1,8007,140,185,207,228,760
NORTH DAKOTA,2005-06,3182,12.3,8003,98,193,202,221,714
NORTH DAKOTA,2004-05,3242,12.5,8070,101,220,225,238,784
NORTH DAKOTA,2003-04,3249,12.7,8037,,,,,
NORTH DAKOTA,2002-03,3271,12.9,8078,,,,,
NORTH DAKOTA,2001-02,3274,13.2,8035,,,,,
NORTH DAKOTA,2000-01,3279,13.4,8141,,,,,
NORTH DAKOTA,1999-00,3288,13.8,8150,,,,,
NORTH DAKOTA,1998-99,3054,14.4,7974,,,,,
NORTH DAKOTA,1997-98,3063,14.7,8070,,,,,
NORTH DAKOTA,1996-97,3000,,7892,,,,,
NORTH DAKOTA,1995-96,2440,,7501,,,,,
NORTH DAKOTA,1994-95,2573,,7796,,,,,
NORTH DAKOTA,1993-94,2544,,7755,,,,,
NORTH DAKOTA,1992-93,2552,,7794,,,,,
NORTH DAKOTA,1991-92,2541,,7733,,,,,
NORTH DAKOTA,1990-91,2550,,7591,,,,,
NORTH DAKOTA,1989-90,2638,,7809,,,,,
NORTH DAKOTA,1988-89,2683,,7731,,,,,
NORTH DAKOTA,1987-88,2674,,7632,,,,,
NORTH DAKOTA,1986-87,2754,,7779,,,,,
OHIO,2013-14,47206.93,16.26,106010.29,6968,3853,4574,7011,22406
OHIO,2012-13,47953,16.32,105999.8,7228,3915,4767,8199,24109
OHIO,2011-12,49614.3,16.12,107971.68,7501,4528,5027,7924,24980
OHIO,2010-11,51886.59,16.05,109281.94,8346,4688,5180,7222,25436
OHIO,2009-10,53016.42,15.84,111377.53,8291,4054,4434,6411,23150
OHIO,2008-09,53743,16.1,112845,6173,3271,4793,5852,20089
OHIO,2007-08,52498,16.6,109766,3784,4387,4993,5726,18890
OHIO,2006-07,52596,16.6,110459,3874,3217,4349,4902,16342
OHIO,2005-06,37772,15.6,117982,4534,3948,4937,5295,18714
OHIO,2004-05,37608,15.6,118060,–,–,–,–,†
OHIO,2003-04,38445,15.2,121735,,,,,
OHIO,2002-03,41507,14.7,125372,,,,,
OHIO,2001-02,40497,15,122115,,,,,
OHIO,2000-01,38971,15.5,118361,,,,,
OHIO,1999-00,37827,15.8,116200,,,,,
OHIO,1998-99,37671,16.2,113984,,,,,
OHIO,1997-98,36964,16.7,110761,,,,,
OHIO,1996-97,36472,,108515,,,,,
OHIO,1995-96,35718,,107347,,,,,
OHIO,1994-95,36912,,109085,,,,,
OHIO,1993-94,36103,,107444,,,,,
OHIO,1992-93,35150,,106233,,,,,
OHIO,1991-92,40764,,103372,,,,,
OHIO,1990-91,45660,,103088,,,,,
OHIO,1989-90,45304,,101417,,,,,
OHIO,1988-89,45260,,101021,,,,,
OHIO,1987-88,45021,,99708,,,,,
OHIO,1986-87,45759,,98894,,,,,
OKLAHOMA,2013-14,18743.4,16.24,41982.6,949,1062,1188,1086,4285
OKLAHOMA,2012-13,18827,16.12,41774.7,966,1176,1261,1059,4462
OKLAHOMA,2011-12,18804.2,16.11,41349.4,1309,1446,1573,1270,5598
OKLAHOMA,2010-11,18986.3,15.99,41277.8,1460,1580,1774,1478,6292
OKLAHOMA,2009-10,19730.8,15.37,42614.6,1526,1667,1742,1365,6300
OKLAHOMA,2008-09,19770,13.9,46571,1549,1718,1642,1347,6256
OKLAHOMA,2007-08,19974,13.7,46709,1859,1773,1727,1468,6827
OKLAHOMA,2006-07,17059,15.1,42206,1899,1877,1853,1382,7011
OKLAHOMA,2005-06,16931,15.2,41833,2021,2188,1896,1558,7663
OKLAHOMA,2004-05,16064,15.6,40416,2563,2366,2393,1880,9202
OKLAHOMA,2003-04,16717,16,39253,,,,,
OKLAHOMA,2002-03,17443,15.4,40638,,,,,
OKLAHOMA,2001-02,17863,14.9,41632,,,,,
OKLAHOMA,2000-01,17707,15.1,41318,,,,,
OKLAHOMA,1999-00,17684,15.1,41498,,,,,
OKLAHOMA,1998-99,17532,15.4,40876,,,,,
OKLAHOMA,1997-98,17348,15.5,40215,,,,,
OKLAHOMA,1996-97,16927,,39568,,,,,
OKLAHOMA,1995-96,16601,,39364,,,,,
OKLAHOMA,1994-95,16517,,39406,,,,,
OKLAHOMA,1993-94,16180,,39031,,,,,
OKLAHOMA,1992-93,15835,,38433,,,,,
OKLAHOMA,1991-92,15535,,37650,,,,,
OKLAHOMA,1990-91,15716,,37221,,,,,
OKLAHOMA,1989-90,15122,,35631,,,,,
OKLAHOMA,1988-89,15050,,35116,,,,,
OKLAHOMA,1987-88,14991,,34515,,,,,
OKLAHOMA,1986-87,15324,,35041,,,,,
OREGON,2013-14,7957.39,22.18,26733.39,465,771,1451,3299,5986
OREGON,2012-13,7869.07,22.25,26410.15,557,902,1602,3071,6132
OREGON,2011-12,7990.07,21.21,26790.98,621,1071,1745,3238,6676
OREGON,2010-11,8392.15,20.3,28109.27,793,1307,2009,3380,7489
OREGON,2009-10,8613.15,20.26,28768.01,882,1361,1959,3194,7156
OREGON,2008-09,9266,19.1,30152,–,–,–,–,†
OREGON,2007-08,9120,18.8,30013,†,†,†,†,†
OREGON,2006-07,8875,18.8,29940,1074,1453,1928,2984,7439
OREGON,2005-06,9573,19.5,28346,1277,1640,2156,3087,8160
OREGON,2004-05,10429,20.1,27431,1386,1922,2271,3117,8696
OREGON,2003-04,9795,20.6,26732,,,,,
OREGON,2002-03,7730,20.4,27126,,,,,
OREGON,2001-02,8068,19.5,28262,,,,,
OREGON,2000-01,8229,19.4,28094,,,,,
OREGON,1999-00,8400,19.6,27803,,,,,
OREGON,1998-99,8209,20,27152,,,,,
OREGON,1997-98,8210,20.1,26935,,,,,
OREGON,1996-97,8675,,26757,,,,,
OREGON,1995-96,8981,,26680,,,,,
OREGON,1994-95,8484,,26208,,,,,
OREGON,1993-94,8716,,26488,,,,,
OREGON,1992-93,9392,,26634,,,,,
OREGON,1991-92,9799,,26745,,,,,
OREGON,1990-91,9867,,26174,,,,,
OREGON,1989-90,10102,,25630,,,,,
OREGON,1988-89,10052,,25147,,,,,
OREGON,1987-88,10193,,24911,,,,,
OREGON,1986-87,10049,,24615,,,,,
PENNSYLVANIA,2013-14,53270.37,14.47,121329.77,1643,3029,3268,4302,12271
PENNSYLVANIA,2012-13,54681.83,14.32,123146.79,2403,3255,3311,4409,13519
PENNSYLVANIA,2011-12,55684.17,14.21,124645.61,2984,3828,3775,4689,15288
PENNSYLVANIA,2010-11,58513.24,13.8,129911.39,–,–,4006,4536,–
PENNSYLVANIA,2009-10,59973,13.64,130983.79,2273,4109,4650,5130,16162
PENNSYLVANIA,2008-09,59464,13.7,129708,2620,4424,4761,5213,17018
PENNSYLVANIA,2007-08,63313,13.3,135234,2536,4497,4787,4960,16780
PENNSYLVANIA,2006-07,53175,15.2,123114,3398,4817,5110,5004,18329
PENNSYLVANIA,2005-06,52694,15,122397,3277,4610,5240,5226,18353
PENNSYLVANIA,2004-05,51750,15.1,121167,3333,4709,5786,5740,19568
PENNSYLVANIA,2003-04,50256,15.2,119889,,,,,
PENNSYLVANIA,2002-03,48548,15.4,118256,,,,,
PENNSYLVANIA,2001-02,48595,15.4,118470,,,,,
PENNSYLVANIA,2000-01,48018,15.5,116963,,,,,
PENNSYLVANIA,1999-00,47289,15.9,114525,,,,,
PENNSYLVANIA,1998-99,46530,16.4,111065,,,,,
PENNSYLVANIA,1997-98,45221,16.8,108014,,,,,
PENNSYLVANIA,1996-97,44851,,106432,,,,,
PENNSYLVANIA,1995-96,44455,,104921,,,,,
PENNSYLVANIA,1994-95,43798,,102988,,,,,
PENNSYLVANIA,1993-94,43358,,101301,,,,,
PENNSYLVANIA,1992-93,43691,,100912,,,,,
PENNSYLVANIA,1991-92,44975,,100475,,,,,
PENNSYLVANIA,1990-91,45556,,100275,,,,,
PENNSYLVANIA,1989-90,46698,,105415,,,,,
PENNSYLVANIA,1988-89,46988,,104379,,,,,
PENNSYLVANIA,1987-88,47305,,103307,,,,,
PENNSYLVANIA,1986-87,47861,,102993,,,,,
RHODE ISLAND,2013-14,4543.58,14.46,9824.05,573,613,509,471,2166
RHODE ISLAND,2012-13,4511.87,14.43,9871.31,577,581,476,452,2086
RHODE ISLAND,2011-12,5942,12.52,11414,681,700,644,534,2559
RHODE ISLAND,2010-11,5918.1,12.83,11211.8,783,821,715,516,2835
RHODE ISLAND,2009-10,5922.21,12.77,11366.23,525,520,532,418,1995
RHODE ISLAND,2008-09,5930,12.8,11316,586,552,546,315,1999
RHODE ISLAND,2007-08,5888,13.1,11271,400,473,475,291,1639
RHODE ISLAND,2006-07,5974,13.3,11381,495,551,472,364,1882
RHODE ISLAND,2005-06,6873,10.8,14180,547,531,475,371,1924
RHODE ISLAND,2004-05,2950,13.3,11781,651,576,516,469,2212
RHODE ISLAND,2003-04,2783,13.4,11918,,,,,
RHODE ISLAND,2002-03,4712,14.2,11196,,,,,
RHODE ISLAND,2001-02,4657,14.2,11103,,,,,
RHODE ISLAND,2000-01,4405,14.8,10645,,,,,
RHODE ISLAND,1999-00,4555,14.2,11041,,,,,
RHODE ISLAND,1998-99,4617,13.9,11124,,,,,
RHODE ISLAND,1997-98,4385,14.5,10598,,,,,
RHODE ISLAND,1996-97,4280,,10656,,,,,
RHODE ISLAND,1995-96,4477,,10482,,,,,
RHODE ISLAND,1994-95,4090,,10066,,,,,
RHODE ISLAND,1993-94,4103,,9823,,,,,
RHODE ISLAND,1992-93,4165,,10069,,,,,
RHODE ISLAND,1991-92,3960,,9709,,,,,
RHODE ISLAND,1990-91,3979,,9522,,,,,
RHODE ISLAND,1989-90,3820,,9369,,,,,
RHODE ISLAND,1988-89,3775,,9216,,,,,
RHODE ISLAND,1987-88,3761,,8934,,,,,
RHODE ISLAND,1986-87,3783,,8916,,,,,
SOUTH CAROLINA,2013-14,14302.7,15.49,48151.2,1691,1811,1547,1220,6269
SOUTH CAROLINA,2012-13,14432.3,15.31,48072.1,2072,1972,1717,1313,7074
SOUTH CAROLINA,2011-12,14204.9,15.54,46782.2,2334,2319,1893,1467,8013
SOUTH CAROLINA,2010-11,13495.3,16.05,45210.4,2708,2309,1817,1268,8102
SOUTH CAROLINA,2009-10,14057.6,15.39,46979.5,–,–,–,–,–
SOUTH CAROLINA,2008-09,14272,14.4,49941,2280,1892,1372,933,6477
SOUTH CAROLINA,2007-08,30757,15,47368,2434,1884,1346,1003,6667
SOUTH CAROLINA,2006-07,31882,14.4,49284,2259,1833,1212,927,6231
SOUTH CAROLINA,2005-06,13848,14.6,48212,2239,1822,1233,930,6224
SOUTH CAROLINA,2004-05,13431,15,46914,2243,1801,1175,870,6089
SOUTH CAROLINA,2003-04,13041,15.3,45830,,,,,
SOUTH CAROLINA,2002-03,13083,14.9,46529,,,,,
SOUTH CAROLINA,2001-02,13158,14.5,46616,,,,,
SOUTH CAROLINA,2000-01,12835,14.9,45380,,,,,
SOUTH CAROLINA,1999-00,13682,14.7,45468,,,,,
SOUTH CAROLINA,1998-99,13443,15.2,43689,,,,,
SOUTH CAROLINA,1997-98,13149,15.6,42336,,,,,
SOUTH CAROLINA,1996-97,13082,,41463,,,,,
SOUTH CAROLINA,1995-96,12800,,39922,,,,,
SOUTH CAROLINA,1994-95,12617,,39437,,,,,
SOUTH CAROLINA,1993-94,12368,,38620,,,,,
SOUTH CAROLINA,1992-93,11891,,37295,,,,,
SOUTH CAROLINA,1991-92,11899,,37115,,,,,
SOUTH CAROLINA,1990-91,12125,,36963,,,,,
SOUTH CAROLINA,1989-90,12303,,36337,,,,,
SOUTH CAROLINA,1988-89,12461,,35877,,,,,
SOUTH CAROLINA,1987-88,12563,,35701,,,,,
SOUTH CAROLINA,1986-87,12444,,35349,,,,,
SOUTH DAKOTA,2013-14,2518.32,13.76,9509.63,184,267,258,291,1000
SOUTH DAKOTA,2012-13,2504.88,13.98,9333.89,97,194,176,216,683
SOUTH DAKOTA,2011-12,2513.6,13.84,9246.78,161,243,211,256,871
SOUTH DAKOTA,2010-11,2572.83,13.26,9511.67,267,434,346,416,1463
SOUTH DAKOTA,2009-10,2565.89,13.27,9325.99,341,503,427,414,1685
SOUTH DAKOTA,2008-09,2553,13.7,9244,352,440,381,543,1716
SOUTH DAKOTA,2007-08,2533,12.9,9416,313,397,500,459,1669
SOUTH DAKOTA,2006-07,2547,13.4,9070,210,335,393,401,1339
SOUTH DAKOTA,2005-06,2547,13.4,9129,210,284,297,343,1134
SOUTH DAKOTA,2004-05,2533,13.5,9064,321,394,421,435,1571
SOUTH DAKOTA,2003-04,2605,13.6,9245,,,,,
SOUTH DAKOTA,2002-03,2604,14,9257,,,,,
SOUTH DAKOTA,2001-02,2646,13.6,9370,,,,,
SOUTH DAKOTA,2000-01,2650,13.7,9396,,,,,
SOUTH DAKOTA,1999-00,2630,14,9384,,,,,
SOUTH DAKOTA,1998-99,2994,14.3,9273,,,,,
SOUTH DAKOTA,1997-98,2846,15.3,9282,,,,,
SOUTH DAKOTA,1996-97,2700,,9625,,,,,
SOUTH DAKOTA,1995-96,2676,,9641,,,,,
SOUTH DAKOTA,1994-95,2738,,9985,,,,,
SOUTH DAKOTA,1993-94,2589,,9557,,,,,
SOUTH DAKOTA,1992-93,2371,,8767,,,,,
SOUTH DAKOTA,1991-92,2950,,8868,,,,,
SOUTH DAKOTA,1990-91,3023,,8511,,,,,
SOUTH DAKOTA,1989-90,3029,,8191,,,,,
SOUTH DAKOTA,1988-89,3082,,8260,,,,,
SOUTH DAKOTA,1987-88,3339,,8172,,,,,
SOUTH DAKOTA,1986-87,3281,,8031,,,,,
TENNESSEE,2013-14,18936.7,15.09,65847.2,1370,1579,1790,2843,7582
TENNESSEE,2012-13,19102.5,14.96,66406.23,1558,1815,2437,3276,9086
TENNESSEE,2011-12,19066.4,15.06,66381.7,2270,2380,2888,3662,11200
TENNESSEE,2010-11,19314.5,14.84,66558.1,1808,1796,2565,2947,9116
TENNESSEE,2009-10,18945.52,14.88,65360.69,1560,1645,2186,2429,7820
TENNESSEE,2008-09,18848,15,64926,1449,1602,1999,2261,7311
TENNESSEE,2007-08,18626,14.9,64659,1611,1882,2340,2601,8434
TENNESSEE,2006-07,18210,15.7,62176,1558,1674,2195,2652,8079
TENNESSEE,2005-06,16822,16,59596,1895,2032,2432,2996,9355
TENNESSEE,2004-05,16462,15.7,60022,2051,2357,2815,3276,10499
TENNESSEE,2003-04,16168,15.7,59584,,,,,
TENNESSEE,2002-03,15839,15.8,58652,,,,,
TENNESSEE,2001-02,15735,15.8,58357,,,,,
TENNESSEE,2000-01,15585,15.9,57164,,,,,
TENNESSEE,1999-00,15195,15.1,60702,,,,,
TENNESSEE,1998-99,14940,15.3,59258,,,,,
TENNESSEE,1997-98,14610,16.5,54142,,,,,
TENNESSEE,1996-97,13762,,54790,,,,,
TENNESSEE,1995-96,13939,,53403,,,,,
TENNESSEE,1994-95,12795,,47406,,,,,
TENNESSEE,1993-94,12398,,46066,,,,,
TENNESSEE,1992-93,11659,,43566,,,,,
TENNESSEE,1991-92,12523,,43062,,,,,
TENNESSEE,1990-91,12576,,43051,,,,,
TENNESSEE,1989-90,15845,,42824,,,,,
TENNESSEE,1988-89,16150,,42657,,,,,
TENNESSEE,1987-88,15620,,42082,,,,,
TENNESSEE,1986-87,15504,,41103,,,,,
TEXAS,2013-14,137971.11,15.4,334580.15,6945,8253,6824,14048,36070
TEXAS,2012-13,133053.08,15.51,327356.92,7627,9597,8016,16153,41393
TEXAS,2011-12,130424.41,15.42,324281.97,9358,11760,9688,20563,51369
TEXAS,2010-11,133218.39,14.73,334996.94,9682,11991,10173,18978,50824
TEXAS,2009-10,131239.32,14.56,333163.82,12642,13042,11250,16770,53697
TEXAS,2008-09,127161,14.5,327905,10041,11151,9846,12437,43475
TEXAS,2007-08,123974,14.5,321929,10243,11672,9664,11400,42979
TEXAS,2006-07,119809,14.8,311649,10426,11439,9664,10918,42447
TEXAS,2005-06,116750,15,302425,11125,11550,9224,11054,42953
TEXAS,2004-05,114796,15,294547,12115,12768,9943,12147,46973
TEXAS,2003-04,112426,15,289481,,,,,
TEXAS,2002-03,113006,14.8,288655,,,,,
TEXAS,2001-02,110911,14.7,282846,,,,,
TEXAS,2000-01,108539,14.8,274826,,,,,
TEXAS,1999-00,98495,14.9,267935,,,,,
TEXAS,1998-99,96352,15.2,259739,,,,,
TEXAS,1997-98,87379,15.3,254557,,,,,
TEXAS,1996-97,88160,,247650,,,,,
TEXAS,1995-96,88843,,240371,,,,,
TEXAS,1994-95,85987,,234213,,,,,
TEXAS,1993-94,82139,,224830,,,,,
TEXAS,1992-93,81100,,219385,,,,,
TEXAS,1991-92,102562,,219192,,,,,
TEXAS,1990-91,102669,,219298,,,,,
TEXAS,1989-90,93201,,199397,,,,,
TEXAS,1988-89,93074,,196616,,,,,
TEXAS,1987-88,86211,,187159,,,,,
TEXAS,1986-87,86808,,186385,,,,,
UTAH,2013-14,11219.31,22.96,27246.92,207,555,927,2444,4133
UTAH,2012-13,10642.48,23.05,26609.86,262,687,1260,2841,5050
UTAH,2011-12,10332.55,23.06,25969.65,599,1039,1899,3383,6920
UTAH,2010-11,10131.96,22.8,25676.71,153,339,736,3537,4765
UTAH,2009-10,9980.83,22.31,25615.06,337,770,1209,2687,4998
UTAH,2008-09,9563,23.7,23657,384,747,1152,3235,5518
UTAH,2007-08,9711,23.7,24336,384,747,1152,3235,5518
UTAH,2006-07,9642,22.1,23640,559,803,1259,2973,5594
UTAH,2005-06,9455,22.1,22993,542,878,1438,2503,5361
UTAH,2004-05,9199,22.6,22287,435,929,1516,2569,5449
UTAH,2003-04,8867,22.4,22147,,,,,
UTAH,2002-03,9007,21.8,22415,,,,,
UTAH,2001-02,9088,21.8,22211,,,,,
UTAH,2000-01,9027,21.9,22008,,,,,
UTAH,1999-00,8909,22,21832,,,,,
UTAH,1998-99,8782,22.4,21501,,,,,
UTAH,1997-98,8681,22.9,21115,,,,,
UTAH,1996-97,7958,,19734,,,,,
UTAH,1995-96,8390,,20039,,,,,
UTAH,1994-95,8056,,19524,,,,,
UTAH,1993-94,7780,,19053,,,,,
UTAH,1992-93,7133,,19191,,,,,
UTAH,1991-92,6564,,18305,,,,,
UTAH,1990-91,6446,,17884,,,,,
UTAH,1989-90,6258,,17611,,,,,
UTAH,1988-89,6350,,17602,,,,,
UTAH,1987-88,5916,,17124,,,,,
UTAH,1986-87,6410,,17752,,,,,
VERMONT,2013-14,3152.23,10.59,8375.35,76,180,215,250,721
VERMONT,2012-13,3185.62,10.67,8402.74,95,181,252,256,784
VERMONT,2011-12,3206.26,10.75,8363.69,–,–,–,–,–
VERMONT,2010-11,3305.88,11.56,8382.08,–,–,–,–,–
VERMONT,2009-10,3563.18,10.47,8733.88,–,37,24,28,–
VERMONT,2008-09,3551,10.7,8766,119,229,252,239,839
VERMONT,2007-08,3601,10.7,8749,128,236,274,263,901
VERMONT,2006-07,3614,10.8,8859,148,277,364,322,1111
VERMONT,2005-06,3542,10.9,8851,194,313,369,391,1267
VERMONT,2004-05,3580,11.3,8720,245,362,446,423,1476
VERMONT,2003-04,3554,11.3,8749,,,,,
VERMONT,2002-03,3115,11.7,8542,,,,,
VERMONT,2001-02,3053,11.8,8554,,,,,
VERMONT,2000-01,3086,12.1,8414,,,,,
VERMONT,1999-00,3280,12.3,8474,,,,,
VERMONT,1998-99,3160,12.8,8221,,,,,
VERMONT,1997-98,3066,13.4,7909,,,,,
VERMONT,1996-97,3024,,7751,,,,,
VERMONT,1995-96,2969,,7676,,,,,
VERMONT,1994-95,2952,,7566,,,,,
VERMONT,1993-94,2947,,7330,,,,,
VERMONT,1992-93,2820,,7521,,,,,
VERMONT,1991-92,2827,,7031,,,,,
VERMONT,1990-91,3119,,7257,,,,,
VERMONT,1989-90,3194,,6852,,,,,
VERMONT,1988-89,3194,,6852,,,,,
VERMONT,1987-88,2964,,6656,,,,,
VERMONT,1986-87,3488,,6397,,,,,
VIRGINIA,2013-14,48009.28,14.14,90097.56,1741,1857,1934,2467,7999
VIRGINIA,2012-13,47536.44,14.16,89388.63,2097,2173,2334,2848,9452
VIRGINIA,2011-12,48922.82,13.85,90831.79,2296,2256,2464,3119,10135
VIRGINIA,2010-11,36778.63,17.64,70947.13,2461,2206,2443,2873,9983
VIRGINIA,2009-10,35648.81,17.58,70827.39,2464,2315,2371,2848,9998
VIRGINIA,2008-09,36182,17.3,71415,2460,2124,1780,2625,8989
VIRGINIA,2007-08,36954,17.1,71861,2944,2486,2252,2351,10033
VIRGINIA,2006-07,40627,15.3,79688,2925,2762,2216,2473,10376
VIRGINIA,2005-06,64926,11.7,103944,2812,2304,2179,2540,9835
VIRGINIA,2004-05,53214,12.9,93732,3247,2888,2533,2747,11415
VIRGINIA,2003-04,50724,13.2,90573,,,,,
VIRGINIA,2002-03,67556,11.8,99919,,,,,
VIRGINIA,2001-02,37135,13,89314,,,,,
VIRGINIA,2000-01,36623,13.2,86977,,,,,
VIRGINIA,1999-00,36100,13.3,85037,,,,,
VIRGINIA,1998-99,31536,14.2,79323,,,,,
VIRGINIA,1997-98,30880,14.3,77575,,,,,
VIRGINIA,1996-97,28788,,74526,,,,,
VIRGINIA,1995-96,28506,,74731,,,,,
VIRGINIA,1994-95,28259,,72505,,,,,
VIRGINIA,1993-94,28015,,70859,,,,,
VIRGINIA,1992-93,26996,,68181,,,,,
VIRGINIA,1991-92,25852,,64537,,,,,
VIRGINIA,1990-91,25826,,63638,,,,,
VIRGINIA,1989-90,25191,,62138,,,,,
VIRGINIA,1988-89,25464,,60883,,,,,
VIRGINIA,1987-88,25525,,59928,,,,,
VIRGINIA,1986-87,25097,,58141,,,,,
WASHINGTON,2013-14,24060.46,19.3,54866.76,2881,2792,3472,4815,13960
WASHINGTON,2012-13,23574.79,19.59,53698.77,3075,3115,4046,5273,15509
WASHINGTON,2011-12,22933.94,19.68,53118.65,3423,3910,5206,6437,18976
WASHINGTON,2010-11,23489.84,19.35,53934.11,3303,3555,4586,5501,16945
WASHINGTON,2009-10,22851.53,19.37,53447.82,3870,3685,5356,5516,18427
WASHINGTON,2008-09,22372,19.1,54428,3437,3225,3822,4157,14641
WASHINGTON,2007-08,22264,19.1,53960,4444,4493,5168,6875,20980
WASHINGTON,2006-07,22181,19.1,53743,5096,4326,4653,5646,19721
WASHINGTON,2005-06,22224,19.3,53508,5355,4957,5146,6641,22099
WASHINGTON,2004-05,21964,19.2,53125,–,–,–,–,†
WASHINGTON,2003-04,21569,19.3,52824,,,,,
WASHINGTON,2002-03,21471,19.2,52953,,,,,
WASHINGTON,2001-02,21078,19.2,52534,,,,,
WASHINGTON,2000-01,20426,19.7,51098,,,,,
WASHINGTON,1999-00,20424,19.9,50368,,,,,
WASHINGTON,1998-99,20325,20.1,49671,,,,,
WASHINGTON,1997-98,19937,20.2,49074,,,,,
WASHINGTON,1996-97,19289,,48307,,,,,
WASHINGTON,1995-96,18501,,46907,,,,,
WASHINGTON,1994-95,18247,,46439,,,,,
WASHINGTON,1993-94,17533,,45524,,,,,
WASHINGTON,1992-93,16820,,44295,,,,,
WASHINGTON,1991-92,16357,,42931,,,,,
WASHINGTON,1990-91,16168,,41764,,,,,
WASHINGTON,1989-90,15391,,40279,,,,,
WASHINGTON,1988-89,15745,,38780,,,,,
WASHINGTON,1987-88,16005,,38344,,,,,
WASHINGTON,1986-87,15719,,37065,,,,,
WEST VIRGINIA,2013-14,10586.25,14.06,19978.02,809,848,839,798,3294
WEST VIRGINIA,2012-13,10668.35,14.08,20101.15,875,908,896,765,3444
WEST VIRGINIA,2011-12,10764.94,13.97,20247.47,930,927,959,864,3680
WEST VIRGINIA,2010-11,10829.93,13.91,20338.46,838,865,896,736,3335
WEST VIRGINIA,2009-10,10824.72,13.93,20298.84,789,837,873,749,3248
WEST VIRGINIA,2008-09,10757,14,20209,826,923,846,782,3377
WEST VIRGINIA,2007-08,10813,13.9,20306,868,926,967,809,3570
WEST VIRGINIA,2006-07,7788,14.4,19633,742,885,791,637,3055
WEST VIRGINIA,2005-06,6737,14.1,19940,760,814,821,697,3092
WEST VIRGINIA,2004-05,6702,14,19958,831,1044,903,792,3570
WEST VIRGINIA,2003-04,6729,14,20020,,,,,
WEST VIRGINIA,2002-03,6801,14,20119,,,,,
WEST VIRGINIA,2001-02,6759,14,20139,,,,,
WEST VIRGINIA,2000-01,6905,13.7,20930,,,,,
WEST VIRGINIA,1999-00,7016,13.8,21082,,,,,
WEST VIRGINIA,1998-99,7072,14.2,20989,,,,,
WEST VIRGINIA,1997-98,7065,14.4,20947,,,,,
WEST VIRGINIA,1996-97,7087,,20888,,,,,
WEST VIRGINIA,1995-96,6788,,21073,,,,,
WEST VIRGINIA,1994-95,7244,,21024,,,,,
WEST VIRGINIA,1993-94,7394,,21029,,,,,
WEST VIRGINIA,1992-93,7495,,20961,,,,,
WEST VIRGINIA,1991-92,7448,,20997,,,,,
WEST VIRGINIA,1990-91,7760,,21476,,,,,
WEST VIRGINIA,1989-90,7741,,21653,,,,,
WEST VIRGINIA,1988-89,8104,,22177,,,,,
WEST VIRGINIA,1987-88,7985,,22702,,,,,
WEST VIRGINIA,1986-87,8460,,22931,,,,,
WISCONSIN,2013-14,28496.2,15.08,57980.2,971,611,1222,3260,6064
WISCONSIN,2012-13,28543.23,15.16,57550.78,944,610,1414,3444,6412
WISCONSIN,2011-12,28208.83,15.49,56244.93,997,678,1444,3540,6659
WISCONSIN,2010-11,28949,15.14,57625.42,1004,802,1311,3323,6440
WISCONSIN,2009-10,29961.74,14.93,58425.7,1061,912,1156,3142,6271
WISCONSIN,2008-09,30660,14.7,59401,1168,768,1150,3761,6847
WISCONSIN,2007-08,30763,14.8,58914,†,†,†,†,†
WISCONSIN,2006-07,31003,14.8,59089,1379,922,1121,2264,5686
WISCONSIN,2005-06,19391,14.6,60127,1218,970,1085,2260,5533
WISCONSIN,2004-05,19424,14.3,60521,1280,1058,1182,2482,6002
WISCONSIN,2003-04,18770,15.1,58216,,,,,
WISCONSIN,2002-03,18602,14.6,60385,,,,,
WISCONSIN,2001-02,18420,13.9,63310,,,,,
WISCONSIN,2000-01,18207,14.6,60165,,,,,
WISCONSIN,1999-00,18079,14.4,60778,,,,,
WISCONSIN,1998-99,17971,14.4,61176,,,,,
WISCONSIN,1997-98,17731,15.8,55732,,,,,
WISCONSIN,1996-97,17257,,54769,,,,,
WISCONSIN,1995-96,17015,,55033,,,,,
WISCONSIN,1994-95,16819,,54054,,,,,
WISCONSIN,1993-94,17237,,52822,,,,,
WISCONSIN,1992-93,18801,,53387,,,,,
WISCONSIN,1991-92,18550,,52028,,,,,
WISCONSIN,1990-91,17890,,49302,,,,,
WISCONSIN,1989-90,17870,,49329,,,,,
WISCONSIN,1988-89,17638,,48541,,,,,
WISCONSIN,1987-88,16854,,47721,,,,,
WISCONSIN,1986-87,17277,,47039,,,,,
WYOMING,2013-14,3476.92,12.27,7555.19,215,516,389,460,1580
WYOMING,2012-13,3397.25,12.45,7349.54,44,105,61,77,287
WYOMING,2011-12,3385.49,11.48,7846.91,126,434,384,422,1366
WYOMING,2010-11,3360.49,12.49,7127.45,126,421,393,438,1378
WYOMING,2009-10,3431.29,12.3,7165.53,238,424,458,427,1546
WYOMING,2008-09,3354,12.5,7000,196,320,369,419,1304
WYOMING,2007-08,3364,12.5,6915,170,269,386,437,1262
WYOMING,2006-07,3437,12.6,6737,132,274,429,439,1274
WYOMING,2005-06,3393,12.6,6706,185,459,538,500,1682
WYOMING,2004-05,3402,12.7,6657,234,498,592,576,1900
WYOMING,2003-04,3401,13.3,6567,,,,,
WYOMING,2002-03,3463,13,6799,,,,,
WYOMING,2001-02,3434,13.2,6663,,,,,
WYOMING,2000-01,3490,13.3,6783,,,,,
WYOMING,1999-00,3532,13.3,6940,,,,,
WYOMING,1998-99,3474,14.2,6713,,,,,
WYOMING,1997-98,3427,14.5,6677,,,,,
WYOMING,1996-97,3416,,6729,,,,,
WYOMING,1995-96,3391,,6734,,,,,
WYOMING,1994-95,3423,,6754,,,,,
WYOMING,1993-94,3322,,6537,,,,,
WYOMING,1992-93,2937,,5821,,,,,
WYOMING,1991-92,3134,,6564,,,,,
WYOMING,1990-91,3460,,6784,,,,,
WYOMING,1989-90,3421,,6697,,,,,
WYOMING,1988-89,3437,,6693,,,,,
WYOMING,1987-88,3491,,6798,,,,,
WYOMING,1986-87,2124,,7201,,,,,
