State,Year,Secondary Teachers [State],Pupil/Teacher Ratio [State],Full-Time Equivalent (FTE) Teachers [State],Grade 9 Students Enrollment [State],Grade 10 Students Enrollment [State],Grade 11 Students Enrollment [State],Grade 12 Students Enrollment [State],Grade 9 Dropouts [State],Grade 10 Dropouts [State],Grade 11 Dropouts [State],Grade 12 Dropouts [State],Grades 9-12 Dropouts [State]
ALABAMA,2013-14,14133.06,15.82,47161.77,62069,56144,51527,48965,864,1128,1048,862,3902
ALABAMA,2012-13,21449.7,14.35,51877.22,61642,56229,50387,48945,865,900,829,698,3292
ALABAMA,2011-12,20759.19,15.6,47722.67,61412,55908,50785,49510,1256,1335,1221,842,4654
ALABAMA,2010-11,21306.38,15.31,49363.24,62615,57644,51962,49719,1216,1409,1256,1097,4978
ALABAMA,2009-10,20417,15.77,47492,63338,57794,50199,48164,1263,1461,1358,1267,5349
ALABAMA,2008-09,20625,15.6,47818,64681,56559,49587,46763,1500,1645,1497,1283,5925
ALABAMA,2007-08,21334,14.7,50420,65355,55502,49884,46200,1591,1864,1886,1501,6842
ALABAMA,2006-07,21749,13.2,56134,64943,55864,49690,44471,1705,1923,1946,1493,7067
ALABAMA,2005-06,14409,12.8,57757,65192,55492,48278,43452,1929,1963,1952,1568,7412
ALABAMA,2004-05,14264,14.2,51594,64569,53604,47538,42672,2044,2267,2170,1757,8238
ALABAMA,2003-04,19918,12.6,58070,62718,53695,47489,42005,,,,,
ALABAMA,2002-03,19459,15.7,47115,61646,52543,46449,45521,,,,,
ALABAMA,2001-02,19298,15.8,46785,61038,51525,46138,42909,,,,,
ALABAMA,2000-01,20267,15.4,48194,60463,51991,46392,42512,,,,,
ALABAMA,1999-00,20708,15.2,48624,61150,52304,46015,42576,,,,,
ALABAMA,1998-99,21023,15.7,47766,62724,52731,46218,43957,,,,,
ALABAMA,1997-98,20185,16.3,45967,63707,52780,47389,44272,,,,,
ALABAMA,1996-97,19642,,45035,64205,52848,48417,42510,,,,,
ALABAMA,1995-96,19121,,44056,65299,53780,46780,40981,,,,,
ALABAMA,1994-95,18423,,42791,63656,50929,44970,41730,,,,,
ALABAMA,1993-94,19073,,43003,62141,50543,46067,39900,,,,,
ALABAMA,1992-93,18526,,41961,60590,50629,44000,41167,,,,,
ALABAMA,1991-92,17542,,40480,60210,48417,45179,41725,,,,,
ALABAMA,1990-91,14820,,36266,57318,49923,45437,42031,,,,,
ALABAMA,1989-90,17717,,39928,58333,49868,46330,43482,,,,,
ALABAMA,1988-89,17722,,38845,58543,51114,47873,45571,,,,,
ALABAMA,1987-88,17477,,37716,59480,53174,49834,45742,,,,,
ALABAMA,1986-87,15772,,36971,62612,56014,50731,45396,,,,,
ALASKA,2013-14,3643.25,16.58,7898.26,9904,9284,9542,9500,404,551,1014,851,2820
ALASKA,2012-13,3491.17,17.12,7682.18,9724,9415,9585,9696,392,554,1032,926,2904
ALASKA,2011-12,3778.52,16.22,8087.87,9833,9546,9813,9918,455,607,940,1038,3040
ALASKA,2010-11,2830.2,16.17,8170.64,10023,9723,10725,9643,525,712,891,961,3089
ALASKA,2009-10,3819.2,16.29,8083.1,10112,10072,10874,9779,546,823,897,1081,3347
ALASKA,2008-09,3816,16.5,7927,10475,10200,10937,9787,804,815,827,903,3349
ALASKA,2007-08,3716,17.2,7613,10719,10639,10599,10092,764,817,665,568,2814
ALASKA,2006-07,3776,16.8,7903,11337,10839,10226,10039,892,874,748,531,3045
ALASKA,2005-06,2304,16.8,7912,11405,11035,10045,9578,837,882,785,705,3209
ALASKA,2004-05,2388,17.1,7756,11934,10664,9625,8766,759,849,754,815,3177
ALASKA,2003-04,2329,17.2,7808,11803,10623,9161,8651,,,,,
ALASKA,2002-03,2825,16.6,8080,11881,10219,9074,8810,,,,,
ALASKA,2001-02,2842,16.7,8026,11734,10147,9240,8340,,,,,
ALASKA,2000-01,2765,16.9,7880,11582,10110,8887,8335,,,,,
ALASKA,1999-00,2567,17.1,7838,11568,10217,8624,8381,,,,,
ALASKA,1998-99,2932,16.7,8118,11442,9749,8800,8403,,,,,
ALASKA,1997-98,2769,17.3,7625,10671,9561,8471,7771,,,,,
ALASKA,1996-97,2612,,7418,10621,9426,8140,7370,,,,,
ALASKA,1995-96,2599,,7379,10263,9045,7765,7111,,,,,
ALASKA,1994-95,2539,,7205,9947,8692,7642,7057,,,,,
ALASKA,1993-94,2491,,7193,9608,8514,7250,6975,,,,,
ALASKA,1992-93,2136,,7282,9187,7889,7057,6714,,,,,
ALASKA,1991-92,2019,,7118,8449,7670,6816,6621,,,,,
ALASKA,1990-91,2038,,6710,8114,7306,6700,6486,,,,,
ALASKA,1989-90,2021,,6492,7545,7109,6526,6402,,,,,
ALASKA,1988-89,2263,,6272,7468,7085,6559,6851,,,,,
ALASKA,1987-88,2990,,6113,7549,7181,7094,7160,,,,,
ALASKA,1986-87,3924,,6448,7872,7894,7423,6753,,,,,
ARIZONA,2013-14,14468.32,22.8,48358.73,83995,81410,77448,84291,4207,4594,5269,10795,24865
ARIZONA,2012-13,14618.52,22.29,48866.42,82291,80074,77518,81751,6684,5082,5976,8431,26173
ARIZONA,2011-12,14741.82,21.27,50800.15,82089,80788,76751,81179,3538,4141,5108,8247,21034
ARIZONA,2010-11,14842.77,21.42,50030.62,82304,79842,76275,81326,3951,4496,5434,9307,23188
ARIZONA,2009-10,14938.9,20.75,51947.23,82461,80281,75372,79283,4020,4715,5507,8743,22573
ARIZONA,2008-09,15619,19.9,54696,83831,80200,75282,76735,3783,4544,4860,6793,19980
ARIZONA,2007-08,15225,20.1,54032,84030,80655,75416,76275,4726,4913,4926,5968,20533
ARIZONA,2006-07,14832,20.3,52625,84086,79927,73175,71388,6144,5532,5320,6246,23242
ARIZONA,2005-06,14705,21.3,51376,99040,92746,83935,79180,7243,6583,5852,6636,26314
ARIZONA,2004-05,14412,21.3,48935,91860,82536,75259,71035,7892,6448,5773,5519,25632
ARIZONA,2003-04,13459,21.3,47507,87576,79320,71561,68815,,,,,
ARIZONA,2002-03,13292,19.9,47101,79777,71165,65222,60820,,,,,
ARIZONA,2001-02,13033,20,46015,72859,67117,57782,52162,,,,,
ARIZONA,2000-01,12522,19.8,44438,70727,63765,52940,49501,,,,,
ARIZONA,1999-00,12403,19.4,43892,68646,60489,51771,47907,,,,,
ARIZONA,1998-99,11623,20,42352,67476,60333,51245,45813,,,,,
ARIZONA,1997-98,11403,19.8,41129,66357,58472,48676,44259,,,,,
ARIZONA,1996-97,10940,,40521,64566,56109,47573,42041,,,,,
ARIZONA,1995-96,10499,,38017,59346,52654,43547,39197,,,,,
ARIZONA,1994-95,10537,,38132,59150,51564,43363,40119,,,,,
ARIZONA,1993-94,10305,,37493,54878,48281,41964,37614,,,,,
ARIZONA,1992-93,9825,,36076,51426,46790,39584,37410,,,,,
ARIZONA,1991-92,8696,,33978,49038,43323,37828,36122,,,,,
ARIZONA,1990-91,8517,,32987,46369,42359,37043,34645,,,,,
ARIZONA,1989-90,8676,,32134,44106,40525,35670,35618,,,,,
ARIZONA,1988-89,8744,,31617,43002,39886,37050,36962,,,,,
ARIZONA,1987-88,8385,,30707,43183,40840,38951,36513,,,,,
ARIZONA,1986-87,8021,,29104,44263,43003,39685,35777,,,,,
ARKANSAS,2013-14,14216.47,14.03,34933.04,37934,36447,34158,31646,720,1130,1427,1613,4892
ARKANSAS,2012-13,13928.81,14.24,34131.42,37978,36343,33373,30734,872,1330,1739,1699,5641
ARKANSAS,2011-12,13974.33,14.22,33982.96,38078,35729,32711,30441,1076,1561,1922,1933,6492
ARKANSAS,2010-11,14076.52,14.07,34272.8,37807,35280,32739,30330,1111,1486,1889,1970,6456
ARKANSAS,2009-10,14577,12.9,37240,37556,35523,32567,30567,691,1115,1334,1146,4285
ARKANSAS,2008-09,14525,12.9,37162,37627,35853,33460,30256,925,1427,1691,1802,5845
ARKANSAS,2007-08,13520,14.1,33882,37819,36781,33613,30708,1058,1508,1898,1772,6236
ARKANSAS,2006-07,15983,13.6,35089,38937,37233,33902,29617,912,1450,1942,1787,6091
ARKANSAS,2005-06,16778,14.4,32997,38952,37331,32603,29351,1296,1605,2137,1888,6926
ARKANSAS,2004-05,15387,14.8,31234,38279,35794,31928,28640,1226,1707,2135,1919,6987
ARKANSAS,2003-04,15499,14.7,30876,37301,35343,31228,28840,,,,,
ARKANSAS,2002-03,15182,14.9,30330,36395,34386,31658,29277,,,,,
ARKANSAS,2001-02,15678,13.6,33079,35894,34418,32257,28849,,,,,
ARKANSAS,2000-01,13665,14.1,31947,36078,34958,31557,28918,,,,,
ARKANSAS,1999-00,13054,14.4,31362,36657,35081,31839,29316,,,,,
ARKANSAS,1998-99,12668,16.2,27953,36378,35264,31742,29123,,,,,
ARKANSAS,1997-98,12706,17,26931,37038,35333,31874,29204,,,,,
ARKANSAS,1996-97,12399,,26681,37160,35335,31889,27613,,,,,
ARKANSAS,1995-96,12370,,26449,37005,35209,30566,27083,,,,,
ARKANSAS,1994-95,12160,,26181,36689,34158,29429,27161,,,,,
ARKANSAS,1993-94,12208,,26014,36045,32711,29876,27169,,,,,
ARKANSAS,1992-93,12251,,26017,33518,32700,29244,27651,,,,,
ARKANSAS,1991-92,12207,,25785,33693,31583,29389,27544,,,,,
ARKANSAS,1990-91,12446,,25984,32696,31649,29424,27734,,,,,
ARKANSAS,1989-90,12242,,25585,32731,31965,29597,28505,,,,,
ARKANSAS,1988-89,12821,,27730,33009,32169,30746,30074,,,,,
ARKANSAS,1987-88,12106,,25572,33489,33337,32346,29499,,,,,
ARKANSAS,1986-87,12204,,24944,34501,35025,31354,28729,,,,,
CALIFORNIA,2013-14,80911.37,24.33,259505.79,491493,484993,477425,498403,13849,15518,20625,42587,92874
CALIFORNIA,2012-13,87674.54,23.66,266254.85,497945,487566,482903,496754,13479,15275,20057,52377,101188
CALIFORNIA,2011-12,85726.94,23.4,268688.93,501073,494739,487113,494144,13316,15150,19468,50129,98230
CALIFORNIA,2010-11,84198.5,24.12,260806.3,510011,502452,488530,492545,17369,18207,22044,51103,108723
CALIFORNIA,2009-10,93616.08,19.8,316298.58,524681,506192,487688,478503,12697,11823,13704,34054,72277
CALIFORNIA,2008-09,88190,20.8,303647,539167,509157,489207,476156,11809,11050,12530,25135,60524
CALIFORNIA,2007-08,86030,20.8,305371,541650,513707,488227,468281,12282,12811,13059,24134,62286
CALIFORNIA,2006-07,85106,20.8,307366,545466,517813,487440,443253,13226,13289,13747,18783,59045
CALIFORNIA,2005-06,83953,20.8,309222,546914,515681,467241,423241,–,–,–,–,†
CALIFORNIA,2004-05,81096,21.1,305969,549463,497197,459125,409576,–,–,–,–,†
CALIFORNIA,2003-04,78462,21.1,304311,528564,490214,440546,395194,,,,,
CALIFORNIA,2002-03,80551,20.6,307764,522108,471648,428117,385181,,,,,
CALIFORNIA,2001-02,77488,20.5,304203,499505,459588,420295,365907,,,,,
CALIFORNIA,2000-01,76098,20.6,298021,485910,455134,409119,357789,,,,,
CALIFORNIA,1999-00,68292,21,287433,482355,444161,401348,347914,,,,,
CALIFORNIA,1998-99,65483,21,281784,468162,433528,390742,334852,,,,,
CALIFORNIA,1997-98,66388,21.6,268535,458650,423865,378819,317595,,,,,
CALIFORNIA,1996-97,63609,,248818,450820,413725,362404,298669,,,,,
CALIFORNIA,1995-96,60743,,230849,437974,396020,343419,287428,,,,,
CALIFORNIA,1994-95,58586,,225016,420643,381364,334408,285132,,,,,
CALIFORNIA,1993-94,56384,,221787,406551,375992,333716,277271,,,,,
CALIFORNIA,1992-93,55121,,218566,396482,375327,329527,270675,,,,,
CALIFORNIA,1991-92,58900,,224000,398734,370635,324395,260693,,,,,
CALIFORNIA,1990-91,56801,,217228,381573,361594,315322,244142,,,,,
CALIFORNIA,1989-90,56258,,212687,367444,349715,309689,243023,,,,,
CALIFORNIA,1988-89,54883,,203342,356732,338871,313982,257450,,,,,
CALIFORNIA,1987-88,56195,,195864,345654,345144,332980,266028,,,,,
CALIFORNIA,1986-87,75374,,190484,348672,363756,341809,251281,,,,,
COLORADO,2013-14,21350.05,17.48,50157.36,64753,62510,59281,62836,1957,2216,3045,5673,12891
COLORADO,2012-13,20889.24,17.65,48921.79,63859,60842,58847,62503,2584,2721,3649,5617,14571
COLORADO,2011-12,20421.29,17.77,48077.76,62358,60662,58993,61398,2469,2915,4067,5668,15119
COLORADO,2010-11,20572.19,17.37,48542.99,62258,60775,58307,60899,3466,3846,3982,4971,16265
COLORADO,2009-10,20989.33,16.97,49060.32,64106,60394,57964,58526,3621,4417,4628,5237,17903
COLORADO,2008-09,21013,16.8,48692,63779,60554,57870,55936,3942,4147,4347,5061,17497
COLORADO,2007-08,20814,16.8,47761,63333,60702,56772,55334,2422,2898,3095,3548,11963
COLORADO,2006-07,23175,16.9,46973,64754,60272,56037,53922,1721,1820,2038,2094,7673
COLORADO,2005-06,22628,17,45841,63818,59962,54353,51818,–,–,–,–,†
COLORADO,2004-05,22561,17,45165,64446,57678,52770,50387,–,–,–,–,†
COLORADO,2003-04,22219,16.9,44904,63312,56844,52288,48924,,,,,
COLORADO,2002-03,22186,16.6,45401,63076,55938,51593,46790,,,,,
COLORADO,2001-02,21601,16.8,44182,62756,54862,50459,44912,,,,,
COLORADO,2000-01,20574,17.3,41983,61197,54006,49237,43502,,,,,
COLORADO,1999-00,20139,17.4,40772,58710,52548,47725,41999,,,,,
COLORADO,1998-99,19056,17.7,39434,58265,51622,47173,40076,,,,,
COLORADO,1997-98,18526,18.2,37840,56644,50972,45380,39263,,,,,
COLORADO,1996-97,17775,,36398,55219,49058,44244,37179,,,,,
COLORADO,1995-96,17390,,35388,52472,47128,41751,35480,,,,,
COLORADO,1994-95,16886,,34894,50078,44702,39956,35464,,,,,
COLORADO,1993-94,16222,,33661,47344,42536,39610,34770,,,,,
COLORADO,1992-93,16134,,33419,45363,41844,38559,34533,,,,,
COLORADO,1991-92,16158,,33093,44345,40656,38164,33108,,,,,
COLORADO,1990-91,15839,,32342,42553,39863,36614,33582,,,,,
COLORADO,1989-90,15797,,31954,42278,38630,37391,34799,,,,,
COLORADO,1988-89,15629,,31398,41346,39464,38819,37538,,,,,
COLORADO,1987-88,15662,,31168,42018,41889,42006,39231,,,,,
COLORADO,1986-87,15010,,30704,44478,44794,42543,37327,,,,,
CONNECTICUT,2013-14,13267.57,12.57,43443.09,45055,42211,40997,40775,1316,1127,1452,1299,5194
CONNECTICUT,2012-13,13364.93,12.54,43931.33,45166,42144,42192,40743,1271,1233,1413,1475,5392
CONNECTICUT,2011-12,13310.06,12.66,43804.81,45140,43145,42098,40677,1233,1271,1296,1106,4906
CONNECTICUT,2010-11,14029.53,13.05,42951.39,45908,43573,42209,41381,894,951,1040,752,3637
CONNECTICUT,2009-10,14236.25,12.94,43592.83,46385,43836,42754,41029,839,793,901,677,3210
CONNECTICUT,2008-09,15602,11.7,48463,47216,44485,42536,40743,–,790,906,744,2440
CONNECTICUT,2007-08,12259,14.5,39304,48472,44526,42667,40927,†,767,835,715,2317
CONNECTICUT,2006-07,12126,14.7,39115,48579,44980,43451,40027,857,954,935,733,3479
CONNECTICUT,2005-06,12177,14.5,39687,49070,45266,42356,38662,1072,1052,1071,902,4097
CONNECTICUT,2004-05,12003,14.9,38808,49177,44580,41124,38340,1316,1215,1198,920,4649
CONNECTICUT,2003-04,13036,13.6,42370,48643,43547,39990,37229,,,,,
CONNECTICUT,2002-03,12575,13.5,42296,46840,42488,38638,36059,,,,,
CONNECTICUT,2001-02,12305,13.7,41773,46621,41778,37511,34301,,,,,
CONNECTICUT,2000-01,11944,13.7,41044,45525,40608,37010,32591,,,,,
CONNECTICUT,1999-00,11487,13.9,39907,43977,39273,35160,31670,,,,,
CONNECTICUT,1998-99,11284,14,38772,43140,37682,34058,30437,,,,,
CONNECTICUT,1997-98,11067,14.2,37658,41713,36746,32753,29660,,,,,
CONNECTICUT,1996-97,10812,,36551,41003,35800,32068,28882,,,,,
CONNECTICUT,1995-96,9445,,36070,39380,34797,31198,28282,,,,,
CONNECTICUT,1994-95,9340,,35316,38001,33780,30760,28640,,,,,
CONNECTICUT,1993-94,9345,,34526,36481,32802,30393,27979,,,,,
CONNECTICUT,1992-93,12552,,34193,35796,32767,29988,28366,,,,,
CONNECTICUT,1991-92,13055,,34383,35258,31895,30083,28339,,,,,
CONNECTICUT,1990-91,13594,,34785,33381,31186,29289,27859,,,,,
CONNECTICUT,1989-90,13599,,34618,33185,31306,29491,29186,,,,,
CONNECTICUT,1988-89,16775,,35502,33688,31825,31247,32164,,,,,
CONNECTICUT,1987-88,16900,,35050,34707,34202,35480,34805,,,,,
CONNECTICUT,1986-87,16729,,34252,37191,37775,37293,34742,,,,,
DELAWARE,2013-14,4605.78,14.03,9388.06,11418,9718,8811,8536,546,386,299,288,1519
DELAWARE,2012-13,4596,13.94,9257,11056,9670,8931,8365,717,526,384,360,1987
DELAWARE,2011-12,4332,15.02,8587.21,11168,9809,8775,8570,710,622,422,458,2212
DELAWARE,2010-11,4476,14.49,8933,11416,10147,9097,8464,757,561,371,331,2020
DELAWARE,2009-10,4377.88,14.68,8639.58,11726,10321,8727,8317,751,526,417,300,1994
DELAWARE,2008-09,4229,15.1,8322,11755,9953,8791,8120,807,469,348,259,1883
DELAWARE,2007-08,4088,15,8198,11479,10028,8367,7681,785,557,439,327,2108
DELAWARE,2006-07,4057,15.2,8038,11785,9770,8221,7482,761,467,352,282,1862
DELAWARE,2005-06,3990,15.1,7998,11638,9279,7826,7555,838,548,394,339,2119
DELAWARE,2004-05,3942,15.2,7856,11249,9081,7772,7390,522,410,265,223,1420
DELAWARE,2003-04,3902,15.2,7749,11009,8782,7687,7292,,,,,
DELAWARE,2002-03,3857,15.1,7698,10409,8797,7737,7178,,,,,
DELAWARE,2001-02,3793,15.3,7571,10602,9032,7595,7028,,,,,
DELAWARE,2000-01,3688,15.4,7469,10628,8887,7256,7104,,,,,
DELAWARE,1999-00,3622,15.4,7318,10150,8618,7304,6490,,,,,
DELAWARE,1998-99,3522,16,7074,10453,8861,7223,6770,,,,,
DELAWARE,1997-98,3488,16.3,6850,10259,8807,7381,6741,,,,,
DELAWARE,1996-97,3364,,6642,10057,8956,7108,6447,,,,,
DELAWARE,1995-96,3258,,6463,10112,8325,6785,6211,,,,,
DELAWARE,1994-95,3201,,6416,9469,7979,6681,5865,,,,,
DELAWARE,1993-94,3121,,6380,8930,7867,6251,5882,,,,,
DELAWARE,1992-93,3042,,6252,8519,7521,6169,6129,,,,,
DELAWARE,1991-92,2965,,6095,8085,7365,6238,5953,,,,,
DELAWARE,1990-91,2941,,5961,7869,7424,5862,5897,,,,,
DELAWARE,1989-90,2950,,5982,7827,7121,5847,6314,,,,,
DELAWARE,1988-89,2962,,5898,7651,7062,6272,6807,,,,,
DELAWARE,1987-88,3044,,5951,7684,7576,6818,6867,,,,,
DELAWARE,1986-87,3046,,5883,8103,8145,6734,6621,,,,,
DISTRICT OF COLUMBIA,2013-14,1725.91,13.04,5991.43,6116,4448,3827,3326,501,262,153,133,1240
DISTRICT OF COLUMBIA,2012-13,2295.09,12.85,5925.1,6275,4245,3740,3317,510,258,157,138,1246
DISTRICT OF COLUMBIA,2011-12,1929.59,11.77,6278.06,6050,4313,3708,3190,436,314,226,199,1175
DISTRICT OF COLUMBIA,2010-11,2049.12,12.03,5925.33,5858,4516,3851,3407,512,346,258,226,1342
DISTRICT OF COLUMBIA,2009-10,2124,11.86,5854,6181,4431,3684,3301,–,–,–,–,–
DISTRICT OF COLUMBIA,2008-09,2263,12.9,5321,6334,4390,3723,3444,–,–,–,–,†
DISTRICT OF COLUMBIA,2007-08,2619,12.4,6347,7099,5028,4113,4002,†,†,†,†,†
DISTRICT OF COLUMBIA,2006-07,2271,13.5,5383,6508,4391,4047,3367,–,–,–,–,†
DISTRICT OF COLUMBIA,2005-06,2316,14,5481,6141,5333,4118,3177,–,–,–,–,†
DISTRICT OF COLUMBIA,2004-05,2286,14.2,5387,6285,4804,3816,2820,–,–,–,–,†
DISTRICT OF COLUMBIA,2003-04,1856,13.8,5676,5656,4585,3616,2971,,,,,
DISTRICT OF COLUMBIA,2002-03,1618,15.2,5005,4871,3963,3532,3008,,,,,
DISTRICT OF COLUMBIA,2001-02,1599,13.8,4951,4012,3584,3119,2815,,,,,
DISTRICT OF COLUMBIA,2000-01,1248,13.9,4949,4207,3606,3183,2785,,,,,
DISTRICT OF COLUMBIA,1999-00,1884,16,4812,5289,4113,3550,2897,,,,,
DISTRICT OF COLUMBIA,1998-99,1974,13.9,5187,4387,3786,3187,2572,,,,,
DISTRICT OF COLUMBIA,1997-98,1820,17.6,4388,4913,4473,3549,2961,,,,,
DISTRICT OF COLUMBIA,1996-97,1815,,5288,4951,4554,3694,3042,,,,,
DISTRICT OF COLUMBIA,1995-96,1815,,5305,5159,4896,3700,2972,,,,,
DISTRICT OF COLUMBIA,1994-95,2173,,6110,4923,4904,3920,3203,,,,,
DISTRICT OF COLUMBIA,1993-94,2259,,6056,5003,5403,4145,3303,,,,,
DISTRICT OF COLUMBIA,1992-93,2305,,6064,5068,5382,4290,3433,,,,,
DISTRICT OF COLUMBIA,1991-92,2294,,6346,4947,5452,4108,3415,,,,,
DISTRICT OF COLUMBIA,1990-91,2532,,5950,4958,5221,4298,3481,,,,,
DISTRICT OF COLUMBIA,1989-90,2534,,6055,4852,5801,4518,3778,,,,,
DISTRICT OF COLUMBIA,1988-89,2596,,5936,5390,5927,4951,4346,,,,,
DISTRICT OF COLUMBIA,1987-88,2565,,6232,5665,5650,5391,4806,,,,,
DISTRICT OF COLUMBIA,1986-87,2031,,5984,5884,6193,5706,4230,,,,,
FLORIDA,2013-14,66895.66,15.3,177853.2,219016,206599,197997,183422,4189,4348,4678,4816,18031
FLORIDA,2012-13,66929.88,15.25,176537.21,215693,206662,194054,183193,5268,5325,5133,4883,20609
FLORIDA,2011-12,65633.43,15.25,175006.3,218469,203907,195307,174371,6393,6212,5954,5882,26635
FLORIDA,2010-11,66618.99,15.05,175609.29,214993,205142,186399,178315,8437,7744,7302,7059,30542
FLORIDA,2009-10,65821,14.33,183827,219705,199162,192433,172321,9132,7889,7672,7649,32342
FLORIDA,2008-09,66343,14.1,186361,217105,207296,189619,167705,8324,6657,6184,6468,27633
FLORIDA,2007-08,67794,14,190615,233376,213074,194670,169832,8139,6166,5575,5633,25513
FLORIDA,2006-07,64334,16.4,162851,240337,212588,189074,162952,8658,5715,4627,5542,24542
FLORIDA,2005-06,62190,16.8,158962,245587,212560,185937,157545,9732,6033,4789,5531,26085
FLORIDA,2004-05,60876,17,154864,250263,202437,179028,149810,11495,6955,5893,5622,29965
FLORIDA,2003-04,57139,17.9,144955,253565,191640,165283,144764,,,,,
FLORIDA,2002-03,53831,18.4,138226,249877,184325,158509,137939,,,,,
FLORIDA,2001-02,52204,18.6,134684,248764,172935,150752,130613,,,,,
FLORIDA,2000-01,51028,18.4,132030,238825,170385,145900,119809,,,,,
FLORIDA,1999-00,49890,18.3,130336,223743,177234,138667,116259,,,,,
FLORIDA,1998-99,49025,18.4,126796,214459,171405,135021,112724,,,,,
FLORIDA,1997-98,47411,18.4,124473,203561,168060,133774,108366,,,,,
FLORIDA,1996-97,44902,,120471,193153,161606,128822,105469,,,,,
FLORIDA,1995-96,42745,,114938,182980,154030,126183,99519,,,,,
FLORIDA,1994-95,40893,,110674,172947,147942,119913,100720,,,,,
FLORIDA,1993-94,40876,,110653,164978,140271,119674,100646,,,,,
FLORIDA,1992-93,39826,,107590,154379,138837,117506,100835,,,,,
FLORIDA,1991-92,41588,,109939,152073,135114,117121,100210,,,,,
FLORIDA,1990-91,41279,,108088,148396,134193,114293,94776,,,,,
FLORIDA,1989-90,40003,,104127,145727,131999,112121,96639,,,,,
FLORIDA,1988-89,38511,,100370,144216,130426,114622,99659,,,,,
FLORIDA,1987-88,37470,,95857,142768,135151,117937,97109,,,,,
FLORIDA,1986-87,36438,,91969,145470,136424,114825,89663,,,,,
GEORGIA,2013-14,42830.8,15.75,109441,148721,128105,110112,103094,5800,5095,4074,2800,17769
GEORGIA,2012-13,42794.5,15.57,109364.9,146953,124928,108084,101078,6499,5659,4585,3199,19942
GEORGIA,2011-12,43440.9,15.16,111133.3,144204,124998,105939,98625,6126,5419,4416,3001,20135
GEORGIA,2010-11,43775.1,14.91,112459.6,145043,124239,104914,100392,7002,5959,4832,3308,21101
GEORGIA,2009-10,45344,14.39,115917.9,144918,122022,108215,97779,7707,6466,5375,3824,23364
GEORGIA,2008-09,46233,13.9,118839,143933,124006,106038,96131,7929,6666,5556,4129,24280
GEORGIA,2007-08,45681,14.1,116857,147106,123454,105009,95443,6333,6094,5397,4808,22632
GEORGIA,2006-07,44907,14.3,113597,145883,121715,104649,90402,6850,6302,5589,5087,23828
GEORGIA,2005-06,43065,14.7,108535,145243,120058,99914,87800,7836,6895,5848,5236,25815
GEORGIA,2004-05,41310,14.8,104987,142079,113044,96063,83872,8243,7248,6189,5863,27543
GEORGIA,2003-04,40793,15.7,97150,135091,109851,93107,81381,,,,,
GEORGIA,2002-03,40421,15.6,96044,131543,106335,91118,78455,,,,,
GEORGIA,2001-02,38881,15.9,92732,128734,102590,88301,75814,,,,,
GEORGIA,2000-01,38009,15.9,91043,126793,99934,85910,72317,,,,,
GEORGIA,1999-00,37147,15.7,90638,125388,98019,82974,72351,,,,,
GEORGIA,1998-99,36283,15.8,88658,123055,95755,81968,71127,,,,,
GEORGIA,1997-98,35479,16,86244,121511,94881,79682,69355,,,,,
GEORGIA,1996-97,33733,,81795,119617,92630,78137,65527,,,,,
GEORGIA,1995-96,38592,,79480,117429,90117,74137,63736,,,,,
GEORGIA,1994-95,21703,,77914,114176,85636,71880,64606,,,,,
GEORGIA,1993-94,19962,,74172,107625,82822,71728,62704,,,,,
GEORGIA,1992-93,20877,,66942,102292,81135,68466,63646,,,,,
GEORGIA,1991-92,20388,,63816,100108,77648,68761,62922,,,,,
GEORGIA,1990-91,20106,,63058,94889,77292,68045,62379,,,,,
GEORGIA,1989-90,20168,,61487,93559,76412,68693,59445,,,,,
GEORGIA,1988-89,23271,,59916,90716,76139,67373,65902,,,,,
GEORGIA,1987-88,21407,,62280,93881,75196,73904,65703,,,,,
GEORGIA,1986-87,19703,,57881,90274,83611,72877,64282,,,,,
HAWAII,2013-14,5239.7,15.86,11780.65,14595,13132,12154,10925,562,816,726,632,2736
HAWAII,2012-13,5149.09,15.92,11608.2,14786,13307,12255,10721,561,748,645,644,2598
HAWAII,2011-12,5112.64,15.95,11458.37,14830,13443,12241,11084,593,847,764,718,2922
HAWAII,2010-11,5127.31,15.76,11395.95,15164,13466,12527,10818,625,835,751,727,2938
HAWAII,2009-10,5174.95,15.71,11471.65,15327,14223,12459,10621,470,688,731,719,2608
HAWAII,2008-09,5194,15.9,11295,16079,13889,12187,11326,478,648,694,727,2547
HAWAII,2007-08,5280,15.8,11397,16161,13613,13238,11234,465,706,686,718,2575
HAWAII,2006-07,5289,16,11271,16419,14240,13302,10675,431,639,686,740,2496
HAWAII,2005-06,5321,16.3,11226,17167,14278,12914,10899,450,726,725,808,2709
HAWAII,2004-05,5291,16.4,11146,16971,13682,12845,10794,616,761,778,813,2968
HAWAII,2003-04,5281,16.5,11129,16459,13529,12904,10627,,,,,
HAWAII,2002-03,5099,16.8,10973,16142,13695,12684,10401,,,,,
HAWAII,2001-02,5000,16.8,11007,16036,13521,12424,10632,,,,,
HAWAII,2000-01,4896,16.9,10927,15915,13148,12560,10408,,,,,
HAWAII,1999-00,4858,17.1,10866,15629,13526,12592,10818,,,,,
HAWAII,1998-99,4762,17.7,10639,16125,13981,12848,10384,,,,,
HAWAII,1997-98,4463,17.8,10653,16573,14074,12535,10266,,,,,
HAWAII,1996-97,4513,,10576,16265,13265,11431,10466,,,,,
HAWAII,1995-96,4616,,10500,16277,13274,11442,10478,,,,,
HAWAII,1994-95,4425,,10240,15597,11979,12034,10473,,,,,
HAWAII,1993-94,4328,,10111,14219,12351,11957,10201,,,,,
HAWAII,1992-93,3752,,10083,12553,11312,10966,9051,,,,,
HAWAII,1991-92,3315,,9451,12550,11260,10395,9290,,,,,
HAWAII,1990-91,3228,,9083,12319,10752,10543,9234,,,,,
HAWAII,1989-90,3130,,8866,11819,10808,10748,9453,,,,,
HAWAII,1988-89,3272,,8737,11727,11147,10945,10039,,,,,
HAWAII,1987-88,3280,,7684,11791,11454,11621,10476,,,,,
HAWAII,1986-87,3130,,7291,11896,12258,11858,10281,,,,,
IDAHO,2013-14,7838.75,19.76,15001.72,23011,22078,20991,21063,211,235,301,386,1133
IDAHO,2012-13,7566.12,19.56,14563.19,21987,20812,20702,19130,220,296,400,422,1338
IDAHO,2011-12,8350.59,17.5,15990.44,21479,20996,19911,19423,237,373,445,534,1589
IDAHO,2010-11,8186.36,17.6,15672.54,22062,20451,19840,19362,341,474,602,691,2108
IDAHO,2009-10,7177.21,18.18,15200.87,21763,20615,19943,19250,387,509,581,623,2100
IDAHO,2008-09,7197,18.2,15148,21686,20874,20111,18826,409,557,693,704,2363
IDAHO,2007-08,7139,18.1,15013,21800,21013,19537,18598,399,619,709,668,2395
IDAHO,2006-07,7080,18.1,14770,21843,20688,19522,18322,516,740,834,827,2917
IDAHO,2005-06,7006,18,14521,21564,20609,19104,17876,505,717,903,778,2903
IDAHO,2004-05,6918,17.9,14269,21344,20177,18836,17506,801,1099,1202,1041,4143
IDAHO,2003-04,6777,17.9,14049,20771,19963,18500,17462,,,,,
IDAHO,2002-03,6767,17.9,13896,20453,19406,18012,17484,,,,,
IDAHO,2001-02,6777,17.8,13854,19923,19074,18473,17628,,,,,
IDAHO,2000-01,6733,17.9,13714,19537,19358,18430,17371,,,,,
IDAHO,1999-00,6681,18,13641,20038,19791,18674,17811,,,,,
IDAHO,1998-99,6499,18.2,13426,20562,19680,18621,17255,,,,,
IDAHO,1997-98,6300,18.5,13207,20431,19957,18171,17020,,,,,
IDAHO,1996-97,6274,,13078,21023,19458,18277,17075,,,,,
IDAHO,1995-96,6122,,12784,20195,19349,17904,16093,,,,,
IDAHO,1994-95,6018,,12582,19777,19098,16906,15780,,,,,
IDAHO,1993-94,5642,,12007,19537,18139,16567,15044,,,,,
IDAHO,1992-93,5493,,11827,18426,17654,15868,14593,,,,,
IDAHO,1991-92,5466,,11626,17855,16617,15084,14097,,,,,
IDAHO,1990-91,5092,,11254,16670,15691,14622,13095,,,,,
IDAHO,1989-90,4938,,10715,15771,15142,13589,13149,,,,,
IDAHO,1988-89,4828,,10425,15710,14692,14014,13943,,,,,
IDAHO,1987-88,4814,,10258,15000,14772,14647,13886,,,,,
IDAHO,1986-87,4532,,10234,15080,15389,14496,13164,,,,,
ILLINOIS,2013-14,43458.79,15.16,136355.18,165333,159174,152458,144566,3482,5287,3970,5801,18540
ILLINOIS,2012-13,42044,15.28,135700.7,165536,160924,151946,146273,20908,17454,14537,20581,73480
ILLINOIS,2011-12,41909.61,15.81,131777.31,165849,163897,155148,145047,6427,7143,6255,8032,32638
ILLINOIS,2010-11,42372.53,15.73,132982.73,169967,169365,150576,146953,6815,5916,6017,6752,25500
ILLINOIS,2009-10,45061.66,15.19,138482.93,176457,170612,146917,146476,6355,5905,5983,6585,24793
ILLINOIS,2008-09,42518,15.6,135704,178106,168476,146134,147796,7708,6803,6399,6470,27380
ILLINOIS,2007-08,58489,15.5,136445,178385,167459,149710,144342,9060,8577,7798,7010,32445
ILLINOIS,2006-07,62187,15,140988,180641,166115,150475,143366,10006,8775,8303,7280,34364
ILLINOIS,2005-06,34923,15.8,133857,179703,165477,147500,138518,11749,9775,8511,6338,36373
ILLINOIS,2004-05,33889,16,131047,178240,159950,142828,132658,9909,8976,8220,6903,34008
ILLINOIS,2003-04,32641,16.5,127669,174343,155848,139504,136974,,,,,
ILLINOIS,2002-03,32473,15.9,131046,169118,151735,138559,135937,,,,,
ILLINOIS,2001-02,32161,16,129600,165529,150646,137810,131411,,,,,
ILLINOIS,2000-01,31727,16.1,127620,165220,150473,132793,124760,,,,,
ILLINOIS,1999-00,31030,16.2,124815,164554,145536,126866,126984,,,,,
ILLINOIS,1998-99,30455,16.5,121758,161476,140486,129037,127506,,,,,
ILLINOIS,1997-98,30164,16.8,118734,156022,142442,130581,129084,,,,,
ILLINOIS,1996-97,29826,,116274,157259,145471,132762,123783,,,,,
ILLINOIS,1995-96,29208,,113538,149289,139115,122384,107244,,,,,
ILLINOIS,1994-95,28619,,110830,148944,135955,119266,109360,,,,,
ILLINOIS,1993-94,28207,,110874,143950,131770,120785,106519,,,,,
ILLINOIS,1992-93,28952,,111461,138154,133730,117203,106475,,,,,
ILLINOIS,1991-92,28989,,110153,139324,127636,115193,104837,,,,,
ILLINOIS,1990-91,28934,,108775,132303,127060,114080,105541,,,,,
ILLINOIS,1989-90,28973,,106183,132786,126084,114754,110514,,,,,
ILLINOIS,1988-89,29500,,105097,130730,128476,121207,120267,,,,,
ILLINOIS,1987-88,30098,,105217,133306,135447,131210,123049,,,,,
ILLINOIS,1986-87,30254,,104609,141211,144222,133117,119627,,,,,
INDIANA,2013-14,28634.85,17.51,59823.14,82622,80353,77504,75871,373,945,1349,2346,5013
INDIANA,2012-13,28675.87,17.4,59863.28,82545,80253,78645,74886,484,799,1494,2652,5429
INDIANA,2011-12,19739.82,16.7,62338.58,81801,82495,77793,74071,182,660,1458,3117,5417
INDIANA,2010-11,25843,18.02,58121,84139,81558,77285,74836,1144,1603,2319,3423,8489
INDIANA,2009-10,28171,16.81,62258,84235,80905,77923,72999,1527,2006,2467,3076,9057
INDIANA,2008-09,28296,16.7,62668,84538,81245,77354,72989,1150,1716,2273,2441,7580
INDIANA,2007-08,28074,16.8,62334,84936,81967,78556,71755,1195,1630,2096,2560,7481
INDIANA,2006-07,27855,17,61346,86804,82655,76719,69654,1251,1595,1764,1857,6467
INDIANA,2005-06,26413,17.1,60592,88563,81090,73904,67050,1185,1612,1857,1766,6420
INDIANA,2004-05,26352,16.9,60563,87829,78361,71836,63316,–,–,–,–,†
INDIANA,2003-04,25807,16.9,59924,85025,76648,68227,63632,,,,,
INDIANA,2002-03,25826,16.7,59968,82602,73482,68367,64156,,,,,
INDIANA,2001-02,25782,16.7,59658,78945,73024,67649,62913,,,,,
INDIANA,2000-01,25683,16.7,59226,79931,73214,67183,63504,,,,,
INDIANA,1999-00,25527,16.8,58864,81049,73532,68054,64647,,,,,
INDIANA,1998-99,25639,17,58084,82657,73345,69191,64293,,,,,
INDIANA,1997-98,25368,17.2,57371,82753,75157,69115,64829,,,,,
INDIANA,1996-97,25154,,56708,83577,75442,69452,62923,,,,,
INDIANA,1995-96,24881,,55821,83436,76232,67902,62659,,,,,
INDIANA,1994-95,25251,,55496,83147,73567,67198,62727,,,,,
INDIANA,1993-94,24948,,55107,81632,72611,67005,60971,,,,,
INDIANA,1992-93,23673,,54552,80394,71706,63827,62234,,,,,
INDIANA,1991-92,24618,,54509,79913,69240,65013,60657,,,,,
INDIANA,1990-91,23422,,54806,76671,69676,63254,62740,,,,,
INDIANA,1989-90,23353,,54370,76603,67895,66353,65063,,,,,
INDIANA,1988-89,23431,,54029,74505,71412,69809,69641,,,,,
INDIANA,1987-88,23699,,53749,77716,75196,74403,69831,,,,,
INDIANA,1986-87,23554,,52896,79787,78522,73522,66764,,,,,
IOWA,2013-14,10677.47,14.21,35396.65,36944,36349,35460,36258,363,713,1276,2747,5099
IOWA,2012-13,10637.48,14.25,35080.24,36752,36240,35538,36254,301,667,1257,2557,4782
IOWA,2011-12,10564.86,14.31,34658.15,36726,36333,35590,37069,291,630,1212,2304,4437
IOWA,2010-11,10603.53,14.31,34642.08,36984,36540,36435,37704,276,558,1070,1703,3607
IOWA,2009-10,16049.22,13.72,35842.15,37359,37494,36971,38685,325,641,882,1518,3366
IOWA,2008-09,16358,13.6,35961,38048,38116,37779,38050,486,676,848,1292,3302
IOWA,2007-08,16481,13.4,36089,38992,39306,38199,39114,†,710,1012,1501,3223
IOWA,2006-07,16525,13.6,35653,40126,39556,38774,38448,366,651,1010,987,3014
IOWA,2005-06,12215,13.7,35181,41059,40151,38501,37611,502,782,1129,1288,3701
IOWA,2004-05,12194,13.8,34697,41196,39580,36940,36434,619,969,1222,1383,4193
IOWA,2003-04,11353,13.8,34791,40486,38451,36794,36834,,,,,
IOWA,2002-03,11178,13.9,34573,39434,37958,38027,36728,,,,,
IOWA,2001-02,12479,13.9,34906,39818,39126,38443,36469,,,,,
IOWA,2000-01,12368,14.3,34636,40660,39929,37592,36892,,,,,
IOWA,1999-00,12073,14.9,33480,41394,39159,37829,37124,,,,,
IOWA,1998-99,11985,15.2,32822,40741,39652,38275,37166,,,,,
IOWA,1997-98,12003,15.3,32700,40806,39679,38235,36808,,,,,
IOWA,1996-97,11997,,32593,40892,40277,38093,35650,,,,,
IOWA,1995-96,12063,,32318,41385,39680,36861,34565,,,,,
IOWA,1994-95,11973,,31726,40593,37874,35400,34078,,,,,
IOWA,1993-94,12188,,31616,38637,36483,34893,32588,,,,,
IOWA,1992-93,12195,,31403,37151,35708,32991,33057,,,,,
IOWA,1991-92,12364,,31395,36745,34019,33332,31648,,,,,
IOWA,1990-91,12589,,31045,34768,34067,31688,30928,,,,,
IOWA,1989-90,12058,,30423,35041,32489,31472,33795,,,,,
IOWA,1988-89,12558,,30327,33373,32229,34204,36157,,,,,
IOWA,1987-88,14017,,30873,33296,35296,36907,36965,,,,,
IOWA,1986-87,15385,,30958,36316,38047,37707,36222,,,,,
KANSAS,2013-14,18297.6,13.01,38152.9,36955,35699,33204,32989,442,661,765,1105,2973
KANSAS,2012-13,19608.1,11.86,41243.2,37060,34486,33499,32810,427,678,774,1016,2895
KANSAS,2011-12,17023.8,13,37407.3,36197,35081,33699,32478,453,801,1016,1227,3497
KANSAS,2010-11,16791.8,13.96,34643.8,37010,35639,33676,33180,504,854,1051,1448,3857
KANSAS,2009-10,16816.2,13.67,34700.1,37450,35672,33596,33522,594,818,1020,1152,3584
KANSAS,2008-09,18769,13.1,35883,37354,35662,33803,32267,487,761,910,955,3113
KANSAS,2007-08,18572,13.2,35359,37569,36316,33859,33149,419,734,962,1150,3265
KANSAS,2006-07,18713,13.3,35297,38439,36464,34712,32471,500,855,1077,1072,3504
KANSAS,2005-06,15069,13.9,33608,38340,37011,34128,32870,570,1106,1297,1537,4510
KANSAS,2004-05,14831,14.2,32932,39293,36302,34349,33593,664,1167,1337,1397,4565
KANSAS,2003-04,14655,14.4,32589,38684,36652,34404,33819,,,,,
KANSAS,2002-03,14686,14.4,32643,38906,36838,34761,33829,,,,,
KANSAS,2001-02,14791,14.2,33084,38621,37083,34645,33221,,,,,
KANSAS,2000-01,14680,14.4,32742,39170,37229,34300,33085,,,,,
KANSAS,1999-00,14414,14.3,32969,39683,36769,34333,32344,,,,,
KANSAS,1998-99,13862,14.8,32003,39290,37153,33696,31955,,,,,
KANSAS,1997-98,13469,14.9,31527,39397,36399,33464,30922,,,,,
KANSAS,1996-97,13133,,30875,39108,36064,32702,29244,,,,,
KANSAS,1995-96,12878,,30729,38484,35290,31064,28491,,,,,
KANSAS,1994-95,12763,,30579,38007,33574,30338,28811,,,,,
KANSAS,1993-94,12561,,30283,35955,32721,30761,27644,,,,,
KANSAS,1992-93,12199,,29753,34006,31844,28404,26706,,,,,
KANSAS,1991-92,11726,,29324,33772,30294,27996,25889,,,,,
KANSAS,1990-91,11530,,29140,32051,29629,27258,26089,,,,,
KANSAS,1989-90,11392,,28727,30791,29065,27741,26918,,,,,
KANSAS,1988-89,10851,,28122,29962,29328,28887,28783,,,,,
KANSAS,1987-88,10598,,27317,30098,30489,30448,28792,,,,,
KANSAS,1986-87,10785,,27064,30940,32346,30163,28218,,,,,
KENTUCKY,2013-14,9959.39,16.2,41820.21,52710,49972,45842,43732,1076,1769,1762,1615,6222
KENTUCKY,2012-13,10119.73,16.02,42769.46,53562,49561,46806,44032,1222,1566,1642,1243,5673
KENTUCKY,2011-12,9907.14,16.29,41859.68,52499,49938,47027,43928,1248,1704,1502,1062,5516
KENTUCKY,2010-11,9883.05,16.01,42041.84,52668,50262,46008,43723,1350,1768,1690,1150,5958
KENTUCKY,2009-10,9822.3,16.2,41980.96,54798,50703,46917,43097,1470,1829,1725,1307,6331
KENTUCKY,2008-09,10117,15.4,43451,55766,51925,46731,43326,1363,1847,1705,1607,6522
KENTUCKY,2007-08,10168,15.3,43536,56874,51358,46582,41958,1419,1762,1646,1336,6163
KENTUCKY,2006-07,10101,15.8,43371,57292,51598,45515,40267,1297,1747,1613,1385,6042
KENTUCKY,2005-06,9811,16,42413,57759,50298,43761,39157,1651,2034,1963,1518,7166
KENTUCKY,2004-05,9608,16.3,41463,56919,48559,42757,39200,2162,2484,2115,1796,8557
KENTUCKY,2003-04,9582,16.1,41246,54730,47651,42384,38834,,,,,
KENTUCKY,2002-03,16070,16.3,40662,53535,47741,42301,38902,,,,,
KENTUCKY,2001-02,15947,16.2,40375,53583,46656,41876,37160,,,,,
KENTUCKY,2000-01,11750,16.8,39589,58299,49055,44583,39879,,,,,
KENTUCKY,1999-00,11868,15.4,41954,56678,47647,43483,39111,,,,,
KENTUCKY,1998-99,11878,16.1,40803,55999,49274,43729,39369,,,,,
KENTUCKY,1997-98,11803,16.5,40488,57537,49963,44440,40153,,,,,
KENTUCKY,1996-97,11929,,39331,55989,48867,43346,38460,,,,,
KENTUCKY,1995-96,11698,,39120,56572,49429,43614,38797,,,,,
KENTUCKY,1994-95,11730,,38784,55758,48521,43371,39482,,,,,
KENTUCKY,1993-94,11146,,37324,54502,48467,43758,37629,,,,,
KENTUCKY,1992-93,11383,,37868,53819,48497,41441,38029,,,,,
KENTUCKY,1991-92,11479,,37571,53502,45549,41277,36131,,,,,
KENTUCKY,1990-91,11367,,36777,50958,45483,39689,37577,,,,,
KENTUCKY,1989-90,11680,,35731,50010,43520,41319,40186,,,,,
KENTUCKY,1988-89,11911,,35788,48563,46075,44841,42382,,,,,
KENTUCKY,1987-88,11889,,35239,51188,49605,47244,41586,,,,,
KENTUCKY,1986-87,11612,,34507,55038,51772,46040,38991,,,,,
LOUISIANA,2013-14,14787.1,15.32,46436.91,56215,48460,42388,41118,3229,1920,1663,1892,8704
LOUISIANA,2012-13,14778.38,15.29,46493.41,55745,46920,43267,40179,4593,2914,2461,2314,12282
LOUISIANA,2011-12,15442.58,14.46,48657.02,54775,48355,42370,39088,4931,3107,2666,2876,13580
LOUISIANA,2010-11,15459.73,14.32,48655.03,57941,46689,41224,38438,4872,2945,2714,3004,13535
LOUISIANA,2009-10,15354.51,13.92,49646.1,56163,45587,40454,38828,5035,3214,2989,3144,14382
LOUISIANA,2008-09,14804,13.9,49377,56174,44525,41727,38234,4813,3173,2883,3341,14210
LOUISIANA,2007-08,14568,14,48610,55735,46857,41091,37806,4785,3353,2854,4064,15056
LOUISIANA,2006-07,13765,14.7,45951,58841,45580,40732,38582,4735,3420,2893,3459,14507
LOUISIANA,2005-06,13268,14.7,44660,53087,43292,39330,36735,3823,3535,3069,3151,13578
LOUISIANA,2004-05,14825,14.7,49192,59182,48181,43133,40034,4934,4373,3589,3465,16361
LOUISIANA,2003-04,15083,14.4,50495,58514,48397,43138,41270,,,,,
LOUISIANA,2002-03,14805,14.6,50062,57823,48934,43760,42385,,,,,
LOUISIANA,2001-02,14742,14.6,49980,57164,48767,45994,41611,,,,,
LOUISIANA,2000-01,14797,14.9,49915,53940,52819,46058,41836,,,,,
LOUISIANA,1999-00,15107,15.1,50031,63869,52925,46144,42344,,,,,
LOUISIANA,1998-99,14406,15.6,49124,64064,53319,46531,41479,,,,,
LOUISIANA,1997-98,14280,16,48599,65496,54878,46065,41527,,,,,
LOUISIANA,1996-97,19412,,47334,68328,54975,47525,41759,,,,,
LOUISIANA,1995-96,19289,,46980,68655,55225,47422,40663,,,,,
LOUISIANA,1994-95,12176,,47599,68599,54796,45167,40666,,,,,
LOUISIANA,1993-94,10377,,46913,66376,51405,44676,39826,,,,,
LOUISIANA,1992-93,11010,,46904,62947,51863,43713,38368,,,,,
LOUISIANA,1991-92,12326,,46170,62111,50537,43417,37995,,,,,
LOUISIANA,1990-91,12280,,45401,59564,49407,42529,37983,,,,,
LOUISIANA,1989-90,12373,,44608,59813,49721,43291,39892,,,,,
LOUISIANA,1988-89,11933,,43203,60966,52871,46123,41604,,,,,
LOUISIANA,1987-88,12512,,42920,61716,55124,46655,42745,,,,,
LOUISIANA,1986-87,12502,,42929,63616,55460,47672,42746,,,,,
MAINE,2013-14,4744.04,11.91,15451.67,14365,14540,14055,13964,252,349,703,1260,2564
MAINE,2012-13,4660.83,12.2,15222.08,14684,14421,14248,14462,140,268,507,1349,2264
MAINE,2011-12,4601.82,12.69,14888.04,14695,14686,14655,14887,213,400,704,1325,2642
MAINE,2010-11,4788.1,12.29,15384.3,14836,14996,15001,15315,344,507,884,1519,3254
MAINE,2009-10,5153.6,11.59,16331.4,15259,15324,14750,15246,411,628,965,1336,3339
MAINE,2008-09,5031,12.1,15912,15980,15918,16290,15423,243,382,513,610,1748
MAINE,2007-08,5207,11.9,16558,16100,16839,16242,16322,250,428,472,532,1682
MAINE,2006-07,5159,11.5,16826,16000,15559,15260,14829,311,399,549,482,1741
MAINE,2005-06,5541,11.7,16684,16088,15926,15310,14683,297,432,518,512,1759
MAINE,2004-05,5460,11.9,16656,16766,16056,15321,14402,312,498,630,486,1926
MAINE,2003-04,5560,11.5,17621,16891,16105,15125,14538,,,,,
MAINE,2002-03,5487,12.1,16837,17029,15632,15214,13998,,,,,
MAINE,2001-02,5423,12.3,16741,16689,16155,14813,13410,,,,,
MAINE,2000-01,5327,12.5,16559,17134,15842,14465,13341,,,,,
MAINE,1999-00,5207,12.8,16349,17036,15565,14237,13022,,,,,
MAINE,1998-99,5043,13.3,15890,16635,15335,13951,12996,,,,,
MAINE,1997-98,4971,13.5,15700,16623,15088,14012,12820,,,,,
MAINE,1996-97,4913,,15551,15849,15010,13562,12851,,,,,
MAINE,1995-96,4839,,15392,16007,14636,13773,12670,,,,,
MAINE,1994-95,4880,,15404,15503,14674,13434,12534,,,,,
MAINE,1993-94,4904,,15344,16630,15317,14239,13446,,,,,
MAINE,1992-93,4947,,15375,16282,15084,14041,13882,,,,,
MAINE,1991-92,5034,,15416,15916,14828,14293,13861,,,,,
MAINE,1990-91,5122,,15513,15726,15238,14283,13817,,,,,
MAINE,1989-90,5165,,15206,16282,15264,14558,14552,,,,,
MAINE,1988-89,5051,,14593,16255,15736,15462,15662,,,,,
MAINE,1987-88,5018,,14204,16651,16647,16541,15567,,,,,
MAINE,1986-87,4428,,13685,17829,17766,16394,15182,,,,,
MARYLAND,2013-14,23278.68,14.78,58611.02,69952,64688,59835,59114,1998,2029,1686,1369,7082
MARYLAND,2012-13,23265.82,14.89,57718.49,71360,64841,60657,59978,2394,2157,1669,1709,7929
MARYLAND,2011-12,23400.78,14.83,57589.05,71862,65895,61824,60289,3066,2547,2083,2120,9816
MARYLAND,2010-11,24004.19,14.59,58428.47,72700,67923,62877,60555,3585,2650,2185,1878,10298
MARYLAND,2009-10,24127.05,14.51,58462.9,74731,68025,62598,61273,3660,2854,2165,1802,10481
MARYLAND,2008-09,24544,14.3,58940,75743,67829,62900,60916,3605,2636,2193,2034,10468
MARYLAND,2007-08,24871,14.3,59320,76188,68452,62814,61767,3299,2808,2480,2072,10659
MARYLAND,2006-07,24545,14.6,58443,78874,68921,64124,60656,2746,2408,2178,1730,9062
MARYLAND,2005-06,23664,15.2,56685,79788,70031,62864,58766,2779,2659,2316,1836,9590
MARYLAND,2004-05,22887,15.7,55101,81270,68249,61193,57432,2957,2621,2290,2062,9930
MARYLAND,2003-04,22448,15.7,55198,78690,66269,59670,55897,,,,,
MARYLAND,2002-03,22229,15.7,55382,74769,65610,58363,54764,,,,,
MARYLAND,2001-02,21462,16,53774,73300,63530,57306,52671,,,,,
MARYLAND,2000-01,20915,16.3,52433,71705,62410,55766,50962,,,,,
MARYLAND,1999-00,20237,16.6,50995,70346,60685,54737,50632,,,,,
MARYLAND,1998-99,24649,16.9,49840,68672,59651,53890,49321,,,,,
MARYLAND,1997-98,23940,17.2,48318,66172,57711,51580,46532,,,,,
MARYLAND,1996-97,23638,,47943,65307,56261,49695,44232,,,,,
MARYLAND,1995-96,22820,,47819,64468,54286,47345,42974,,,,,
MARYLAND,1994-95,20773,,46565,63067,51978,45585,43223,,,,,
MARYLAND,1993-94,19144,,44171,60213,50116,46082,40661,,,,,
MARYLAND,1992-93,20797,,44495,56567,49977,42825,40426,,,,,
MARYLAND,1991-92,20329,,43616,55972,46806,42794,40512,,,,,
MARYLAND,1990-91,19944,,42562,52363,46389,42627,40529,,,,,
MARYLAND,1989-90,20110,,41646,52248,46800,43185,43302,,,,,
MARYLAND,1988-89,20109,,40899,52169,47541,46285,47248,,,,,
MARYLAND,1987-88,20202,,40093,53370,51297,50624,48642,,,,,
MARYLAND,1986-87,20364,,39491,57118,56031,51860,47584,,,,,
MASSACHUSETTS,2013-14,24205.98,13.56,70489.56,76415,73464,70170,67429,2356,2045,1837,1847,8085
MASSACHUSETTS,2012-13,23958.24,13.52,70636.26,77458,72264,69928,67856,2185,2159,2096,2145,8585
MASSACHUSETTS,2011-12,23570.83,13.75,69342.38,76690,72220,70685,67460,2400,2663,2374,2520,9957
MASSACHUSETTS,2010-11,23312.96,13.9,68754.39,77787,73101,70557,67716,3224,2827,2599,2781,11431
MASSACHUSETTS,2009-10,23673.96,13.69,69909.18,78771,73298,70460,67973,2477,2529,2388,2613,9997
MASSACHUSETTS,2008-09,23813,13.6,70398,79315,73214,71514,68329,2541,2798,2813,2994,11146
MASSACHUSETTS,2007-08,23693,13.6,70719,79576,75397,72302,68757,2175,2746,2736,2976,10633
MASSACHUSETTS,2006-07,20793,13.2,73157,82320,75421,72674,67618,2639,2485,2163,2102,9389
MASSACHUSETTS,2005-06,20253,13.2,73596,82861,76688,71327,65635,–,–,–,–,†
MASSACHUSETTS,2004-05,31370,13.3,73399,84628,75478,69441,63852,2612,2419,2580,1769,9380
MASSACHUSETTS,2003-04,31825,13.6,72062,83759,73967,68214,62389,,,,,
MASSACHUSETTS,2002-03,38003,13.2,74214,82071,72404,66548,60916,,,,,
MASSACHUSETTS,2001-02,33655,14.1,68942,80394,69692,64105,59453,,,,,
MASSACHUSETTS,2000-01,30300,14.5,67432,78201,71430,64622,58322,,,,,
MASSACHUSETTS,1999-00,39452,12.5,77596,77733,68577,62424,56440,,,,,
MASSACHUSETTS,1998-99,34857,13.8,69752,74668,66456,61200,55369,,,,,
MASSACHUSETTS,1997-98,33319,14.1,67170,72256,65793,60116,54354,,,,,
MASSACHUSETTS,1996-97,31983,,64574,70811,64182,58643,52569,,,,,
MASSACHUSETTS,1995-96,30891,,62710,68623,62856,57029,51911,,,,,
MASSACHUSETTS,1994-95,29922,,60489,66707,60669,56226,51618,,,,,
MASSACHUSETTS,1993-94,29367,,58766,64643,60303,55953,51309,,,,,
MASSACHUSETTS,1992-93,28625,,57225,63334,59632,54908,52425,,,,,
MASSACHUSETTS,1991-92,27982,,55963,62699,58451,55551,53464,,,,,
MASSACHUSETTS,1990-91,28077,,54003,60803,59154,56639,53484,,,,,
MASSACHUSETTS,1989-90,31238,,59040,61890,60360,57155,55945,,,,,
MASSACHUSETTS,1988-89,32247,,60068,63606,61174,60265,60588,,,,,
MASSACHUSETTS,1987-88,32574,,59517,65364,65339,65354,64221,,,,,
MASSACHUSETTS,1986-87,32343,,58066,70205,70855,69623,63817,,,,,
MICHIGAN,2013-14,33666.27,18.05,85786.16,126842,127799,116270,116607,4305,6661,5318,6699,22983
MICHIGAN,2012-13,33966.52,18.05,86153.59,128111,128144,117453,118564,4493,5494,4789,5938,20714
MICHIGAN,2011-12,34384.99,18.09,86997.36,129661,130276,119607,120498,7061,9476,8034,10131,34702
MICHIGAN,2010-11,34850.29,17.91,88614.71,132050,133238,121344,122236,8289,10347,8851,13291,40778
MICHIGAN,2009-10,36706.43,17.79,92691.22,140781,136697,125872,126181,5630,5085,4596,3638,18949
MICHIGAN,2008-09,37761,17.5,94754,141910,139487,127703,126352,6307,5196,4899,4210,20612
MICHIGAN,2007-08,38343,17.6,96204,149275,143421,130215,126380,8093,6233,5022,4643,23991
MICHIGAN,2006-07,39265,17.6,98037,151745,142840,128158,116774,7626,6069,5102,4692,23489
MICHIGAN,2005-06,43751,17.8,98069,157709,143122,124460,113351,–,–,–,–,†
MICHIGAN,2004-05,37604,17.4,100638,158797,135116,120228,111055,–,–,–,–,†
MICHIGAN,2003-04,22609,18.1,97014,153567,132565,119881,108688,,,,,
MICHIGAN,2002-03,40006,19.9,89595,153432,133346,119661,110713,,,,,
MICHIGAN,2001-02,44028,17.5,98849,145651,129993,117676,103839,,,,,
MICHIGAN,2000-01,43234,17.7,97031,143060,129372,112394,101900,,,,,
MICHIGAN,1999-00,42903,18,96094,135897,117417,104636,96303,,,,,
MICHIGAN,1998-99,42139,18.5,93220,132899,115887,105720,94361,,,,,
MICHIGAN,1997-98,41117,18.8,90529,129251,116471,102991,92690,,,,,
MICHIGAN,1996-97,40210,,88051,138778,121255,108581,95028,,,,,
MICHIGAN,1995-96,38200,,83179,129820,112588,99551,87840,,,,,
MICHIGAN,1994-95,36701,,80522,128383,109751,98671,88136,,,,,
MICHIGAN,1993-94,36419,,80267,126933,110107,98594,87447,,,,,
MICHIGAN,1992-93,39492,,82301,122875,108508,97313,90655,,,,,
MICHIGAN,1991-92,39810,,82967,122740,105302,98301,90311,,,,,
MICHIGAN,1990-91,38395,,80008,119079,108067,99540,91769,,,,,
MICHIGAN,1989-90,39285,,80150,122120,109932,102068,97713,,,,,
MICHIGAN,1988-89,39637,,79847,123745,112605,108749,107398,,,,,
MICHIGAN,1987-88,40294,,79972,126279,119680,118153,111126,,,,,
MICHIGAN,1986-87,20195,,83130,133290,129147,121612,105620,,,,,
MINNESOTA,2013-14,23650.11,15.64,54412.59,64424,63815,64080,69090,337,453,796,2752,4338
MINNESOTA,2012-13,23412.65,15.78,53584.59,63743,64278,63510,70510,443,566,959,3209,5177
MINNESOTA,2011-12,23337.77,15.89,52832.26,64074,63908,64629,71583,604,1064,1806,4352,7826
MINNESOTA,2010-11,23576.92,15.91,52671.71,63935,65013,65465,73661,741,1343,1989,4410,8483
MINNESOTA,2009-10,23884.07,15.84,52839.12,65006,65871,66983,74532,813,1327,2006,4523,8657
MINNESOTA,2008-09,24124,15.7,53083,66019,67634,68009,74202,–,1237,1959,4588,7784
MINNESOTA,2007-08,24483,15.8,52975,67434,68614,68601,74749,†,1345,2140,4754,8239
MINNESOTA,2006-07,24387,16.2,51880,68807,69631,70409,73273,688,1595,2786,5622,10691
MINNESOTA,2005-06,24312,16.4,51107,69317,71029,68967,72173,751,1896,2983,4887,10517
MINNESOTA,2004-05,24333,16.1,52152,70751,69691,67978,71636,998,2187,3057,4772,11014
MINNESOTA,2003-04,25563,16.3,51611,69744,68895,67558,72608,,,,,
MINNESOTA,2002-03,25993,16,52808,69177,68563,69151,72299,,,,,
MINNESOTA,2001-02,25364,16,53081,69032,70837,69490,68997,,,,,
MINNESOTA,2000-01,25507,16,53457,70729,71064,67208,67573,,,,,
MINNESOTA,1999-00,25009,15.2,56010,71222,69030,66375,67044,,,,,
MINNESOTA,1998-99,24626,15.7,54449,69813,68380,68529,63014,,,,,
MINNESOTA,1997-98,24709,16.4,51998,68770,68472,64927,63727,,,,,
MINNESOTA,1996-97,23096,,48245,68569,66904,62566,60413,,,,,
MINNESOTA,1995-96,22983,,46971,67226,64478,59589,57793,,,,,
MINNESOTA,1994-95,22948,,46958,65149,61728,57408,55982,,,,,
MINNESOTA,1993-94,22949,,46956,62353,59909,56349,54642,,,,,
MINNESOTA,1992-93,21777,,45050,59208,57544,53861,53813,,,,,
MINNESOTA,1991-92,20388,,44903,56892,54571,53208,52165,,,,,
MINNESOTA,1990-91,19910,,43574,54058,54357,51079,51324,,,,,
MINNESOTA,1989-90,19964,,43101,53878,52445,50999,53724,,,,,
MINNESOTA,1988-89,20157,,42750,51806,52008,53522,58335,,,,,
MINNESOTA,1987-88,20329,,42132,51900,54804,58659,59565,,,,,
MINNESOTA,1986-87,20868,,40957,54693,59579,59914,57818,,,,,
MISSISSIPPI,2013-14,13068.15,15.25,32292.27,37991,34605,30560,29412,2399,2651,2339,2023,10414
MISSISSIPPI,2012-13,13186.76,15.14,32613.46,37825,34874,31434,29676,1379,1498,1285,1094,5835
MISSISSIPPI,2011-12,12557.2,15.33,32006.66,37856,35235,31952,29115,1497,1631,1450,1139,6399
MISSISSIPPI,2010-11,12891.48,15.21,32254.83,38666,36364,31579,29668,1778,1664,1397,1076,5915
MISSISSIPPI,2009-10,13270.49,14.88,33103.49,40164,36215,32189,28943,1119,1126,1039,816,4100
MISSISSIPPI,2008-09,13291,14.7,33358,40518,36784,31327,28288,979,1040,922,709,3650
MISSISSIPPI,2007-08,13103,14.7,33560,41807,36461,31077,27688,1067,985,979,799,3830
MISSISSIPPI,2006-07,12408,15.3,32351,42005,35506,30232,26732,1236,1355,1164,1104,4859
MISSISSIPPI,2005-06,12035,15.7,31433,41191,35019,29599,26383,1459,1402,1223,984,5068
MISSISSIPPI,2004-05,11833,15.8,31321,40195,34245,29012,25801,1722,1688,1432,1266,6108
MISSISSIPPI,2003-04,13385,15.1,32591,39536,33563,28316,25918,,,,,
MISSISSIPPI,2002-03,12943,15.6,31598,39138,33091,28674,26029,,,,,
MISSISSIPPI,2001-02,11088,15.8,31213,38498,33388,28659,25816,,,,,
MISSISSIPPI,2000-01,10126,16.1,31006,39390,33717,28773,26291,,,,,
MISSISSIPPI,1999-00,10035,16.3,30722,39404,34047,29391,26500,,,,,
MISSISSIPPI,1998-99,10165,16.1,31140,40169,34875,29319,26452,,,,,
MISSISSIPPI,1997-98,9464,17.1,29441,41768,35246,29499,26788,,,,,
MISSISSIPPI,1996-97,9283,,29293,43295,35243,29357,25711,,,,,
MISSISSIPPI,1995-96,9070,,28997,43241,35552,28587,25741,,,,,
MISSISSIPPI,1994-95,8864,,28866,43434,33918,28584,26436,,,,,
MISSISSIPPI,1993-94,9184,,28376,41660,33709,29587,26156,,,,,
MISSISSIPPI,1992-93,10381,,27829,40580,33878,28768,26328,,,,,
MISSISSIPPI,1991-92,10569,,28111,39664,33125,29202,25713,,,,,
MISSISSIPPI,1990-91,10803,,28062,37440,33177,28303,26411,,,,,
MISSISSIPPI,1989-90,10562,,27591,37133,32917,29047,27851,,,,,
MISSISSIPPI,1988-89,10563,,27283,36909,33692,30389,29129,,,,,
MISSISSIPPI,1987-88,11866,,26931,38370,35224,31841,30281,,,,,
MISSISSIPPI,1986-87,11329,,26219,39196,36808,32734,28405,,,,,
MISSOURI,2013-14,32140.89,13.78,66651.04,71149,69057,65303,63718,2139,2009,2449,3245,9842
MISSOURI,2012-13,32028.75,13.86,66248.19,72240,68242,65737,64151,2816,2900,3171,3334,12221
MISSOURI,2011-12,32110.81,13.83,66251.53,71813,69041,65879,64475,4110,3352,3357,3112,13931
MISSOURI,2010-11,32429.58,13.77,66734.84,73080,69794,66855,65990,2432,2688,2958,2610,10688
MISSOURI,2009-10,32865.12,13.54,67795.77,74943,70126,67577,67254,2674,2880,3110,2919,11583
MISSOURI,2008-09,33145,13.5,68015,75220,71882,69092,66266,1977,2760,2860,2673,10270
MISSOURI,2007-08,33010,13.4,68430,79020,73264,67715,65443,1731,2389,2670,2300,9090
MISSOURI,2006-07,32538,13.6,67521,81671,73311,67341,63755,1673,2397,2721,2258,9049
MISSOURI,2005-06,32180,13.7,67076,80473,73142,66316,62632,1864,2635,2859,2341,9699
MISSOURI,2004-05,31770,13.8,65847,78748,71794,64402,61838,2336,3135,3363,2613,11447
MISSOURI,2003-04,31606,13.9,65169,77175,70278,64387,61626,,,,,
MISSOURI,2002-03,32225,13.6,66717,75685,70055,64602,60920,,,,,
MISSOURI,2001-02,31659,13.9,65240,75156,69519,63408,57727,,,,,
MISSOURI,2000-01,31385,14.1,64735,75148,69939,62166,58103,,,,,
MISSOURI,1999-00,30661,14.3,63890,75791,68523,62280,56213,,,,,
MISSOURI,1998-99,30204,14.6,62449,73989,68955,60881,56165,,,,,
MISSOURI,1997-98,29539,15,60889,74706,66849,60854,55673,,,,,
MISSOURI,1996-97,28520,,59428,72326,67072,60665,54488,,,,,
MISSOURI,1995-96,27817,,57951,72575,66804,59378,52939,,,,,
MISSOURI,1994-95,26782,,56606,72584,65084,57447,52654,,,,,
MISSOURI,1993-94,25775,,54860,71288,63148,57243,50195,,,,,
MISSOURI,1992-93,24804,,52984,68595,62289,54019,50534,,,,,
MISSOURI,1991-92,24767,,52643,67214,58356,54138,49503,,,,,
MISSOURI,1990-91,24795,,52359,63605,59145,53352,49925,,,,,
MISSOURI,1989-90,23948,,51362,64372,58526,54550,52420,,,,,
MISSOURI,1988-89,23769,,50693,63567,59698,57377,56218,,,,,
MISSOURI,1987-88,23512,,49632,64700,62280,61232,54936,,,,,
MISSOURI,1986-87,23365,,48902,67105,65771,59943,54738,,,,,
MONTANA,2013-14,3149.58,13.98,10310.32,11228,10726,10272,9912,340,435,527,599,1901
MONTANA,2012-13,3120.76,14.01,10199.89,11256,10676,10373,9784,370,559,648,695,2272
MONTANA,2011-12,3172.11,14.02,10152.67,11326,10841,10249,10208,375,613,700,726,2435
MONTANA,2010-11,3306.96,13.68,10360.99,11569,10733,10584,10316,342,459,510,466,1777
MONTANA,2009-10,3388.2,13.48,10521.25,11563,11072,10741,10563,390,419,489,461,1759
MONTANA,2008-09,3388,13.6,10467,11890,11326,11144,10670,334,401,444,449,1628
MONTANA,2007-08,3437,13.6,10519,12134,11970,11287,11057,309,459,460,427,1655
MONTANA,2006-07,3454,13.9,10398,12845,12008,11617,10870,337,463,499,483,1782
MONTANA,2005-06,3442,14,10369,12778,12320,11369,11095,360,580,497,467,1904
MONTANA,2004-05,3423,14.3,10224,13200,12039,11494,11173,424,555,562,554,2095
MONTANA,2003-04,3432,14.4,10301,12915,12252,11667,11258,,,,,
MONTANA,2002-03,3458,14.5,10362,12972,12454,11868,11433,,,,,
MONTANA,2001-02,3436,14.6,10408,13004,12757,12083,11307,,,,,
MONTANA,2000-01,3314,14.9,10411,13359,12861,11974,11371,,,,,
MONTANA,1999-00,3318,15.2,10353,13532,12877,11985,11571,,,,,
MONTANA,1998-99,3310,15.7,10221,13655,12816,12266,11611,,,,,
MONTANA,1997-98,3221,15.9,10228,13753,13094,12140,11301,,,,,
MONTANA,1996-97,3266,,10268,13957,13013,11826,11018,,,,,
MONTANA,1995-96,3102,,10076,13921,12569,11635,10897,,,,,
MONTANA,1994-95,3070,,10079,13309,12148,11286,10681,,,,,
MONTANA,1993-94,3036,,9950,12737,11935,11114,10325,,,,,
MONTANA,1992-93,3404,,10135,12252,11533,10645,10019,,,,,
MONTANA,1991-92,2982,,9883,11842,11057,10181,9597,,,,,
MONTANA,1990-91,2830,,9613,11370,10627,9930,9609,,,,,
MONTANA,1989-90,2968,,9627,10827,10296,9806,9985,,,,,
MONTANA,1988-89,2859,,9626,10585,10267,10294,10958,,,,,
MONTANA,1987-88,3095,,9659,10620,10773,11295,10906,,,,,
MONTANA,1986-87,3153,,9818,11249,11887,11297,10681,,,,,
NEBRASKA,2013-14,8306.33,13.73,22401.06,22051,21925,21611,22968,186,372,538,825,1921
NEBRASKA,2012-13,8297.81,13.73,22102.87,21796,21725,21400,23152,304,499,590,785,2178
NEBRASKA,2011-12,8339.66,13.58,22181.95,21965,21986,21509,22332,321,510,606,807,2244
NEBRASKA,2010-11,8506.3,13.36,22345.16,22567,21998,21407,22236,448,587,686,873,2594
NEBRASKA,2009-10,8482.48,13.27,22256.24,22765,22073,21404,22266,461,590,618,846,2515
NEBRASKA,2008-09,7855,13.3,22057,23137,22496,21799,22246,420,583,637,791,2431
NEBRASKA,2007-08,7847,13.3,21930,23829,22898,22022,22400,487,606,649,784,2526
NEBRASKA,2006-07,7755,13.4,21459,24459,23346,22479,21527,543,647,774,849,2813
NEBRASKA,2005-06,7560,13.4,21359,24953,23713,21506,21419,863,859,1042,1011,3775
NEBRASKA,2004-05,7638,13.5,21236,25214,22734,21440,21557,715,952,973,974,3614
NEBRASKA,2003-04,8000,13.6,20921,24374,22372,21507,21872,,,,,
NEBRASKA,2002-03,8234,13.6,21043,24032,22440,21885,21932,,,,,
NEBRASKA,2001-02,8350,13.5,21083,23855,22824,22084,21679,,,,,
NEBRASKA,2000-01,8365,13.6,20983,24236,23378,21948,21151,,,,,
NEBRASKA,1999-00,8311,13.9,20766,24861,23064,21692,21630,,,,,
NEBRASKA,1998-99,8273,14.3,20310,24901,22865,22103,21517,,,,,
NEBRASKA,1997-98,8373,14.6,20065,24559,23457,22069,20912,,,,,
NEBRASKA,1996-97,8523,,20174,24047,23790,21498,19786,,,,,
NEBRASKA,1995-96,8506,,20028,23813,23184,20450,19275,,,,,
NEBRASKA,1994-95,8406,,19774,23281,21958,19662,19144,,,,,
NEBRASKA,1993-94,8372,,19616,22627,20770,19696,18578,,,,,
NEBRASKA,1992-93,8337,,19323,21718,20471,18787,18999,,,,,
NEBRASKA,1991-92,8233,,19069,21310,19540,19229,18106,,,,,
NEBRASKA,1990-91,8135,,18764,20061,19837,18423,17680,,,,,
NEBRASKA,1989-90,8076,,18464,20206,19246,18142,19099,,,,,
NEBRASKA,1988-89,8014,,18003,19567,19029,19572,19964,,,,,
NEBRASKA,1987-88,8108,,17713,19123,20374,20690,19747,,,,,
NEBRASKA,1986-87,8263,,17748,20650,21532,20298,19377,,,,,
NEVADA,2013-14,8071.24,20.61,21920.59,34497,33935,32682,31450,790,1389,1294,2071,5544
NEVADA,2012-13,7682.6,21.54,20694.95,34025,33462,32527,31939,1769,1547,1046,1979,6341
NEVADA,2011-12,7768.53,20.8,21131.5,33511,33402,33017,30322,1705,1522,1057,1852,6136
NEVADA,2010-11,8041.13,20.02,21839.48,33780,34199,32645,29207,1857,1582,1085,1646,6170
NEVADA,2009-10,7982.42,19.41,22103.52,33735,34330,29420,25935,2495,2221,1791,2429,8936
NEVADA,2008-09,7892,19.7,21993,41768,34224,25712,23330,1817,1694,1202,1723,6436
NEVADA,2007-08,8067,18.3,23423,40265,33676,25983,21828,1501,1470,1253,2078,6302
NEVADA,2006-07,7866,18.5,22908,41273,33886,25268,21352,1556,1449,1132,1850,5987
NEVADA,2005-06,7710,19,21744,39421,32585,23868,20501,1608,1095,490,2832,6025
NEVADA,2004-05,7188,19.1,20950,36056,30706,23167,21385,1011,337,1125,2257,4730
NEVADA,2003-04,7777,19,20234,34779,28685,22486,18700,,,,,
NEVADA,2002-03,7456,18.4,20038,32598,27079,20829,18032,,,,,
NEVADA,2001-02,6937,18.5,19276,32086,25082,17694,19461,,,,,
NEVADA,2000-01,6691,18.6,18293,29972,19998,21477,18519,,,,,
NEVADA,1999-00,6448,18.7,17380,24618,22660,20549,18139,,,,,
NEVADA,1998-99,6010,18.9,16415,23183,21652,20108,16824,,,,,
NEVADA,1997-98,5752,18.5,16053,22037,21344,18638,15782,,,,,
NEVADA,1996-97,5330,,14805,21162,19999,17912,15316,,,,,
NEVADA,1995-96,5210,,13878,19661,18773,16553,14143,,,,,
NEVADA,1994-95,5058,,13414,18685,17463,15586,13659,,,,,
NEVADA,1993-94,4648,,12579,17014,16065,14899,12749,,,,,
NEVADA,1992-93,4234,,11953,15854,15523,13986,12242,,,,,
NEVADA,1991-92,3983,,11409,15412,14311,13070,11283,,,,,
NEVADA,1990-91,3639,,10373,14072,13530,12614,11197,,,,,
NEVADA,1989-90,3464,,9175,12999,12870,12191,11297,,,,,
NEVADA,1988-89,3825,,8699,12463,12454,12199,11916,,,,,
NEVADA,1987-88,3769,,8348,12112,12508,13020,11604,,,,,
NEVADA,1986-87,3692,,7908,12273,13299,12448,11023,,,,,
NEW HAMPSHIRE,2013-14,4774.3,12.57,14826.1,15766,15131,14340,14140,3,6,90,667,766
NEW HAMPSHIRE,2012-13,4941.4,12.66,14924.7,16321,15243,14641,14600,19,82,254,771,1126
NEW HAMPSHIRE,2011-12,4869.4,12.75,15049.2,16641,15537,15179,14911,31,226,599,1131,1987
NEW HAMPSHIRE,2010-11,4963.2,12.67,15365.2,16832,15994,15290,15019,107,361,623,1086,2177
NEW HAMPSHIRE,2009-10,4959.7,12.73,15490.6,17108,16277,15399,15588,141,402,668,916,2127
NEW HAMPSHIRE,2008-09,5012,12.6,15661,17244,16260,16016,15419,170,456,685,995,2306
NEW HAMPSHIRE,2007-08,4908,13,15484,17532,16922,16000,15959,226,539,729,1006,2500
NEW HAMPSHIRE,2006-07,4933,13.1,15515,18280,16914,16698,15492,256,478,699,1008,2441
NEW HAMPSHIRE,2005-06,4871,13.2,15536,18269,17478,16364,15001,317,550,782,843,2492
NEW HAMPSHIRE,2004-05,4801,13.5,15298,18584,17233,15871,14847,343,628,927,865,2763
NEW HAMPSHIRE,2003-04,4721,13.7,15112,18286,16715,15879,14445,,,,,
NEW HAMPSHIRE,2002-03,4566,13.9,14977,17788,16583,15337,14280,,,,,
NEW HAMPSHIRE,2001-02,4493,14.1,14677,17646,16156,15175,13309,,,,,
NEW HAMPSHIRE,2000-01,4359,14.5,14341,17578,16160,14492,13024,,,,,
NEW HAMPSHIRE,1999-00,4418,14.7,14037,17520,15297,14317,12734,,,,,
NEW HAMPSHIRE,1998-99,4047,15.4,13290,16566,15149,14061,12148,,,,,
NEW HAMPSHIRE,1997-98,4080,15.6,12931,16336,14955,13354,11656,,,,,
NEW HAMPSHIRE,1996-97,3797,,12692,15999,14321,12875,11158,,,,,
NEW HAMPSHIRE,1995-96,3899,,12346,15420,13597,12387,10996,,,,,
NEW HAMPSHIRE,1994-95,3951,,12109,14564,12969,11965,10919,,,,,
NEW HAMPSHIRE,1993-94,3913,,11972,14039,12499,11925,10635,,,,,
NEW HAMPSHIRE,1992-93,3558,,11654,13477,12371,11399,10752,,,,,
NEW HAMPSHIRE,1991-92,3622,,11464,13541,11773,11516,10483,,,,,
NEW HAMPSHIRE,1990-91,3573,,10637,12680,11881,11334,10408,,,,,
NEW HAMPSHIRE,1989-90,3478,,10572,12838,11898,11097,11131,,,,,
NEW HAMPSHIRE,1988-89,3757,,10442,13230,11969,12219,11878,,,,,
NEW HAMPSHIRE,1987-88,4106,,10363,13206,13120,12955,12226,,,,,
NEW HAMPSHIRE,1986-87,4094,,10300,14547,13982,13165,11641,,,,,
NEW JERSEY,2013-14,38638.44,11.96,114581.2,104627,101728,97390,95646,1696,1667,1522,1594,7044
NEW JERSEY,2012-13,37480.92,12.37,110928.64,105857,101466,96504,97048,1768,1533,1491,1494,6926
NEW JERSEY,2011-12,37690.8,12.36,109719.1,104553,98853,96668,94059,1346,1588,1710,1676,6320
NEW JERSEY,2010-11,38278.2,12.73,110202.4,106281,103267,98237,97358,1762,2007,1995,1775,7539
NEW JERSEY,2009-10,40615,12.11,115248,108577,104572,100966,98733,1474,1714,1790,1669,6647
NEW JERSEY,2008-09,48663,12,114713,107770,104922,99293,97515,–,–,2067,1855,3922
NEW JERSEY,2007-08,46343,12.4,111500,108724,104930,100600,97078,†,†,1834,1669,3503
NEW JERSEY,2006-07,48157,12.4,112301,108572,105161,99725,94685,1655,1966,1878,1700,7199
NEW JERSEY,2005-06,68782,12.4,112673,110035,106271,98833,92175,2480,2325,2400,1968,9173
NEW JERSEY,2004-05,68221,12.1,114875,111479,104337,95891,88378,2871,2608,2389,2014,9882
NEW JERSEY,2003-04,29623,12.7,109077,108480,99843,90048,84539,,,,,
NEW JERSEY,2002-03,28956,12.8,107004,104310,95529,87262,82008,,,,,
NEW JERSEY,2001-02,28172,12.9,103611,98784,91065,83286,76271,,,,,
NEW JERSEY,2000-01,27554,13.3,99061,91799,84586,75715,70455,,,,,
NEW JERSEY,1999-00,27226,13.4,95883,89234,80654,73096,69647,,,,,
NEW JERSEY,1998-99,26769,13.8,92264,86450,78892,73985,68618,,,,,
NEW JERSEY,1997-98,26383,13.9,89671,86192,79314,72813,68008,,,,,
NEW JERSEY,1996-97,26207,,87642,87093,77752,71916,67460,,,,,
NEW JERSEY,1995-96,26362,,86706,84649,76042,70493,65647,,,,,
NEW JERSEY,1994-95,26439,,85258,83256,74858,68708,65662,,,,,
NEW JERSEY,1993-94,26509,,84564,81629,73124,69108,64402,,,,,
NEW JERSEY,1992-93,26373,,83057,81465,76142,70377,67353,,,,,
NEW JERSEY,1991-92,26385,,80515,80717,73572,70104,67395,,,,,
NEW JERSEY,1990-91,26737,,79886,77549,73713,70029,67716,,,,,
NEW JERSEY,1989-90,27611,,79597,78241,73767,70827,70438,,,,,
NEW JERSEY,1988-89,28764,,79698,79268,75851,75390,78033,,,,,
NEW JERSEY,1987-88,29433,,78335,81639,80864,83009,82653,,,,,
NEW JERSEY,1986-87,28209,,75558,87477,89290,88333,81896,,,,,
NEW MEXICO,2013-14,8331.94,15.25,22238.71,29729,25491,22363,20133,2229,2075,1484,1021,6809
NEW MEXICO,2012-13,8338.85,15.23,22200.73,29217,25711,21755,20559,1409,1547,1133,715,4804
NEW MEXICO,2011-12,8182.44,15.36,21956.68,29325,25734,22014,20671,1468,1491,1192,981,5132
NEW MEXICO,2010-11,8562.98,15.07,22437.43,29179,26451,22553,20594,1851,1717,1287,963,5818
NEW MEXICO,2009-10,8657.05,14.72,22723.73,29715,26763,22448,20150,1582,1559,1223,946,5310
NEW MEXICO,2008-09,5127,14.5,22825,30191,26530,22169,19940,1271,1197,982,676,4126
NEW MEXICO,2007-08,6629,14.8,22300,30031,26961,22736,19594,1464,1398,1245,902,5009
NEW MEXICO,2006-07,6388,14.9,22016,29895,26787,22118,19329,1412,1226,1096,767,4501
NEW MEXICO,2005-06,6809,14.8,22021,30026,26075,21986,19119,1633,1347,1181,745,4906
NEW MEXICO,2004-05,4913,15,21730,30134,26387,22163,19518,1574,1477,1253,788,5092
NEW MEXICO,2003-04,4926,15,21569,29840,25622,22067,19505,,,,,
NEW MEXICO,2002-03,4936,15.1,21172,28861,25863,22011,19002,,,,,
NEW MEXICO,2001-02,4837,14.7,21823,28816,25843,21907,18658,,,,,
NEW MEXICO,2000-01,4777,15.2,21042,28944,25476,21905,19102,,,,,
NEW MEXICO,1999-00,4680,16.4,19797,29307,25601,22054,18941,,,,,
NEW MEXICO,1998-99,4705,16.5,19981,29414,26245,21885,18724,,,,,
NEW MEXICO,1997-98,4644,16.9,19647,29843,26201,21956,18080,,,,,
NEW MEXICO,1996-97,4599,,19971,29906,25242,21061,17073,,,,,
NEW MEXICO,1995-96,4518,,19398,29164,24981,20195,17078,,,,,
NEW MEXICO,1994-95,4342,,19025,28547,23885,20114,16925,,,,,
NEW MEXICO,1993-94,4564,,18404,27115,23706,20180,16767,,,,,
NEW MEXICO,1992-93,4473,,17912,24285,21756,18037,16027,,,,,
NEW MEXICO,1991-92,4382,,17498,23314,20858,18271,15923,,,,,
NEW MEXICO,1990-91,4291,,16703,22366,20661,17938,15454,,,,,
NEW MEXICO,1989-90,4302,,16150,22253,20374,17684,15751,,,,,
NEW MEXICO,1988-89,4320,,15770,21872,20136,17765,16915,,,,,
NEW MEXICO,1987-88,4386,,15175,21818,20032,18435,16946,,,,,
NEW MEXICO,1986-87,4400,,14876,21820,20551,18563,16794,,,,,
NEW YORK,2013-14,97054.73,13.22,206692.51,223440,213861,192944,190081,7354,8222,6674,8931,31867
NEW YORK,2012-13,97751.38,13.09,207060.33,225291,215312,193257,192112,8244,10535,7501,9784,36790
NEW YORK,2011-12,87686.52,12.91,209526.78,226304,218032,196644,190732,7823,9845,7754,8374,34069
NEW YORK,2010-11,69356.97,12.92,211605.54,235380,227380,197541,191528,–,–,–,–,35588
NEW YORK,2009-10,72407.76,12.88,214803.59,238626,234375,196709,188377,8515,14051,8022,8163,38751
NEW YORK,2008-09,73282,12.6,217944,235589,224040,194312,185896,8422,24514,8834,8234,50004
NEW YORK,2007-08,71116,13.1,211854,242566,229873,194223,185680,8094,23096,8548,8191,47929
NEW YORK,2006-07,76693,12.8,218879,250358,233088,195277,179030,8740,12893,12378,11721,45732
NEW YORK,2005-06,75348,12.9,218989,257444,233911,186182,173867,9007,25634,13535,10227,58403
NEW YORK,2004-05,91063,13,218612,262635,227717,183622,166975,6801,9075,9479,5543,30898
NEW YORK,2003-04,90061,13.3,216116,257475,224166,175475,163362,,,,,
NEW YORK,2002-03,70300,13.7,210926,251323,220252,172344,158474,,,,,
NEW YORK,2001-02,69480,13.7,209128,245540,219003,172609,153505,,,,,
NEW YORK,2000-01,68649,13.9,206961,245291,217734,167953,151043,,,,,
NEW YORK,1999-00,68466,14.3,202078,252864,212708,165159,150444,,,,,
NEW YORK,1998-99,67610,14.6,197253,247917,212054,166183,148315,,,,,
NEW YORK,1997-98,65232,15,190874,245320,215097,168983,146818,,,,,
NEW YORK,1996-97,63744,,185104,241927,206802,173915,146738,,,,,
NEW YORK,1995-96,62355,,181559,235320,205305,178043,142841,,,,,
NEW YORK,1994-95,63928,,182273,227040,202906,172751,144139,,,,,
NEW YORK,1993-94,63453,,179413,225243,200597,175038,143055,,,,,
NEW YORK,1992-93,62774,,176375,218802,197530,168686,142822,,,,,
NEW YORK,1991-92,62317,,171914,214204,192056,166438,141546,,,,,
NEW YORK,1990-91,65135,,176390,205901,188101,167323,142514,,,,,
NEW YORK,1989-90,65857,,174610,203393,187596,168969,148836,,,,,
NEW YORK,1988-89,66615,,172807,202098,191947,187652,161593,,,,,
NEW YORK,1987-88,67372,,170236,207361,203499,201482,172904,,,,,
NEW YORK,1986-87,68733,,168940,220033,227779,200730,171545,,,,,
NORTH CAROLINA,2013-14,30248.57,15.41,99326.62,126737,114718,103355,96453,6553,5535,4769,3338,20195
NORTH CAROLINA,2012-13,28772.09,15.4,98590.41,126694,113605,103428,94648,7311,6168,5633,3854,22966
NORTH CAROLINA,2011-12,31705.84,15.5,97308.09,125149,111972,102663,94017,6841,5740,5273,3623,21477
NORTH CAROLINA,2010-11,47548.64,15.15,98357.47,126090,111889,102676,91541,8009,6237,5621,3752,23619
NORTH CAROLINA,2009-10,47923.36,14.12,105036.39,128454,111955,100204,88983,–,–,–,–,–
NORTH CAROLINA,2008-09,49063,13.6,109634,131515,111292,98188,88724,6577,5846,4847,3728,20998
NORTH CAROLINA,2007-08,48685,14,106562,128987,105322,96966,85893,6390,5613,4627,3395,20025
NORTH CAROLINA,2006-07,47713,12.9,112304,128905,108148,95805,84556,6084,5370,4735,3235,19424
NORTH CAROLINA,2005-06,32239,14.8,95664,128333,108210,94508,82267,6688,5738,4792,3209,20427
NORTH CAROLINA,2004-05,31256,15,92550,126414,103929,90414,79257,7075,6295,4948,3455,21773
NORTH CAROLINA,2003-04,30946,15.1,89988,122508,100658,87106,75918,,,,,
NORTH CAROLINA,2002-03,30824,15.2,87677,117724,96462,84351,73450,,,,,
NORTH CAROLINA,2001-02,29999,15.4,85684,114236,94231,81329,69602,,,,,
NORTH CAROLINA,2000-01,29357,15.5,83680,112416,91446,77475,66831,,,,,
NORTH CAROLINA,1999-00,29250,15.6,81914,111493,88455,75694,65558,,,,,
NORTH CAROLINA,1998-99,28479,15.8,79531,108749,86952,74806,63476,,,,,
NORTH CAROLINA,1997-98,27697,15.9,77785,106559,87549,72987,62552,,,,,
NORTH CAROLINA,1996-97,26866,,75239,105771,85120,71471,61593,,,,,
NORTH CAROLINA,1995-96,25795,,73201,100505,82512,69100,59653,,,,,
NORTH CAROLINA,1994-95,24700,,71592,97534,81618,67828,62324,,,,,
NORTH CAROLINA,1993-94,24935,,69421,94369,79553,70282,60856,,,,,
NORTH CAROLINA,1992-93,23916,,66630,91379,80765,67936,63427,,,,,
NORTH CAROLINA,1991-92,23729,,65326,90900,77775,70089,64061,,,,,
NORTH CAROLINA,1990-91,21058,,64283,87422,79885,70712,65720,,,,,
NORTH CAROLINA,1989-90,20858,,63160,89470,80674,72581,68194,,,,,
NORTH CAROLINA,1988-89,21152,,61933,89256,83514,75722,73595,,,,,
NORTH CAROLINA,1987-88,21067,,59771,91845,87173,81024,72339,,,,,
NORTH CAROLINA,1986-87,20512,,58103,95311,93087,79460,68939,,,,,
NORTH DAKOTA,2013-14,3051.33,11.8,8805.41,7813,7749,7469,7389,40,174,207,259,680
NORTH DAKOTA,2012-13,3082.03,11.65,8677.44,7801,7536,7432,7347,78,186,210,283,757
NORTH DAKOTA,2011-12,3026.37,11.45,8525.02,7483,7551,7376,7348,84,185,259,226,754
NORTH DAKOTA,2010-11,2985.52,11.44,8416.95,7591,7701,7415,7581,100,200,229,222,751
NORTH DAKOTA,2009-10,3123.16,11.36,8365.6,7588,7701,7571,7637,125,182,192,181,680
NORTH DAKOTA,2008-09,3049,11.6,8181,7687,7856,7622,7608,95,195,163,171,624
NORTH DAKOTA,2007-08,3098,11.8,8068,8071,8014,7820,7662,85,196,179,219,679
NORTH DAKOTA,2006-07,3099,12.1,8007,8283,8199,7975,7818,140,185,207,228,760
NORTH DAKOTA,2005-06,3182,12.3,8003,8484,8261,8011,7889,98,193,202,221,714
NORTH DAKOTA,2004-05,3242,12.5,8070,8547,8515,8186,8143,101,220,225,238,784
NORTH DAKOTA,2003-04,3249,12.7,8037,8952,8659,8439,8313,,,,,
NORTH DAKOTA,2002-03,3271,12.9,8078,9091,8705,8675,8665,,,,,
NORTH DAKOTA,2001-02,3274,13.2,8035,8906,9040,8986,8661,,,,,
NORTH DAKOTA,2000-01,3279,13.4,8141,9314,9374,9020,9072,,,,,
NORTH DAKOTA,1999-00,3288,13.8,8150,9677,9395,9405,9306,,,,,
NORTH DAKOTA,1998-99,3054,14.4,7974,9696,9664,9559,9082,,,,,
NORTH DAKOTA,1997-98,3063,14.7,8070,10053,9935,9439,8815,,,,,
NORTH DAKOTA,1996-97,3000,,7892,10230,9785,9251,8686,,,,,
NORTH DAKOTA,1995-96,2440,,7501,9927,9377,8950,8513,,,,,
NORTH DAKOTA,1994-95,2573,,7796,9564,9091,8796,8418,,,,,
NORTH DAKOTA,1993-94,2544,,7755,9230,8971,8733,8066,,,,,
NORTH DAKOTA,1992-93,2552,,7794,9017,8908,8226,8014,,,,,
NORTH DAKOTA,1991-92,2541,,7733,9006,8434,8174,7821,,,,,
NORTH DAKOTA,1990-91,2550,,7591,8581,8338,8003,7960,,,,,
NORTH DAKOTA,1989-90,2638,,7809,8524,8185,8155,8032,,,,,
NORTH DAKOTA,1988-89,2683,,7731,8505,8470,8219,8433,,,,,
NORTH DAKOTA,1987-88,2674,,7632,8735,8559,8627,8704,,,,,
NORTH DAKOTA,1986-87,2754,,7779,8733,8879,8957,8204,,,,,
OHIO,2013-14,47206.93,16.26,106010.29,147490,134963,118551,114607,6968,3853,4574,7011,22406
OHIO,2012-13,47953,16.32,105999.8,148752,133301,118941,117623,7228,3915,4767,8199,24109
OHIO,2011-12,49614.3,16.12,107971.68,148538,135373,121027,117866,7501,4528,5027,7924,24980
OHIO,2010-11,51886.59,16.05,109281.94,152198,138532,121707,118946,8346,4688,5180,7222,25436
OHIO,2009-10,53016.42,15.84,111377.53,156711,139964,123404,118872,8291,4054,4434,6411,23150
OHIO,2008-09,53743,16.1,112845,160269,143494,139384,134522,6173,3271,4793,5852,20089
OHIO,2007-08,52498,16.6,109766,164768,145347,141330,134417,3784,4387,4993,5726,18890
OHIO,2006-07,52596,16.6,110459,164806,147424,140099,131200,3874,3217,4349,4902,16342
OHIO,2005-06,37772,15.6,117982,165999,145999,135918,130436,4534,3948,4937,5295,18714
OHIO,2004-05,37608,15.6,118060,165656,143496,136413,127379,–,–,–,–,†
OHIO,2003-04,38445,15.2,121735,160873,144353,134007,127993,,,,,
OHIO,2002-03,41507,14.7,125372,157868,138899,132666,125057,,,,,
OHIO,2001-02,40497,15,122115,155727,139530,131413,117683,,,,,
OHIO,2000-01,38971,15.5,118361,156710,139229,125760,119704,,,,,
OHIO,1999-00,37827,15.8,116200,156492,134736,127991,120885,,,,,
OHIO,1998-99,37671,16.2,113984,152978,137621,129869,120670,,,,,
OHIO,1997-98,36964,16.7,110761,156861,140663,130271,120070,,,,,
OHIO,1996-97,36472,,108515,160489,140557,127743,117161,,,,,
OHIO,1995-96,35718,,107347,159777,138771,125275,114879,,,,,
OHIO,1994-95,36912,,109085,151879,132103,122753,112266,,,,,
OHIO,1993-94,36103,,107444,151241,131594,122355,111932,,,,,
OHIO,1992-93,35150,,106233,146420,131168,117657,116085,,,,,
OHIO,1991-92,40764,,103372,146702,126485,119757,113420,,,,,
OHIO,1990-91,45660,,103088,143585,129741,121578,118605,,,,,
OHIO,1989-90,45304,,101417,145557,129411,125018,125507,,,,,
OHIO,1988-89,45260,,101021,144343,134124,133497,137196,,,,,
OHIO,1987-88,45021,,99708,148565,142339,145422,137127,,,,,
OHIO,1986-87,45759,,98894,154659,153511,144266,132962,,,,,
OKLAHOMA,2013-14,18743.4,16.24,41982.6,50284,47179,42850,39498,949,1062,1188,1086,4285
OKLAHOMA,2012-13,18827,16.12,41774.7,49577,45628,42200,39407,966,1176,1261,1059,4462
OKLAHOMA,2011-12,18804.2,16.11,41349.4,48154,45332,42450,39447,1309,1446,1573,1270,5598
OKLAHOMA,2010-11,18986.3,15.99,41277.8,48131,45564,42620,39634,1460,1580,1774,1478,6292
OKLAHOMA,2009-10,19730.8,15.37,42614.6,48847,45882,42591,40046,1526,1667,1742,1365,6300
OKLAHOMA,2008-09,19770,13.9,46571,48896,45894,43091,38798,1549,1718,1642,1347,6256
OKLAHOMA,2007-08,19974,13.7,46709,49091,47340,42648,39321,1859,1773,1727,1468,6827
OKLAHOMA,2006-07,17059,15.1,42206,51070,46155,42614,38453,1899,1877,1853,1382,7011
OKLAHOMA,2005-06,16931,15.2,41833,50065,46551,42054,38013,2021,2188,1896,1558,7663
OKLAHOMA,2004-05,16064,15.6,40416,50035,45741,41485,37938,2563,2366,2393,1880,9202
OKLAHOMA,2003-04,16717,16,39253,49529,45189,41333,38601,,,,,
OKLAHOMA,2002-03,17443,15.4,40638,48886,45185,41842,38443,,,,,
OKLAHOMA,2001-02,17863,14.9,41632,49034,45877,41575,38638,,,,,
OKLAHOMA,2000-01,17707,15.1,41318,49667,45912,41721,39409,,,,,
OKLAHOMA,1999-00,17684,15.1,41498,50270,46441,42652,40024,,,,,
OKLAHOMA,1998-99,17532,15.4,40876,50328,47393,43152,38769,,,,,
OKLAHOMA,1997-98,17348,15.5,40215,51060,47758,41543,37568,,,,,
OKLAHOMA,1996-97,16927,,39568,51709,45970,40757,36113,,,,,
OKLAHOMA,1995-96,16601,,39364,49992,45289,38997,35733,,,,,
OKLAHOMA,1994-95,16517,,39406,48838,43273,38583,35899,,,,,
OKLAHOMA,1993-94,16180,,39031,46597,42337,38833,34744,,,,,
OKLAHOMA,1992-93,15835,,38433,45278,42189,37011,33346,,,,,
OKLAHOMA,1991-92,15535,,37650,44238,40096,35492,35684,,,,,
OKLAHOMA,1990-91,15716,,37221,41890,38273,37855,35671,,,,,
OKLAHOMA,1989-90,15122,,35631,40261,40670,38312,37728,,,,,
OKLAHOMA,1988-89,15050,,35116,42824,41321,40412,40073,,,,,
OKLAHOMA,1987-88,14991,,34515,43738,43659,43056,40552,,,,,
OKLAHOMA,1986-87,15324,,35041,45930,46210,42597,38606,,,,,
OREGON,2013-14,7957.39,22.18,26733.39,44396,44491,42633,47075,465,771,1451,3299,5986
OREGON,2012-13,7869.07,22.25,26410.15,44662,43751,43103,46723,557,902,1602,3071,6132
OREGON,2011-12,7990.07,21.21,26790.98,43968,44249,42783,45898,621,1071,1745,3238,6676
OREGON,2010-11,8392.15,20.3,28109.27,44540,44289,43078,46212,793,1307,2009,3380,7489
OREGON,2009-10,8613.15,20.26,28768.01,44788,44090,43422,46088,882,1361,1959,3194,7156
OREGON,2008-09,9266,19.1,30152,44640,44681,44531,46120,–,–,–,–,†
OREGON,2007-08,9120,18.8,30013,45179,45820,45161,45559,†,†,†,†,†
OREGON,2006-07,8875,18.8,29940,46162,46509,45179,43833,1074,1453,1928,2984,7439
OREGON,2005-06,9573,19.5,28346,46257,44839,41675,39414,1277,1640,2156,3087,8160
OREGON,2004-05,10429,20.1,27431,46700,45148,42290,41125,1386,1922,2271,3117,8696
OREGON,2003-04,9795,20.6,26732,46213,43984,41476,40702,,,,,
OREGON,2002-03,7730,20.4,27126,45504,43838,42220,39799,,,,,
OREGON,2001-02,8068,19.5,28262,45067,44268,41403,38379,,,,,
OREGON,2000-01,8229,19.4,28094,45541,43602,39984,37055,,,,,
OREGON,1999-00,8400,19.6,27803,45619,43201,40083,36827,,,,,
OREGON,1998-99,8209,20,27152,45260,42838,39095,35079,,,,,
OREGON,1997-98,8210,20.1,26935,45211,42477,37452,34419,,,,,
OREGON,1996-97,8675,,26757,44713,40751,36762,34794,,,,,
OREGON,1995-96,8981,,26680,42438,39326,36420,33202,,,,,
OREGON,1994-95,8484,,26208,41301,39088,35667,33356,,,,,
OREGON,1993-94,8716,,26488,41129,38344,35518,32828,,,,,
OREGON,1992-93,9392,,26634,39891,37891,34300,31920,,,,,
OREGON,1991-92,9799,,26745,38787,36113,33305,30226,,,,,
OREGON,1990-91,9867,,26174,36213,33874,31186,30018,,,,,
OREGON,1989-90,10102,,25630,36213,33874,31186,30018,,,,,
OREGON,1988-89,10052,,25147,34447,33336,32481,32320,,,,,
OREGON,1987-88,10193,,24911,34338,34569,34530,33495,,,,,
OREGON,1986-87,10049,,24615,35552,36757,35364,32009,,,,,
PENNSYLVANIA,2013-14,53270.37,14.47,121329.77,144721,140209,133554,135583,1643,3029,3268,4302,12271
PENNSYLVANIA,2012-13,54681.83,14.32,123146.79,144396,140180,136531,136357,2403,3255,3311,4409,13519
PENNSYLVANIA,2011-12,55684.17,14.21,124645.61,144339,144453,138146,138265,2984,3828,3775,4689,15288
PENNSYLVANIA,2010-11,58513.24,13.8,129911.39,150150,148716,141866,141710,–,–,4006,4536,–
PENNSYLVANIA,2009-10,59973,13.64,130983.79,151739,149834,141898,140845,2273,4109,4650,5130,16162
PENNSYLVANIA,2008-09,59464,13.7,129708,153341,149052,140191,136937,2620,4424,4761,5213,17018
PENNSYLVANIA,2007-08,63313,13.3,135234,158874,153174,143749,139930,2536,4497,4787,4960,16780
PENNSYLVANIA,2006-07,53175,15.2,123114,164999,169575,161002,153112,3398,4817,5110,5004,18329
PENNSYLVANIA,2005-06,52694,15,122397,164602,156679,143798,135778,3277,4610,5240,5226,18353
PENNSYLVANIA,2004-05,51750,15.1,121167,163848,153315,140618,132551,3333,4709,5786,5740,19568
PENNSYLVANIA,2003-04,50256,15.2,119889,162097,150643,138685,131199,,,,,
PENNSYLVANIA,2002-03,48548,15.4,118256,160814,147884,136318,126894,,,,,
PENNSYLVANIA,2001-02,48595,15.4,118470,159919,147555,133282,122942,,,,,
PENNSYLVANIA,2000-01,48018,15.5,116963,157559,142177,128868,122048,,,,,
PENNSYLVANIA,1999-00,47289,15.9,114525,153464,137769,128787,121152,,,,,
PENNSYLVANIA,1998-99,46530,16.4,111065,149158,139026,128366,118850,,,,,
PENNSYLVANIA,1997-98,45221,16.8,108014,151930,139180,126527,117432,,,,,
PENNSYLVANIA,1996-97,44851,,106432,152058,136714,124788,114183,,,,,
PENNSYLVANIA,1995-96,44455,,104921,150460,134653,121885,111050,,,,,
PENNSYLVANIA,1994-95,43798,,102988,147352,131606,119008,109673,,,,,
PENNSYLVANIA,1993-94,43358,,101301,143719,127919,117500,107244,,,,,
PENNSYLVANIA,1992-93,43691,,100912,138987,125173,113950,108244,,,,,
PENNSYLVANIA,1991-92,44975,,100475,134714,120084,113642,107758,,,,,
PENNSYLVANIA,1990-91,45556,,100275,129283,120110,113014,108592,,,,,
PENNSYLVANIA,1989-90,46698,,105415,128736,120857,115499,115400,,,,,
PENNSYLVANIA,1988-89,46988,,104379,127405,124842,123717,124572,,,,,
PENNSYLVANIA,1987-88,47305,,103307,133426,133449,131877,130812,,,,,
PENNSYLVANIA,1986-87,47861,,102993,139761,142565,137798,126701,,,,,
RHODE ISLAND,2013-14,4543.58,14.46,9824.05,10912,11304,10651,10403,573,613,509,471,2166
RHODE ISLAND,2012-13,4511.87,14.43,9871.31,12014,11330,10819,10509,577,581,476,452,2086
RHODE ISLAND,2011-12,5942,12.52,11414,12277,11492,10868,10558,681,700,644,534,2559
RHODE ISLAND,2010-11,5918.1,12.83,11211.8,12888,11814,10891,10466,783,821,715,516,2835
RHODE ISLAND,2009-10,5922.21,12.77,11366.23,13137,12245,10855,10697,525,520,532,418,1995
RHODE ISLAND,2008-09,5930,12.8,11316,13614,12203,10833,10709,586,552,546,315,1999
RHODE ISLAND,2007-08,5888,13.1,11271,13709,12492,11421,10848,400,473,475,291,1639
RHODE ISLAND,2006-07,5974,13.3,11381,13935,12964,11885,10832,495,551,472,364,1882
RHODE ISLAND,2005-06,6873,10.8,14180,14193,13007,11765,10587,547,531,475,371,1924
RHODE ISLAND,2004-05,2950,13.3,11781,14591,12763,11571,10533,651,576,516,469,2212
RHODE ISLAND,2003-04,2783,13.4,11918,14188,12676,11345,9957,,,,,
RHODE ISLAND,2002-03,4712,14.2,11196,13863,12244,10698,9856,,,,,
RHODE ISLAND,2001-02,4657,14.2,11103,13538,11631,10587,9507,,,,,
RHODE ISLAND,2000-01,4405,14.8,10645,12819,11272,10341,9184,,,,,
RHODE ISLAND,1999-00,4555,14.2,11041,12548,11099,9966,9138,,,,,
RHODE ISLAND,1998-99,4617,13.9,11124,12504,10864,10018,8727,,,,,
RHODE ISLAND,1997-98,4385,14.5,10598,12362,10971,9407,8633,,,,,
RHODE ISLAND,1996-97,4280,,10656,12191,10609,9453,8428,,,,,
RHODE ISLAND,1995-96,4477,,10482,11922,10530,9113,8263,,,,,
RHODE ISLAND,1994-95,4090,,10066,11534,10318,9124,8440,,,,,
RHODE ISLAND,1993-94,4103,,9823,11060,10111,9205,8094,,,,,
RHODE ISLAND,1992-93,4165,,10069,10774,10102,8811,8244,,,,,
RHODE ISLAND,1991-92,3960,,9709,10774,9868,8742,8277,,,,,
RHODE ISLAND,1990-91,3979,,9522,10154,9661,8830,8167,,,,,
RHODE ISLAND,1989-90,3820,,9369,10123,9704,8709,8346,,,,,
RHODE ISLAND,1988-89,3775,,9216,10228,9496,9001,8954,,,,,
RHODE ISLAND,1987-88,3761,,8934,10712,10311,9993,9558,,,,,
RHODE ISLAND,1986-87,3783,,8916,11291,11050,10451,9396,,,,,
SOUTH CAROLINA,2013-14,14302.7,15.49,48151.2,63304,55463,48444,44624,1691,1811,1547,1220,6269
SOUTH CAROLINA,2012-13,14432.3,15.31,48072.1,61897,54033,47963,44755,2072,1972,1717,1313,7074
SOUTH CAROLINA,2011-12,14204.9,15.54,46782.2,60710,54075,48328,44684,2334,2319,1893,1467,8013
SOUTH CAROLINA,2010-11,13495.3,16.05,45210.4,62161,54685,48708,44703,2708,2309,1817,1268,8102
SOUTH CAROLINA,2009-10,14057.6,15.39,46979.5,62997,55250,48408,44364,–,–,–,–,–
SOUTH CAROLINA,2008-09,14272,14.4,49941,64674,55294,47354,43189,2280,1892,1372,933,6477
SOUTH CAROLINA,2007-08,30757,15,47368,66363,55462,46467,39459,2434,1884,1346,1003,6667
SOUTH CAROLINA,2006-07,31882,14.4,49284,66824,54981,43355,41588,2259,1833,1212,927,6231
SOUTH CAROLINA,2005-06,13848,14.6,48212,66201,51277,45709,40327,2239,1822,1233,930,6224
SOUTH CAROLINA,2004-05,13431,15,46914,65564,53159,42013,38736,2243,1801,1175,870,6089
SOUTH CAROLINA,2003-04,13041,15.3,45830,69415,51238,39529,38273,,,,,
SOUTH CAROLINA,2002-03,13083,14.9,46529,67563,49445,39439,37515,,,,,
SOUTH CAROLINA,2001-02,13158,14.5,46616,64279,49037,40324,35835,,,,,
SOUTH CAROLINA,2000-01,12835,14.9,45380,63776,48628,37870,33911,,,,,
SOUTH CAROLINA,1999-00,13682,14.7,45468,62883,47592,36109,36471,,,,,
SOUTH CAROLINA,1998-99,13443,15.2,43689,63683,46768,39654,36637,,,,,
SOUTH CAROLINA,1997-98,13149,15.6,42336,62018,48576,39422,36576,,,,,
SOUTH CAROLINA,1996-97,13082,,41463,61962,48314,39304,35546,,,,,
SOUTH CAROLINA,1995-96,12800,,39922,60808,48165,38508,34800,,,,,
SOUTH CAROLINA,1994-95,12617,,39437,60058,46796,37645,35376,,,,,
SOUTH CAROLINA,1993-94,12368,,38620,58795,45611,38390,33949,,,,,
SOUTH CAROLINA,1992-93,11891,,37295,55755,45819,36970,34615,,,,,
SOUTH CAROLINA,1991-92,11899,,37115,55650,43947,37196,34638,,,,,
SOUTH CAROLINA,1990-91,12125,,36963,53237,43969,37480,35393,,,,,
SOUTH CAROLINA,1989-90,12303,,36337,52848,44378,38618,36621,,,,,
SOUTH CAROLINA,1988-89,12461,,35877,52835,45669,40096,39348,,,,,
SOUTH CAROLINA,1987-88,12563,,35701,54003,47599,43138,38596,,,,,
SOUTH CAROLINA,1986-87,12444,,35349,55488,50193,42133,36064,,,,,
SOUTH DAKOTA,2013-14,2518.32,13.76,9509.63,10062,9385,8707,8485,184,267,258,291,1000
SOUTH DAKOTA,2012-13,2504.88,13.98,9333.89,10018,9548,8885,8816,97,194,176,216,683
SOUTH DAKOTA,2011-12,2513.6,13.84,9246.78,10209,9740,8876,8662,161,243,211,256,871
SOUTH DAKOTA,2010-11,2572.83,13.26,9511.67,10307,9779,9043,9063,267,434,346,416,1463
SOUTH DAKOTA,2009-10,2565.89,13.27,9325.99,10286,9767,9174,8741,341,503,427,414,1685
SOUTH DAKOTA,2008-09,2553,13.7,9244,10580,10357,9184,8831,352,440,381,543,1716
SOUTH DAKOTA,2007-08,2533,12.9,9416,10457,9977,8847,8901,313,397,500,459,1669
SOUTH DAKOTA,2006-07,2547,13.4,9070,10371,9799,9056,8795,210,335,393,401,1339
SOUTH DAKOTA,2005-06,2547,13.4,9129,10314,10046,9166,8956,210,284,297,343,1134
SOUTH DAKOTA,2004-05,2533,13.5,9064,10377,9924,9217,9389,321,394,421,435,1571
SOUTH DAKOTA,2003-04,2605,13.6,9245,10375,9996,9585,9566,,,,,
SOUTH DAKOTA,2002-03,2604,14,9257,10479,10326,10025,9768,,,,,
SOUTH DAKOTA,2001-02,2646,13.6,9370,10629,10562,9834,9454,,,,,
SOUTH DAKOTA,2000-01,2650,13.7,9396,11043,10389,9932,9354,,,,,
SOUTH DAKOTA,1999-00,2630,14,9384,11247,10649,9811,9693,,,,,
SOUTH DAKOTA,1998-99,2994,14.3,9273,11302,10515,10208,9521,,,,,
SOUTH DAKOTA,1997-98,2846,15.3,9282,12352,11431,10578,9939,,,,,
SOUTH DAKOTA,1996-97,2700,,9625,12497,11313,10521,9552,,,,,
SOUTH DAKOTA,1995-96,2676,,9641,12176,11388,10090,9116,,,,,
SOUTH DAKOTA,1994-95,2738,,9985,12077,10794,9560,8925,,,,,
SOUTH DAKOTA,1993-94,2589,,9557,11276,10264,9495,8936,,,,,
SOUTH DAKOTA,1992-93,2371,,8767,9856,9324,8887,8259,,,,,
SOUTH DAKOTA,1991-92,2950,,8868,9651,9045,8339,7692,,,,,
SOUTH DAKOTA,1990-91,3023,,8511,9240,8676,7989,7758,,,,,
SOUTH DAKOTA,1989-90,3029,,8191,8921,8313,7884,8248,,,,,
SOUTH DAKOTA,1988-89,3082,,8260,8517,8251,8548,8685,,,,,
SOUTH DAKOTA,1987-88,3339,,8172,8461,8789,8987,8829,,,,,
SOUTH DAKOTA,1986-87,3281,,8031,8929,9402,9069,8346,,,,,
TENNESSEE,2013-14,18936.7,15.09,65847.2,77917,72827,67290,65854,1370,1579,1790,2843,7582
TENNESSEE,2012-13,19102.5,14.96,66406.23,76794,71810,67068,66299,1558,1815,2437,3276,9086
TENNESSEE,2011-12,19066.4,15.06,66381.7,76970,73216,69121,67637,2270,2380,2888,3662,11200
TENNESSEE,2010-11,19314.5,14.84,66558.1,76010,73509,68755,67441,1808,1796,2565,2947,9116
TENNESSEE,2009-10,18945.52,14.88,65360.69,77576,73927,68012,66366,1560,1645,2186,2429,7820
TENNESSEE,2008-09,18848,15,64926,78675,74858,68562,65306,1449,1602,1999,2261,7311
TENNESSEE,2007-08,18626,14.9,64659,78874,74197,67397,62040,1611,1882,2340,2601,8434
TENNESSEE,2006-07,18210,15.7,62176,82343,75767,68383,59904,1558,1674,2195,2652,8079
TENNESSEE,2005-06,16822,16,59596,81397,73595,65411,56949,1895,2032,2432,2996,9355
TENNESSEE,2004-05,16462,15.7,60022,80890,71894,61937,55490,2051,2357,2815,3276,10499
TENNESSEE,2003-04,16168,15.7,59584,79195,68430,59665,54115,,,,,
TENNESSEE,2002-03,15839,15.8,58652,76063,65905,59030,53273,,,,,
TENNESSEE,2001-02,15735,15.8,58357,74322,66409,58383,51278,,,,,
TENNESSEE,2000-01,15585,15.9,57164,73141,64349,54746,48802,,,,,
TENNESSEE,1999-00,15195,15.1,60702,74699,65873,58077,53160,,,,,
TENNESSEE,1998-99,14940,15.3,59258,72169,63426,55837,49440,,,,,
TENNESSEE,1997-98,14610,16.5,54142,73477,63496,53805,48881,,,,,
TENNESSEE,1996-97,13762,,54790,75906,65631,55679,50332,,,,,
TENNESSEE,1995-96,13939,,53403,74398,64144,55308,49319,,,,,
TENNESSEE,1994-95,12795,,47406,72593,63757,55070,49401,,,,,
TENNESSEE,1993-94,12398,,46066,71363,62534,54977,47668,,,,,
TENNESSEE,1992-93,11659,,43566,69086,62147,52558,49639,,,,,
TENNESSEE,1991-92,12523,,43062,68300,58652,53117,49011,,,,,
TENNESSEE,1990-91,12576,,43051,64514,59724,53196,49050,,,,,
TENNESSEE,1989-90,15845,,42824,65551,59694,53443,50851,,,,,
TENNESSEE,1988-89,16150,,42657,65659,60465,55784,53700,,,,,
TENNESSEE,1987-88,15620,,42082,66160,62961,59011,53219,,,,,
TENNESSEE,1986-87,15504,,41103,67900,65455,57728,49945,,,,,
TEXAS,2013-14,137971.11,15.4,334580.15,408892,362937,330538,309069,6945,8253,6824,14048,36070
TEXAS,2012-13,133053.08,15.51,327356.92,403136,350949,328003,305425,7627,9597,8016,16153,41393
TEXAS,2011-12,130424.41,15.42,324281.97,394326,347268,323387,298637,9358,11760,9688,20563,51369
TEXAS,2010-11,133218.39,14.73,334996.94,391554,344241,314911,298400,9682,11991,10173,18978,50824
TEXAS,2009-10,131239.32,14.56,333163.82,393182,335262,310288,291130,12642,13042,11250,16770,53697
TEXAS,2008-09,127161,14.5,327905,389217,332620,303492,280308,10041,11151,9846,12437,43475
TEXAS,2007-08,123974,14.5,321929,399047,332573,294661,273867,10243,11672,9664,11400,42979
TEXAS,2006-07,119809,14.8,311649,399056,327151,290296,263224,10426,11439,9664,10918,42447
TEXAS,2005-06,116750,15,302425,394739,323524,281641,257151,11125,11550,9224,11054,42953
TEXAS,2004-05,114796,15,294547,386182,311905,275238,247655,12115,12768,9943,12147,46973
TEXAS,2003-04,112426,15,289481,377912,309851,267914,243490,,,,,
TEXAS,2002-03,113006,14.8,288655,375136,300338,265802,238882,,,,,
TEXAS,2001-02,110911,14.7,282846,366895,293235,260674,226429,,,,,
TEXAS,2000-01,108539,14.8,274826,360704,287355,248570,219943,,,,,
TEXAS,1999-00,98495,14.9,267935,359368,275265,243627,217670,,,,,
TEXAS,1998-99,96352,15.2,259739,350743,273161,240751,212503,,,,,
TEXAS,1997-98,87379,15.3,254557,347951,270516,234021,206928,,,,,
TEXAS,1996-97,88160,,247650,343867,264238,225778,195075,,,,,
TEXAS,1995-96,88843,,240371,335819,255132,213714,186229,,,,,
TEXAS,1994-95,85987,,234213,323162,243914,205735,183737,,,,,
TEXAS,1993-94,82139,,224830,308461,234566,205293,178889,,,,,
TEXAS,1992-93,81100,,219385,294147,233825,199245,180206,,,,,
TEXAS,1991-92,102562,,219192,285063,227350,199643,177332,,,,,
TEXAS,1990-91,102669,,219298,273922,224440,195180,178390,,,,,
TEXAS,1989-90,93201,,199397,270446,223419,198441,192963,,,,,
TEXAS,1988-89,93074,,196616,264600,223162,202104,201762,,,,,
TEXAS,1987-88,86211,,187159,264328,228118,210751,182734,,,,,
TEXAS,1986-87,86808,,186385,269256,235943,199583,187279,,,,,
UTAH,2013-14,11219.31,22.96,27246.92,45902,44431,42469,41327,207,555,927,2444,4133
UTAH,2012-13,10642.48,23.05,26609.86,44379,42760,41164,40774,262,687,1260,2841,5050
UTAH,2011-12,10332.55,23.06,25969.65,42540,41498,40565,39693,599,1039,1899,3383,6920
UTAH,2010-11,10131.96,22.8,25676.71,41419,40964,39446,38744,153,339,736,3537,4765
UTAH,2009-10,9980.83,22.31,25615.06,40782,39775,38691,38995,337,770,1209,2687,4998
UTAH,2008-09,9563,23.7,23657,39511,38991,38989,37818,384,747,1152,3235,5518
UTAH,2007-08,9711,23.7,24336,41355,42535,41721,40375,384,747,1152,3235,5518
UTAH,2006-07,9642,22.1,23640,39106,38795,37788,36425,559,803,1259,2973,5594
UTAH,2005-06,9455,22.1,22993,38628,38319,36916,36923,542,878,1438,2503,5361
UTAH,2004-05,9199,22.6,22287,38069,37406,37016,35671,435,929,1516,2569,5449
UTAH,2003-04,8867,22.4,22147,36028,36479,35004,34629,,,,,
UTAH,2002-03,9007,21.8,22415,36050,35399,35600,34790,,,,,
UTAH,2001-02,9088,21.8,22211,35029,36118,35923,34951,,,,,
UTAH,2000-01,9027,21.9,22008,35538,36489,36210,35484,,,,,
UTAH,1999-00,8909,22,21832,35961,36990,36905,36594,,,,,
UTAH,1998-99,8782,22.4,21501,36598,37415,38138,35706,,,,,
UTAH,1997-98,8681,22.9,21115,37254,38787,37286,35900,,,,,
UTAH,1996-97,7958,,19734,38742,38071,37623,34795,,,,,
UTAH,1995-96,8390,,20039,37941,38485,36487,32006,,,,,
UTAH,1994-95,8056,,19524,38356,37318,32978,33337,,,,,
UTAH,1993-94,7780,,19053,37270,33749,34524,31692,,,,,
UTAH,1992-93,7133,,19191,33524,35107,32676,28775,,,,,
UTAH,1991-92,6564,,18305,34977,33174,29852,27575,,,,,
UTAH,1990-91,6446,,17884,32933,30365,28697,26263,,,,,
UTAH,1989-90,6258,,17611,30002,29213,27251,24971,,,,,
UTAH,1988-89,6350,,17602,28995,28023,25965,25911,,,,,
UTAH,1987-88,5916,,17124,28117,26792,26684,25076,,,,,
UTAH,1986-87,6410,,17752,26935,27698,26402,23782,,,,,
VERMONT,2013-14,3152.23,10.59,8375.35,7137,6828,6723,6545,76,180,215,250,721
VERMONT,2012-13,3185.62,10.67,8402.74,7004,6980,6817,6756,95,181,252,256,784
VERMONT,2011-12,3206.26,10.75,8363.69,7017,6869,6946,6930,–,–,–,–,–
VERMONT,2010-11,3305.88,11.56,8382.08,7139,7287,7329,7114,–,–,–,–,–
VERMONT,2009-10,3563.18,10.47,8733.88,7379,7419,7139,7328,–,37,24,28,–
VERMONT,2008-09,3551,10.7,8766,7754,7574,7783,7520,119,229,252,239,839
VERMONT,2007-08,3601,10.7,8749,7683,7887,7658,7714,128,236,274,263,901
VERMONT,2006-07,3614,10.8,8859,8168,7944,7948,7599,148,277,364,322,1111
VERMONT,2005-06,3542,10.9,8851,8327,8142,7888,7499,194,313,369,391,1267
VERMONT,2004-05,3580,11.3,8720,8533,8237,7873,7552,245,362,446,423,1476
VERMONT,2003-04,3554,11.3,8749,8422,8218,7837,7614,,,,,
VERMONT,2002-03,3115,11.7,8542,8486,8169,7754,7398,,,,,
VERMONT,2001-02,3053,11.8,8554,8595,8137,7633,7422,,,,,
VERMONT,2000-01,3086,12.1,8414,8595,7998,7799,7232,,,,,
VERMONT,1999-00,3280,12.3,8474,8748,8356,7795,7014,,,,,
VERMONT,1998-99,3160,12.8,8221,9016,8189,7494,6823,,,,,
VERMONT,1997-98,3066,13.4,7909,8827,7908,7270,6831,,,,,
VERMONT,1996-97,3024,,7751,8486,7697,7130,6622,,,,,
VERMONT,1995-96,2969,,7676,8125,7465,6909,6507,,,,,
VERMONT,1994-95,2952,,7566,7993,7311,6669,6458,,,,,
VERMONT,1993-94,2947,,7330,7515,6962,6673,6227,,,,,
VERMONT,1992-93,2820,,7521,6528,6217,5781,5573,,,,,
VERMONT,1991-92,2827,,7031,6568,6032,5715,5529,,,,,
VERMONT,1990-91,3119,,7257,6398,5968,5612,5424,,,,,
VERMONT,1989-90,3194,,6852,6357,5962,5618,5719,,,,,
VERMONT,1988-89,3194,,6852,6350,5970,5915,6199,,,,,
VERMONT,1987-88,2964,,6656,6439,6314,6473,6380,,,,,
VERMONT,1986-87,3488,,6397,6685,6818,6692,6158,,,,,
VIRGINIA,2013-14,48009.28,14.14,90097.56,102293,96496,89754,88709,1741,1857,1934,2467,7999
VIRGINIA,2012-13,47536.44,14.16,89388.63,101867,94931,90206,88971,2097,2173,2334,2848,9452
VIRGINIA,2011-12,48922.82,13.85,90831.79,100701,95596,91037,89324,2296,2256,2464,3119,10135
VIRGINIA,2010-11,36778.63,17.64,70947.13,102407,96918,91403,89266,2461,2206,2443,2873,9983
VIRGINIA,2009-10,35648.81,17.58,70827.39,104717,97969,90795,87839,2464,2315,2371,2848,9998
VIRGINIA,2008-09,36182,17.3,71415,106252,97466,89892,87177,2460,2124,1780,2625,8989
VIRGINIA,2007-08,36954,17.1,71861,108115,96869,90016,85413,2944,2486,2252,2351,10033
VIRGINIA,2006-07,40627,15.3,79688,108680,98259,88915,82901,2925,2762,2216,2473,10376
VIRGINIA,2005-06,64926,11.7,103944,110021,96546,86837,78913,2812,2304,2179,2540,9835
VIRGINIA,2004-05,53214,12.9,93732,109375,94410,83302,77965,3247,2888,2533,2747,11415
VIRGINIA,2003-04,50724,13.2,90573,107033,90009,81313,76477,,,,,
VIRGINIA,2002-03,67556,11.8,99919,101866,88872,79038,75944,,,,,
VIRGINIA,2001-02,37135,13,89314,100599,86814,78877,70607,,,,,
VIRGINIA,2000-01,36623,13.2,86977,98371,86395,74045,70337,,,,,
VIRGINIA,1999-00,36100,13.3,85037,95017,80490,71917,69333,,,,,
VIRGINIA,1998-99,31536,14.2,79323,90241,79387,71212,67787,,,,,
VIRGINIA,1997-98,30880,14.3,77575,88374,78960,69767,66430,,,,,
VIRGINIA,1996-97,28788,,74526,88721,77806,68649,64497,,,,,
VIRGINIA,1995-96,28506,,74731,86779,76045,66764,62204,,,,,
VIRGINIA,1994-95,28259,,72505,84447,73958,65077,62899,,,,,
VIRGINIA,1993-94,28015,,70859,80277,71469,65949,60314,,,,,
VIRGINIA,1992-93,26996,,68181,77033,72824,63260,60854,,,,,
VIRGINIA,1991-92,25852,,64537,80993,69298,63243,61566,,,,,
VIRGINIA,1990-91,25826,,63638,77527,68860,62503,61328,,,,,
VIRGINIA,1989-90,25191,,62138,76727,69479,63233,63501,,,,,
VIRGINIA,1988-89,25464,,60883,77510,71117,66522,68064,,,,,
VIRGINIA,1987-88,25525,,59928,79449,73855,71400,69422,,,,,
VIRGINIA,1986-87,25097,,58141,82294,78806,72570,68104,,,,,
WASHINGTON,2013-14,24060.46,19.3,54866.76,82991,81205,79162,84710,2881,2792,3472,4815,13960
WASHINGTON,2012-13,23574.79,19.59,53698.77,82972,80696,78485,84981,3075,3115,4046,5273,15509
WASHINGTON,2011-12,22933.94,19.68,53118.65,83237,80316,79627,84089,3423,3910,5206,6437,18976
WASHINGTON,2010-11,23489.84,19.35,53934.11,84449,81990,79465,83712,3303,3555,4586,5501,16945
WASHINGTON,2009-10,22851.53,19.37,53447.82,85551,81220,79585,83604,3870,3685,5356,5516,18427
WASHINGTON,2008-09,22372,19.1,54428,87546,83254,81508,79916,3437,3225,3822,4157,14641
WASHINGTON,2007-08,22264,19.1,53960,89008,84942,80461,78429,4444,4493,5168,6875,20980
WASHINGTON,2006-07,22181,19.1,53743,90280,84361,80115,77160,5096,4326,4653,5646,19721
WASHINGTON,2005-06,22224,19.3,53508,90091,84945,80962,76505,5355,4957,5146,6641,22099
WASHINGTON,2004-05,21964,19.2,53125,89802,83187,77490,74121,–,–,–,–,†
WASHINGTON,2003-04,21569,19.3,52824,88869,82120,76774,74338,,,,,
WASHINGTON,2002-03,21471,19.2,52953,87735,80815,76703,72354,,,,,
WASHINGTON,2001-02,21078,19.2,52534,86396,81650,75361,69536,,,,,
WASHINGTON,2000-01,20426,19.7,51098,87322,80453,74048,68580,,,,,
WASHINGTON,1999-00,20424,19.9,50368,86602,80493,73383,68486,,,,,
WASHINGTON,1998-99,20325,20.1,49671,85131,79208,71982,65782,,,,,
WASHINGTON,1997-98,19937,20.2,49074,83616,78155,70242,64731,,,,,
WASHINGTON,1996-97,19289,,48307,81336,75648,67840,62235,,,,,
WASHINGTON,1995-96,18501,,46907,78514,73402,65035,59612,,,,,
WASHINGTON,1994-95,18247,,46439,75684,69532,61841,58150,,,,,
WASHINGTON,1993-94,17533,,45524,72322,65967,61392,55847,,,,,
WASHINGTON,1992-93,16820,,44295,69018,64677,57051,53986,,,,,
WASHINGTON,1991-92,16357,,42931,67184,60170,56154,53038,,,,,
WASHINGTON,1990-91,16168,,41764,61562,58866,54828,51856,,,,,
WASHINGTON,1989-90,15391,,40279,59880,56922,53772,53840,,,,,
WASHINGTON,1988-89,15745,,38780,58313,56037,55547,57921,,,,,
WASHINGTON,1987-88,16005,,38344,58149,58120,60073,58477,,,,,
WASHINGTON,1986-87,15719,,37065,59514,63047,60844,56690,,,,,
WEST VIRGINIA,2013-14,10586.25,14.06,19978.02,22257,20688,18713,18299,809,848,839,798,3294
WEST VIRGINIA,2012-13,10668.35,14.08,20101.15,22741,20397,18832,18703,875,908,896,765,3444
WEST VIRGINIA,2011-12,10764.94,13.97,20247.47,22569,20479,19259,18498,930,927,959,864,3680
WEST VIRGINIA,2010-11,10829.93,13.91,20338.46,22785,21037,19155,18430,838,865,896,736,3335
WEST VIRGINIA,2009-10,10824.72,13.93,20298.84,23702,20696,19263,18688,789,837,873,749,3248
WEST VIRGINIA,2008-09,10757,14,20209,23730,20966,19642,18914,826,923,846,782,3377
WEST VIRGINIA,2007-08,10813,13.9,20306,23954,21170,20241,18625,868,926,967,809,3570
WEST VIRGINIA,2006-07,7788,14.4,19633,24331,21654,19873,18508,742,885,791,637,3055
WEST VIRGINIA,2005-06,6737,14.1,19940,24694,21400,19561,18022,760,814,821,697,3092
WEST VIRGINIA,2004-05,6702,14,19958,24199,21071,18985,18319,831,1044,903,792,3570
WEST VIRGINIA,2003-04,6729,14,20020,23723,20659,19439,18554,,,,,
WEST VIRGINIA,2002-03,6801,14,20119,23051,21181,19633,18416,,,,,
WEST VIRGINIA,2001-02,6759,14,20139,23328,21392,19801,18336,,,,,
WEST VIRGINIA,2000-01,6905,13.7,20930,23723,21849,19684,19716,,,,,
WEST VIRGINIA,1999-00,7016,13.8,21082,23876,22049,21142,20982,,,,,
WEST VIRGINIA,1998-99,7072,14.2,20989,24061,23446,22562,21344,,,,,
WEST VIRGINIA,1997-98,7065,14.4,20947,25119,24521,22607,21765,,,,,
WEST VIRGINIA,1996-97,7087,,20888,25994,24561,22787,21215,,,,,
WEST VIRGINIA,1995-96,6788,,21073,26261,24769,22052,21844,,,,,
WEST VIRGINIA,1994-95,7244,,21024,26766,24415,23031,22058,,,,,
WEST VIRGINIA,1993-94,7394,,21029,26196,25214,23347,21507,,,,,
WEST VIRGINIA,1992-93,7495,,20961,26714,25196,22487,21844,,,,,
WEST VIRGINIA,1991-92,7448,,20997,26694,24204,22948,21611,,,,,
WEST VIRGINIA,1990-91,7760,,21476,25500,24630,22914,22045,,,,,
WEST VIRGINIA,1989-90,7741,,21653,25953,24402,23212,22831,,,,,
WEST VIRGINIA,1988-89,8104,,22177,26038,25045,24015,23488,,,,,
WEST VIRGINIA,1987-88,7985,,22702,27171,26230,25193,23296,,,,,
WEST VIRGINIA,1986-87,8460,,22931,28278,27311,24499,22845,,,,,
WISCONSIN,2013-14,28496.2,15.08,57980.2,67985,64958,65450,66346,971,611,1222,3260,6064
WISCONSIN,2012-13,28543.23,15.16,57550.78,67699,64507,66346,67130,944,610,1414,3444,6412
WISCONSIN,2011-12,28208.83,15.49,56244.93,67542,65510,66851,68392,997,678,1444,3540,6659
WISCONSIN,2010-11,28949,15.14,57625.42,68383,66490,69076,69858,1004,802,1311,3323,6440
WISCONSIN,2009-10,29961.74,14.93,58425.7,69323,68291,70144,71242,1061,912,1156,3142,6271
WISCONSIN,2008-09,30660,14.7,59401,71676,69408,71339,71799,1168,768,1150,3761,6847
WISCONSIN,2007-08,30763,14.8,58914,73746,70788,72507,72380,†,†,†,†,†
WISCONSIN,2006-07,31003,14.8,59089,75282,72425,73694,70699,1379,922,1121,2264,5686
WISCONSIN,2005-06,19391,14.6,60127,76674,73409,71428,69665,1218,970,1085,2260,5533
WISCONSIN,2004-05,19424,14.3,60521,76173,71196,69928,69510,1280,1058,1182,2482,6002
WISCONSIN,2003-04,18770,15.1,58216,77798,72043,70989,69389,,,,,
WISCONSIN,2002-03,18602,14.6,60385,77508,73022,70284,68714,,,,,
WISCONSIN,2001-02,18420,13.9,63310,77802,73512,70297,65946,,,,,
WISCONSIN,2000-01,18207,14.6,60165,78140,73796,67605,65195,,,,,
WISCONSIN,1999-00,18079,14.4,60778,78961,70934,67343,64076,,,,,
WISCONSIN,1998-99,17971,14.4,61176,76660,71273,67146,63760,,,,,
WISCONSIN,1997-98,17731,15.8,55732,75862,71522,67500,63188,,,,,
WISCONSIN,1996-97,17257,,54769,75097,71308,66990,60542,,,,,
WISCONSIN,1995-96,17015,,55033,74700,70262,64458,57791,,,,,
WISCONSIN,1994-95,16819,,54054,73063,67229,61667,57407,,,,,
WISCONSIN,1993-94,17237,,52822,69407,64586,60603,53688,,,,,
WISCONSIN,1992-93,18801,,53387,65491,63079,55839,55543,,,,,
WISCONSIN,1991-92,18550,,52028,63354,57870,56774,53734,,,,,
WISCONSIN,1990-91,17890,,49302,59058,59394,55963,54562,,,,,
WISCONSIN,1989-90,17870,,49329,59880,57923,56569,56022,,,,,
WISCONSIN,1988-89,17638,,48541,59077,58555,57850,60725,,,,,
WISCONSIN,1987-88,16854,,47721,59832,60960,63059,63351,,,,,
WISCONSIN,1986-87,17277,,47039,61791,65680,65524,61122,,,,,
WYOMING,2013-14,3476.92,12.27,7555.19,7093,6877,6303,6176,215,516,389,460,1580
WYOMING,2012-13,3397.25,12.45,7349.54,7122,6738,6337,6046,44,105,61,77,287
WYOMING,2011-12,3385.49,11.48,7846.91,6955,6661,6248,6178,126,434,384,422,1366
WYOMING,2010-11,3360.49,12.49,7127.45,6842,6724,6424,6233,126,421,393,438,1378
WYOMING,2009-10,3431.29,12.3,7165.53,6792,7031,6347,6160,238,424,458,427,1546
WYOMING,2008-09,3354,12.5,7000,7027,7029,6359,6111,196,320,369,419,1304
WYOMING,2007-08,3364,12.5,6915,7174,7274,6485,6246,170,269,386,437,1262
WYOMING,2006-07,3437,12.6,6737,7184,7427,6420,6167,132,274,429,439,1274
WYOMING,2005-06,3393,12.6,6706,7509,7150,6476,6079,185,459,538,500,1682
WYOMING,2004-05,3402,12.7,6657,7355,7202,6568,6323,234,498,592,576,1900
WYOMING,2003-04,3401,13.3,6567,7346,7170,6687,6500,,,,,
WYOMING,2002-03,3463,13,6799,7411,7226,6922,6631,,,,,
WYOMING,2001-02,3434,13.2,6663,7443,7540,7197,6855,,,,,
WYOMING,2000-01,3490,13.3,6783,7762,7724,7416,6881,,,,,
WYOMING,1999-00,3532,13.3,6940,8059,7958,7370,7049,,,,,
WYOMING,1998-99,3474,14.2,6713,8401,8170,7664,7057,,,,,
WYOMING,1997-98,3427,14.5,6677,8332,8466,7513,7077,,,,,
WYOMING,1996-97,3416,,6729,8612,8366,7615,7129,,,,,
WYOMING,1995-96,3391,,6734,8293,8430,7526,6679,,,,,
WYOMING,1994-95,3423,,6754,8304,8110,7128,6642,,,,,
WYOMING,1993-94,3322,,6537,8215,7659,7075,6548,,,,,
WYOMING,1992-93,2937,,5821,7569,7487,6846,6613,,,,,
WYOMING,1991-92,3134,,6564,7531,7307,6833,6425,,,,,
WYOMING,1990-91,3460,,6784,7118,7123,6689,6245,,,,,
WYOMING,1989-90,3421,,6697,7106,6976,6564,6281,,,,,
WYOMING,1988-89,3437,,6693,6941,6900,6691,6753,,,,,
WYOMING,1987-88,3491,,6798,7009,7057,7162,6741,,,,,
WYOMING,1986-87,2124,,7201,7411,7602,7155,6429,,,,,
