State,year,population_state_total,population_ages_5,number_of_operating_public_schools_district,public_school_enrollment,average_daily_attendance_in_public,number_of_public_high_school_graduates,total_instructional_staff_in_public_schools,number_of_teachers_in_public_schools,percentage_of_public_school_teachers_who_are_men,average_salaries_of_public_school_teachers,average_salaries_of_instructional_staff_in_public_schools,percentage_change_in_average_instructional_staff_salaries,per_capita_personal_income,percentage_change_in_per_capita_personal_income,personal_income_per_student_in_fall_enrollment,personal_income_per_student_in_average_daily_attendance,public_school_revenue_per_student_in_fall_enrollment,public_school_revenue_per_student_in_average_daily_attendance,per_capita_general_expenditures_of_state_governments_for_all_functions,per_capita_expenditures_of_state_local_governments_for_public_welfare,per_capita_expenditures_of_state_local_governments_for_health_hospitals,per_capita_expenditures_of_state_local_governments_for_police_fire_protection,per_capita_expenditures_of_state_local_governments_for_all_education,current_expenditures_for_public_schools_per_student_in_fall_enrollment
ALABAMA,2001,NA,NA,NA,NA,NA,NA,NA,NA,NA,NA,NA,42384,NA,26307,NA,NA,NA,NA,8276,NA,NA,NA,NA,6701
ALABAMA,2002,4479,808,NA,731085,703819,36767,53352,46514,20.3,38186,39939,0.1,25595,27630,NA,163364,NA,8276,8929,3894,1022,1008,236,7028
ALABAMA,2003,1,811,132,738450,711030,37996,57471,49692,20.6,40347,42384,-0.3,26307,3.6,162771,168734,8598,8929,3608,929,911,221,1858,7706
ALABAMA,2004,4525,798,729339,702915,36627,55142,45920,21.3,38325,38291,0.1,NA,27630,NA,171617,178068,7580,3608,NA,1013,963,231,1930,NA
ALABAMA,2005,NA,NA,731085,NA,NA,NA,NA,NA,NA,NA,NA,NA,NA,NA,163364,NA,8276,NA,NA,NA,NA,NA,NA,NA
ALABAMA,2008,4677,NA,NA,NA,NA,NA,NA,NA,NA,NA,NA,NA,NA,-3.7,NA,NA,NA,NA,4955,1154,1041,247,2243,NA
ALABAMA,2009,4709,814,NA,NA,NA,NA,NA,NA,NA,NA,NA,0.6,32661,4,210227,218326,NA,NA,5024,1261,1123,356,2208,NA
ALABAMA,2010,4780,628,132,741043,709225,45220,54001,46798,21.5,47803,49710,0.7,33710,3,217664,229749,9817,9817,5058,1237,1129,340,4672,8820
ALABAMA,2011,4803,808,132,736339,704681,45850,52573,45519,21.8,48003,50039,-0.3,34929,2.7,226420,236577,9557,9986,4983,1304,1136,329,2150,8597
ALABAMA,2012,4818,819,134,735605,676450,47133,53310,46300,22,47949,49875,1.7,35942,NA,235149,245714,9715,10565,NA,NA,NA,NA,NA,8811
ALABAMA,2013,NA,NA,135,736789,702571,44226,53560,46433,22.1,48720,50709,NA,NA,NA,NA,NA,9593,10060,NA,NA,NA,NA,NA,8821
ALASKA,2001,NA,NA,NA,NA,NA,NA,NA,NA,NA,NA,NA,60376,NA,33015,NA,NA,NA,NA,11327,NA,NA,NA,NA,9808
ALASKA,2002,641,143,NA,132970,115225,7540,8944,7917,31.5,52424,57673,4.6,32582,34085,NA,182638,NA,11327,11449,10387,2089,368,422,10042
ALASKA,2003,648,141,53,133437,115739,7721,8995,8004,30.9,53553,60376,7.8,33015,2.8,159291,186994,9930,11449,10456,1615,410,546,3287,10171
ALASKA,2004,658,138,133933,114917,7270,8761,7801,31.2,51736,53513,4.6,NA,34085,NA,166800,194401,11186,10456,NA,1751,427,567,3397,NA
ALASKA,2005,NA,NA,132970,NA,NA,NA,NA,NA,NA,NA,NA,NA,NA,NA,182638,NA,11327,NA,NA,NA,NA,NA,NA,NA
ALASKA,2008,688,NA,NA,NA,NA,NA,NA,NA,NA,NA,NA,NA,NA,-2.6,NA,NA,NA,NA,14178,2178,655,249,3152,NA
ALASKA,2009,698,129,NA,NA,NA,NA,NA,NA,NA,NA,NA,3.3,43233,2.4,234661,258639,NA,NA,13708,2493,845,623,3245,NA
ALASKA,2010,710,102,54,129114,117585,8060,9316,8196,30,62918,62429,-0.7,43749,5.2,241846,266527,18478,18478,13776,2570,899,687,4393,16744
ALASKA,2011,723,143,54,127699,117995,8347,9345,8220,30,62425,62500,7.1,48114,3.6,269742,296190,18215,19713,14053,2669,864,670,3548,17032
ALASKA,2012,730,132,54,127937,118370,8414,10544,9618,26.4,65468,66919,1.7,49906,NA,285412,308886,19627,21213,NA,NA,NA,NA,NA,18192
ALASKA,2013,NA,NA,54,127599,118758,8489,8820,7898,26.4,65891,68063,NA,NA,NA,NA,NA,20801,22350,NA,NA,NA,NA,NA,19244
ARIZONA,2001,NA,NA,NA,NA,NA,NA,NA,NA,NA,NA,NA,56559,NA,27193,NA,NA,NA,NA,7941,NA,NA,NA,NA,5347
ARIZONA,2002,5441,1057,NA,986221,947262,60138,53618,45894,26.7,42905,54836,2.3,26680,28609,NA,166358,NA,7941,8192,3404,866,350,343,5474
ARIZONA,2003,5579,1083,628,1010094,974052,64029,54537,46358,27.3,44672,56559,2.5,27193,1.8,161325,169460,7900,8192,3076,604,222,321,1617,5585
ARIZONA,2004,5740,1097,964003,921126,54567,52817,45532,25.9,41843,53479,2.3,NA,28609,NA,170460,178395,7653,3076,NA,646,228,329,1648,NA
ARIZONA,2005,NA,NA,986221,NA,NA,NA,NA,NA,NA,NA,NA,NA,NA,NA,166358,NA,7941,NA,NA,NA,NA,NA,NA,NA
ARIZONA,2008,6499,NA,NA,NA,NA,NA,NA,NA,NA,NA,NA,NA,NA,-1.6,NA,NA,NA,NA,4218,1219,456,250,1343,NA
ARIZONA,2009,6594,1214,NA,NA,NA,NA,NA,NA,NA,NA,NA,1.5,33957,0.6,199836,215111,NA,NA,4378,1330,491,541,1378,NA
ARIZONA,2010,6392,902,627,1071484,1029915,86966,63745,58305,23.6,47553,46752,2.4,33773,4.4,200955,210435,9597,9597,4338,1420,453,487,3796,6448
ARIZONA,2011,6483,1057,627,1072826,1047574,91637,65014,59715,23.6,48691,48691,2.5,35446,3.1,213944,222580,10034,10276,4094,1241,554,472,1391,6683
ARIZONA,2012,6538,1181,627,1069802,1058736,96043,66273,60986,23.6,49885,49885,0.2,36624,NA,223642,229033,10515,10625,NA,NA,NA,NA,NA,6949
ARIZONA,2013,NA,NA,627,1078033,1073302,100686,64512,59308,23.6,45335,45335,NA,NA,NA,NA,NA,10889,10937,NA,NA,NA,NA,NA,7143
ARKANSAS,2001,NA,NA,NA,NA,NA,NA,NA,NA,NA,NA,NA,43950,NA,24226,NA,NA,NA,NA,9261,NA,NA,NA,NA,6005
ARKANSAS,2002,2706,494,NA,452057,399913,28144,36964,32732,19,40495,42412,3.1,23470,25724,NA,151160,NA,9261,10456,4248,1095,390,218,6202
ARKANSAS,2003,2728,496,252,453209,397264,28493,37678,33477,17.5,42768,43950,3,24226,2,147120,158823,9166,10456,3930,958,338,204,1768,8402
ARKANSAS,2004,2750,491,452036,407438,28238,36240,31976,19,39314,41186,3.1,NA,25724,NA,156647,173793,8677,3930,NA,1042,356,212,1832,NA
ARKANSAS,2005,NA,NA,452057,NA,NA,NA,NA,NA,NA,NA,NA,NA,NA,NA,151160,NA,9261,NA,NA,NA,NA,NA,NA,NA
ARKANSAS,2008,2868,NA,NA,NA,NA,NA,NA,NA,NA,NA,NA,NA,NA,-2.2,NA,NA,NA,NA,5037,1331,441,255,2258,NA
ARKANSAS,2009,2889,505,NA,NA,NA,NA,NA,NA,NA,NA,NA,2.3,31969,2.2,202739,245216,NA,NA,5419,1473,434,258,2396,NA
ARKANSAS,2010,2916,394,245,459419,365075,30130,34795,30700,19,46500,49500,0.8,32373,6.2,202710,216113,11849,11849,5739,1532,459,266,3790,11999
ARKANSAS,2011,2938,494,256,468190,464712,28792,35727,31083,20.9,46314,49927,0.7,34032,6.8,213897,227312,10879,10960,6013,1758,484,283,2578,9440
ARKANSAS,2012,2950,517,255,471532,456350,29714,36099,31333,21.1,46631,49680,1,36423,NA,229486,243926,10583,10935,NA,NA,NA,NA,NA,9384
ARKANSAS,2013,NA,NA,255,474706,447148,30800,36345,31301,21.3,47319,50856,NA,NA,NA,NA,NA,10683,11341,NA,NA,NA,NA,NA,9523
CALIFORNIA,2001,NA,NA,NA,NA,NA,NA,NA,NA,NA,NA,NA,59825,NA,33389,NA,NA,NA,NA,10069,NA,NA,NA,NA,7584
CALIFORNIA,2002,35002,6907,NA,6322190,6095488,355314,338444,298106,28.5,57876,57876,1.3,32845,35172,NA,193859,NA,10069,10612,4773,1122,676,429,7942
CALIFORNIA,2003,35463,6876,1054,6309689,6068819,349191,342629,300223,28.4,59825,59825,2.5,33389,-0.1,189619,196603,10207,10612,4521,1016,599,409,2195,8486
CALIFORNIA,2004,35842,6962,6298769,6077861,348609,345450,305855,29.3,56444,56444,1.3,NA,35172,NA,200429,207557,9970,4521,NA,1099,624,425,2264,NA
CALIFORNIA,2005,NA,NA,6322190,NA,NA,NA,NA,NA,NA,NA,NA,NA,NA,NA,193859,NA,10069,NA,NA,NA,NA,NA,NA,NA
CALIFORNIA,2008,36580,NA,NA,NA,NA,NA,NA,NA,NA,NA,NA,NA,NA,-6.1,NA,NA,NA,NA,5711,1424,863,261,1982,NA
CALIFORNIA,2009,36962,6682,NA,NA,NA,NA,NA,NA,NA,NA,NA,1.5,41353,2.1,244474,251239,NA,NA,5647,1402,855,666,1887,NA
CALIFORNIA,2010,37254,5097,1042,6219649,6081640,394959,315366,263630,28,67871,68948,-0.6,41893,5.6,250745,257047,11285,11285,6031,1795,880,577,3676,9313
CALIFORNIA,2011,37692,6907,1042,6204065,6131479,402722,269998,242308,28,68531,68531,2.3,44666,6.2,270627,272301,10536,10660,5661,1590,949,569,1911,9053
CALIFORNIA,2012,38000,6699,1042,6184927,6217322,408180,289327,248699,28,69324,70087,1.9,47505,NA,290178,290445,11662,11601,NA,NA,NA,NA,NA,9060
CALIFORNIA,2013,NA,NA,1028,6236672,6212410,440245,333766,292505,27.3,71396,71396,NA,NA,NA,NA,NA,10636,10677,NA,NA,NA,NA,NA,10329
COLORADO,2001,NA,NA,NA,NA,NA,NA,NA,NA,NA,NA,NA,46544,NA,34542,NA,NA,NA,NA,9407,NA,NA,NA,NA,8023
COLORADO,2002,4501,830,NA,766707,711044,44617,51800,45174,25.8,43949,46052,1.6,34228,36109,NA,223694,NA,9407,10048,3267,692,527,348,8337
COLORADO,2003,4548,825,178,780708,724029,46128,52667,45841,26.6,44439,46544,1.6,34542,-0.8,208925,225281,9318,10048,3287,627,453,332,2002,8861
COLORADO,2004,4602,840,757668,702661,43461,51047,44926,26.1,43319,45305,1.6,NA,36109,NA,219295,236463,9235,3287,NA,680,474,346,2070,NA
COLORADO,2005,NA,NA,766707,NA,NA,NA,NA,NA,NA,NA,NA,NA,NA,NA,223694,NA,9407,NA,NA,NA,NA,NA,NA,NA
COLORADO,2008,4935,NA,NA,NA,NA,NA,NA,NA,NA,NA,NA,NA,NA,-5,NA,NA,NA,NA,4143,830,573,276,1718,NA
COLORADO,2009,5025,863,NA,NA,NA,NA,NA,NA,NA,NA,NA,0,41317,2.3,251010,270660,NA,NA,4338,845,725,473,1808,NA
COLORADO,2010,5029,681,178,843315,782090,47314,56184,48478,24.8,49228,51546,-0.6,42107,5.9,255350,275340,10495,10495,4353,966,741,743,3463,9596
COLORADO,2011,5117,830,178,854234,792217,47459,55715,47927,24.8,49049,51258,1.7,44179,4.8,268028,289010,10217,11017,4322,1070,698,470,1805,10001
COLORADO,2012,5189,894,178,868619,805557,48109,57387,49240,24.8,49844,52147,-0.5,46315,NA,281353,303389,10393,11206,NA,NA,NA,NA,NA,10884
COLORADO,2013,NA,NA,178,876999,820462,48687,67383,56916,24.8,49615,51888,NA,NA,NA,NA,NA,10354,11068,NA,NA,NA,NA,NA,10723
CONNECTICUT,2001,NA,NA,NA,NA,NA,NA,NA,NA,NA,NA,NA,62395,NA,42810,NA,NA,NA,NA,13995,NA,NA,NA,NA,11774
CONNECTICUT,2002,3459,649,NA,577398,547650,35430,51039,42547,26.3,57737,59431,3.6,42521,45506,NA,274120,NA,13995,14455,4764,1193,500,349,11874
CONNECTICUT,2003,3487,624,190,576772,554472,36530,51839,42837,26.1,59304,62395,-0.7,42810,-0.9,261120,275620,13896,14455,5070,1004,550,339,2270,12436
CONNECTICUT,2004,3499,626,576205,547400,34440,50152,43032,25.9,57337,59846,3.6,NA,45506,NA,276698,291259,13623,5070,NA,1091,579,354,2353,NA
CONNECTICUT,2005,NA,NA,577398,NA,NA,NA,NA,NA,NA,NA,NA,NA,NA,NA,274120,NA,13995,NA,NA,NA,NA,NA,NA,NA
CONNECTICUT,2008,3503,NA,NA,NA,NA,NA,NA,NA,NA,NA,NA,NA,NA,-6.4,NA,NA,NA,NA,6076,1610,611,279,1739,NA
CONNECTICUT,2009,3518,598,NA,NA,NA,NA,NA,NA,NA,NA,NA,1.6,53573,4.8,334252,337306,NA,NA,6044,1568,605,444,1845,NA
CONNECTICUT,2010,3574,463,195,566030,574120,41291,52563,41464,25.8,69165,69165,0.4,55427,4.4,348733,347307,16871,16871,6214,1720,632,457,3455,14989
CONNECTICUT,2011,3581,649,199,554398,578319,38970,50873,41528,24.7,69465,69465,-0.1,57758,4.7,365991,360833,17800,17064,6341,1801,579,470,1872,15790
CONNECTICUT,2012,3592,600,196,550429,503553,43883,52381,41739,24.7,69397,69397,1.7,60223,NA,390168,374030,18512,20236,NA,NA,NA,NA,NA,16403
CONNECTICUT,2013,NA,NA,196,545569,523480,43104,52772,42013,24.7,70583,70583,NA,NA,NA,NA,NA,19262,20075,NA,NA,NA,NA,NA,17039
DELAWARE,2001,NA,NA,NA,NA,NA,NA,NA,NA,NA,NA,NA,56865,NA,33822,NA,NA,NA,NA,12931,NA,NA,NA,NA,9860
DELAWARE,2002,806,138,NA,119109,109752,6934,8966,7974,23.7,50595,52480,0.1,33085,35559,NA,249502,NA,12931,13963,5921,1229,420,269,11016
DELAWARE,2003,818,145,32,120938,113986,7275,8647,7731,24.5,54264,56865,1,33822,3.1,237642,251219,13160,13963,5249,818,405,266,2403,12036
DELAWARE,2004,830,140,117777,112233,6951,8730,7757,24.6,49366,51678,0.1,NA,35559,NA,250703,274032,11175,5249,NA,884,419,275,2474,NA
DELAWARE,2005,NA,NA,119109,NA,NA,NA,NA,NA,NA,NA,NA,NA,NA,NA,249502,NA,12931,NA,NA,NA,NA,NA,NA,NA
DELAWARE,2008,876,NA,NA,NA,NA,NA,NA,NA,NA,NA,NA,NA,NA,-5.3,NA,NA,NA,NA,7496,1703,544,280,2601,NA
DELAWARE,2009,885,147,NA,NA,NA,NA,NA,NA,NA,NA,NA,1.5,38626,1.9,274610,307736,NA,NA,7703,1836,522,394,2709,NA
DELAWARE,2010,898,113,37,128530,114683,7567,9780,8740,23.8,57934,60746,2,39425,4.2,279766,306635,16024,16024,7780,1935,501,354,3292,13960
DELAWARE,2011,907,138,37,129917,114051,7677,10006,8936,23.8,58800,61988,2,42805,3.1,302440,338958,16656,18973,7970,2064,540,366,2740,14396
DELAWARE,2012,917,149,37,131065,113875,7745,10311,9197,23.8,59679,63256,1.7,44031,NA,310804,354041,17348,19966,NA,NA,NA,NA,NA,14890
DELAWARE,2013,NA,NA,37,132664,114722,7839,10161,9022,24,59305,64338,NA,NA,NA,NA,NA,17991,20805,NA,NA,NA,NA,NA,15362
DISTRICT OF COLUMBIA,2001,NA,NA,NA,NA,NA,NA,NA,NA,NA,NA,NA,59000,NA,48280,NA,NA,NA,NA,15435,NA,NA,NA,NA,13317
DISTRICT OF COLUMBIA,2002,569,78,NA,62306,56747,2449,6266,5011,22.2,58456,60310,12.2,46407,52101,NA,418037,NA,15435,15620,n.a.,3043,1534,1034,15073
DISTRICT OF COLUMBIA,2003,558,75,41,61484,55593,2240,6115,4955,22.2,59000,59000,2.5,48280,3.5,398700,449822,14123,15620,n.a.,2570,975,916,2065,15508
DISTRICT OF COLUMBIA,2004,554,75,65099,59292,2236,6973,5676,22.1,57009,58817,12.2,NA,52101,NA,443002,486389,13947,n.a.,NA,2873,1045,982,2200,NA
DISTRICT OF COLUMBIA,2005,NA,NA,62306,NA,NA,NA,NA,NA,NA,NA,NA,NA,NA,NA,418037,NA,15435,NA,NA,NA,NA,NA,NA,NA
DISTRICT OF COLUMBIA,2008,590,NA,NA,NA,NA,NA,NA,NA,NA,NA,NA,NA,NA,-0.9,NA,NA,NA,NA,n.a.,4416,1326,285,n.a.,NA
DISTRICT OF COLUMBIA,2009,600,77,NA,NA,NA,NA,NA,NA,NA,NA,NA,1.6,67775,4.6,530625,530625,NA,NA,n.a.,4451,1029,1418,n.a.,NA
DISTRICT OF COLUMBIA,2010,602,51,41,76210,76210,1693,6710,5835,23,66601,66691,3,71220,6.8,567445,567445,12278,12278,n.a.,4585,1006,1304,3263,13803
DISTRICT OF COLUMBIA,2011,618,78,41,77076,77076,1641,6935,6080,23.2,68720,68720,3.2,74480,2.5,604966,604966,12348,12348,n.a.,4521,1065,1226,n.a.,13952
DISTRICT OF COLUMBIA,2012,626,71,41,76017,76017,1589,6958,6156,23.2,70906,70906,3.2,75950,NA,624173,624173,12708,12708,NA,NA,NA,NA,NA,14406
DISTRICT OF COLUMBIA,2013,NA,NA,41,76744,76744,1537,7035,6233,23.2,73162,73162,NA,NA,NA,NA,NA,12768,12768,NA,NA,NA,NA,NA,14527
FLORIDA,2001,NA,NA,NA,NA,NA,NA,NA,NA,NA,NA,NA,44560,NA,30116,NA,NA,NA,NA,9264,NA,NA,NA,NA,6708
FLORIDA,2002,16692,2847,NA,2630229,2463323,126362,174794,158047,22.1,41590,42842,0.7,29549,31460,NA,211901,NA,9264,10056,3110,927,505,413,7181
FLORIDA,2003,16999,2869,67,2669565,2494778,129943,179287,162849,21.8,43302,44560,2.4,30116,1,202062,217430,9398,10056,2833,749,449,374,1545,7762
FLORIDA,2004,17385,2912,2591033,2420406,124716,164443,148191,22.3,40604,41865,0.7,NA,31460,NA,210648,226318,8743,2833,NA,806,466,387,1586,NA
FLORIDA,2005,NA,NA,2630229,NA,NA,NA,NA,NA,NA,NA,NA,NA,NA,NA,211901,NA,9264,NA,NA,NA,NA,NA,NA,NA
FLORIDA,2008,18424,NA,NA,NA,NA,NA,NA,NA,NA,NA,NA,NA,NA,-6.7,NA,NA,NA,NA,3563,1072,662,289,1194,NA
FLORIDA,2009,18538,2892,NA,NA,NA,NA,NA,NA,NA,NA,NA,-2.1,37387,4.1,264992,282555,NA,NA,3653,1180,707,607,1226,NA
FLORIDA,2010,18801,2211,67,2637224,2520054,152519,186691,169719,20.9,45732,47075,1.5,38345,3.6,274132,290367,10053,10053,3777,1235,697,559,3255,8983
FLORIDA,2011,19058,2847,67,2661945,2575917,145587,185106,168502,20.7,46479,47785,0.2,39896,2.1,288676,299605,9053,9355,3598,1186,692,562,1189,8436
FLORIDA,2012,19321,2931,67,2680778,2597649,152108,186003,169376,20.7,46598,47935,2.6,41041,NA,297884,307833,9210,9505,NA,NA,NA,NA,NA,8539
FLORIDA,2013,NA,NA,67,2708062,2649812,152892,185329,169674,20.6,47780,49189,NA,NA,NA,NA,NA,9620,9832,NA,NA,NA,NA,NA,8982
GEORGIA,2001,NA,NA,NA,NA,NA,NA,NA,NA,NA,NA,NA,50705,NA,28890,NA,NA,NA,NA,10088,NA,NA,NA,NA,8109
GEORGIA,2002,8544,1620,NA,1553437,1446964,74257,120962,104847,18.9,46526,48889,0.6,28689,30074,NA,178749,NA,10088,10797,3461,975,577,269,8882
GEORGIA,2003,8676,1638,184,1598461,1486568,78300,124769,107807,19.3,48300,50705,1.4,28890,0,167553,180165,10041,10797,3332,721,566,256,2032,8534
GEORGIA,2004,8918,1654,1522611,1424004,71811,119159,103621,18.7,45988,48203,0.6,NA,30074,NA,174396,186473,9749,3332,NA,778,591,266,2092,NA
GEORGIA,2005,NA,NA,1553437,NA,NA,NA,NA,NA,NA,NA,NA,NA,NA,NA,178749,NA,10088,NA,NA,NA,NA,NA,NA,NA
GEORGIA,2008,9698,NA,NA,NA,NA,NA,NA,NA,NA,NA,NA,NA,NA,-3.2,NA,NA,NA,NA,3658,985,754,296,1686,NA
GEORGIA,2009,9829,1833,NA,NA,NA,NA,NA,NA,NA,NA,NA,-0.7,34081,1.9,198031,206279,NA,NA,3789,1002,733,379,1753,NA
GEORGIA,2010,9688,1385,192,1676412,1638203,95136,129792,112094,19.8,52815,55333,0.1,34531,5.9,201100,209479,11234,11234,3811,1031,740,337,3147,9847
GEORGIA,2011,9815,1620,196,1684430,1617053,96666,128378,110788,19.9,52938,55409,0,36366,2.2,212857,221726,10748,11196,3800,1051,703,348,1737,9586
GEORGIA,2012,9883,1815,198,1702758,1617620,98342,126298,108778,20,52880,55383,0.1,37229,NA,219154,228285,10603,11161,NA,NA,NA,NA,NA,9426
GEORGIA,2013,NA,NA,198,1723439,1628572,95022,126132,108842,20,52924,55420,NA,NA,NA,NA,NA,10212,10807,NA,NA,NA,NA,NA,9392
HAWAII,2001,NA,NA,NA,NA,NA,NA,NA,NA,NA,NA,NA,51248,NA,30531,NA,NA,NA,NA,12768,NA,NA,NA,NA,8221
HAWAII,2002,1241,212,NA,183185,169431,10698,13921,11365,25.7,46149,47575,2,29552,32606,NA,214262,NA,12768,16016,5611,1083,533,297,8639
HAWAII,2003,1249,212,1,182767,168809,10654,13963,11409,25.5,49292,51248,1.5,30531,2.8,207394,224533,14793,16016,5386,920,525,289,1819,9879
HAWAII,2004,1262,210,183609,167376,10501,13767,11262,25.6,45479,46867,2,NA,32606,NA,224259,246009,12582,5386,NA,1002,548,302,1889,NA
HAWAII,2005,NA,NA,183185,NA,NA,NA,NA,NA,NA,NA,NA,NA,NA,NA,214262,NA,12768,NA,NA,NA,NA,NA,NA,NA
HAWAII,2008,1287,NA,NA,NA,NA,NA,NA,NA,NA,NA,NA,NA,NA,-4.1,NA,NA,NA,NA,7762,1362,963,298,2747,NA
HAWAII,2009,1295,201,NA,NA,NA,NA,NA,NA,NA,NA,NA,0,40681,1.8,305944,330289,NA,NA,7164,1495,910,419,2393,NA
HAWAII,2010,1360,165,1,179122,163105,11909,12522,10851,25.5,55063,56241,-0.7,40952,4.7,314016,341074,14806,14806,7247,1562,951,413,3133,11659
HAWAII,2011,1375,212,1,177734,162612,11832,13408,11292,25.5,54070,55849,-0.2,43606,3.7,335498,368444,15057,16457,7264,1454,907,419,2516,11906
HAWAII,2012,1390,214,1,177441,161378,11927,13156,11198,25.5,54300,55757,5,44578,NA,341960,381077,15042,16539,NA,NA,NA,NA,NA,11799
HAWAII,2013,NA,NA,1,185273,160533,12051,12852,11081,25.5,56291,58524,NA,NA,NA,NA,NA,14585,16833,NA,NA,NA,NA,NA,11537
IDAHO,2001,NA,NA,NA,NA,NA,NA,NA,NA,NA,NA,NA,41150,NA,25354,NA,NA,NA,NA,7113,NA,NA,NA,NA,6372
IDAHO,2002,1343,270,NA,249984,234996,15937,16017,14190,27.7,42122,42168,3.4,25597,26839,NA,148481,NA,7113,7677,3651,883,500,251,6743
IDAHO,2003,1367,270,114,261907,246717,16055,16355,14521,27.2,41150,41150,2.6,25354,2.3,139464,148224,7232,7677,3444,771,451,240,1804,7042
IDAHO,2004,1395,269,248743,233823,16027,15882,14071,28,41080,41080,3.4,NA,26839,NA,148367,157769,7057,3444,NA,830,470,248,1852,NA
IDAHO,2005,NA,NA,249984,NA,NA,NA,NA,NA,NA,NA,NA,NA,NA,NA,148481,NA,7113,NA,NA,NA,NA,NA,NA,NA
IDAHO,2008,1528,NA,NA,NA,NA,NA,NA,NA,NA,NA,NA,NA,NA,-5.9,NA,NA,NA,NA,4605,1158,652,299,1853,NA
IDAHO,2009,1546,294,NA,NA,NA,NA,NA,NA,NA,NA,NA,2.4,31031,2.4,175357,186686,NA,NA,4540,1158,648,343,1761,NA
IDAHO,2010,1568,238,137,285236,267099,17501,17434,15669,27.1,47416,49419,2.4,31556,4.2,176430,188281,8755,8755,4672,1394,656,343,3094,8101
IDAHO,2011,1585,270,137,289486,271101,17790,17684,15897,27.1,48551,50611,2.4,33436,4.4,185649,198255,9055,9669,4437,1289,477,357,1655,8323
IDAHO,2012,1596,311,137,294077,275174,18070,17907,16111,27.1,49734,51837,2.4,35142,NA,193695,206830,9349,9991,NA,NA,NA,NA,NA,8528
IDAHO,2013,NA,NA,137,298921,279425,18366,16930,15132,27.1,44465,53088,NA,NA,NA,NA,NA,9622,10293,NA,NA,NA,NA,NA,8722
ILLINOIS,2001,NA,NA,NA,NA,NA,NA,NA,NA,NA,NA,NA,58012,NA,33774,NA,NA,NA,NA,10512,NA,NA,NA,NA,9854
ILLINOIS,2002,12586,2365,NA,2097518,1890644,123615,145458,131779,23.1,55421,57989,5.5,32510,34725,NA,222589,NA,10512,11134,3604,907,425,390,9327
ILLINOIS,2003,12649,2344,872,2111312,1905638,127349,146208,132142,23.1,58686,58012,2.3,33774,-0.1,205276,224849,10050,11134,3391,783,413,364,2062,9456
ILLINOIS,2004,12712,2348,2060048,1868084,121598,143549,129965,23.1,54230,56707,5.5,NA,34725,NA,214308,236330,9764,3391,NA,854,433,382,2144,NA
ILLINOIS,2005,NA,NA,2097518,NA,NA,NA,NA,NA,NA,NA,NA,NA,NA,NA,222589,NA,10512,NA,NA,NA,NA,NA,NA,NA
ILLINOIS,2008,12843,NA,NA,NA,NA,NA,NA,NA,NA,NA,NA,NA,NA,-4.9,NA,NA,NA,NA,4428,1357,413,316,1296,NA
ILLINOIS,2009,12910,2283,NA,NA,NA,NA,NA,NA,NA,NA,NA,2.8,41058,2.8,248759,268955,NA,NA,4618,1384,443,540,1347,NA
ILLINOIS,2010,12831,1739,869,2098145,1984594,132104,143313,129289,23.1,64509,64509,-10.7,42025,4.8,256285,274209,12070,12070,4624,1437,434,534,3038,11946
ILLINOIS,2011,12869,2365,865,2087628,2001465,133559,141963,128166,23.1,57636,57636,2.6,44106,4.2,270332,285800,12612,13155,4513,1255,468,533,1339,12455
ILLINOIS,2012,12868,2248,865,2083995,2016948,134752,145156,130733,23.1,59113,59113,1.7,46009,NA,283603,295812,13064,13498,NA,NA,NA,NA,NA,12927
ILLINOIS,2013,NA,NA,865,2075209,2032986,135941,143733,129150,23.1,60124,60124,NA,NA,NA,NA,NA,13529,13810,NA,NA,NA,NA,NA,13372
INDIANA,2001,NA,NA,NA,NA,NA,NA,NA,NA,NA,NA,NA,49780,NA,28843,NA,NA,NA,NA,12091,NA,NA,NA,NA,8414
INDIANA,2002,6157,1166,NA,1020707,932803,54277,68111,60468,30.5,46583,48026,1.9,27960,30070,NA,187359,NA,12091,11762,3781,922,533,231,8723
INDIANA,2003,6200,1174,331,1034399,953192,58646,68053,60486,30.5,47255,49780,1.8,28843,2.1,178517,192531,10838,11762,3343,863,467,227,1980,8935
INDIANA,2004,6227,1170,1010492,930435,55894,67397,59830,30.5,45791,47186,1.9,NA,30070,NA,185623,201570,10492,3343,NA,939,493,238,2055,NA
INDIANA,2005,NA,NA,1020707,NA,NA,NA,NA,NA,NA,NA,NA,NA,NA,NA,187359,NA,12091,NA,NA,NA,NA,NA,NA,NA
INDIANA,2008,6388,NA,NA,NA,NA,NA,NA,NA,NA,NA,NA,NA,NA,-4.5,NA,NA,NA,NA,4493,1230,603,319,1969,NA
INDIANA,2009,6423,1144,NA,NA,NA,NA,NA,NA,NA,NA,NA,2,33363,2.6,206114,221591,NA,NA,4704,1262,595,310,2192,NA
INDIANA,2010,6484,897,354,1047084,992304,64532,71769,63266,30.5,50801,54491,-7.8,34028,5.7,211108,223801,10755,10755,4742,1304,637,306,3016,10436
INDIANA,2011,6517,1166,355,1040313,1000106,66119,71691,62463,27.5,50516,50225,-0.9,36342,4.9,226166,238652,11291,11745,4885,1315,671,279,2260,10820
INDIANA,2012,6551,1166,369,1031103,1021648,67657,64542,55381,24.9,50065,50086,0.4,38136,NA,239665,255369,11531,11638,NA,NA,NA,NA,NA,8064
INDIANA,2013,NA,NA,369,1034285,976476,66655,69545,60425,27,50289,50289,NA,NA,NA,NA,NA,11717,12410,NA,NA,NA,NA,NA,8135
IOWA,2001,NA,NA,NA,NA,NA,NA,NA,NA,NA,NA,NA,42486,NA,28562,NA,NA,NA,NA,9873,NA,NA,NA,NA,7279
IOWA,2002,2936,517,NA,478319,453603,33547,38561,34693,27,39284,41945,1.1,27854,30970,NA,177934,NA,9873,10217,4074,1043,721,219,7610
IOWA,2003,2942,512,365,483482,453387,33693,38955,35175,26.5,41083,42486,2.6,28562,2.8,174258,183846,9581,10217,3895,914,642,211,2203,7807
IOWA,2004,2953,500,481226,455176,34339,38533,34784,27.5,39432,40866,1.1,NA,30970,NA,190139,201021,9338,3895,NA,999,681,221,2297,NA
IOWA,2005,NA,NA,478319,NA,NA,NA,NA,NA,NA,NA,NA,NA,NA,NA,177934,NA,9873,NA,NA,NA,NA,NA,NA,NA
IOWA,2008,2994,NA,NA,NA,NA,NA,NA,NA,NA,NA,NA,NA,NA,-3,NA,NA,NA,NA,5376,1406,962,326,2044,NA
IOWA,2009,3008,509,NA,NA,NA,NA,NA,NA,NA,NA,NA,1.3,37074,2.4,230623,253505,NA,NA,5353,1511,1030,285,1952,NA
IOWA,2010,3046,402,359,495897,438715,33853,40287,34614,24.8,49844,52048,0.9,37882,8.8,235612,261960,10926,10926,5623,1577,1040,281,2914,9484
IOWA,2011,3062,517,351,496009,451015,33231,39891,34200,24.8,50240,52539,1.5,42470,3.2,262415,296618,11484,12630,5778,1642,1205,301,2041,9435
IOWA,2012,3075,527,348,500601,441929,32547,40363,34916,24.7,50946,53308,-0.4,44014,NA,272869,306094,11679,13229,NA,NA,NA,NA,NA,9609
IOWA,2013,NA,NA,346,503805,440066,32407,40680,35175,24.7,52032,53083,NA,NA,NA,NA,NA,11887,13609,NA,NA,NA,NA,NA,10240
KANSAS,2001,NA,NA,NA,NA,NA,NA,NA,NA,NA,NA,NA,42468,NA,29651,NA,NA,NA,NA,10080,NA,NA,NA,NA,7311
KANSAS,2002,2712,509,NA,468512,419318,30155,37667,32831,33.4,39345,40489,2.2,28850,31003,NA,187026,NA,10080,11411,3695,914,405,278,7693
KANSAS,2003,2725,506,300,467201,406957,29805,37099,32363,33.3,41467,42468,1.9,29651,0.5,172030,192688,9940,11411,3546,739,454,246,2028,8373
KANSAS,2004,2734,495,469825,419413,30123,37343,32588,33.4,38623,39736,2.2,NA,31003,NA,180514,205948,10190,3546,NA,806,477,257,2110,NA
KANSAS,2005,NA,NA,468512,NA,NA,NA,NA,NA,NA,NA,NA,NA,NA,NA,187026,NA,10080,NA,NA,NA,NA,NA,NA,NA
KANSAS,2008,2797,NA,NA,NA,NA,NA,NA,NA,NA,NA,NA,NA,NA,-4.7,NA,NA,NA,NA,5022,1178,784,327,2133,NA
KANSAS,2009,2819,500,NA,NA,NA,NA,NA,NA,NA,NA,NA,-0.1,38246,1.5,228091,261831,NA,NA,4969,1184,858,356,2074,NA
KANSAS,2010,2853,401,289,481467,420360,31971,39193,34331,33.1,46598,47625,0.3,38545,8.5,229356,259676,11625,11625,5059,1242,931,361,2906,9505
KANSAS,2011,2871,509,286,482796,421520,31292,38223,34074,33.1,46718,47782,2,42079,3,250864,287332,11748,13456,5077,1208,1002,358,2089,9518
KANSAS,2012,2885,521,286,486281,426301,32091,39489,35088,33.1,47464,48759,1.7,43380,NA,259256,296944,11958,13641,NA,NA,NA,NA,NA,9689
KANSAS,2013,NA,NA,286,488671,427921,32356,38686,34744,33.1,48221,49592,NA,NA,NA,NA,NA,12143,13867,NA,NA,NA,NA,NA,9783
KENTUCKY,2001,NA,NA,NA,NA,NA,NA,NA,NA,NA,NA,NA,46032,NA,25907,NA,NA,NA,NA,9514,NA,NA,NA,NA,7496
KENTUCKY,2002,4090,678,NA,636880,573785,38112,46947,40116,21.1,40522,41076,3.1,25777,27151,NA,186120,NA,9514,9999,4284,1272,373,216,7906
KENTUCKY,2003,4118,723,175,641913,589967,38769,46278,40470,21.3,42592,46032,-1.3,25907,3.5,169601,187370,9190,9999,4008,1178,353,198,1682,8300
KENTUCKY,2004,4142,714,631852,570738,37654,45829,39286,21.2,40240,41619,3.1,NA,27151,NA,178242,194123,9104,4008,NA,1282,371,207,1745,NA
KENTUCKY,2005,NA,NA,636880,NA,NA,NA,NA,NA,NA,NA,NA,NA,NA,NA,186120,NA,9514,NA,NA,NA,NA,NA,NA,NA
KENTUCKY,2008,4288,NA,NA,NA,NA,NA,NA,NA,NA,NA,NA,NA,NA,-1.3,NA,NA,NA,NA,5336,1572,564,327,2055,NA
KENTUCKY,2009,4314,726,NA,NA,NA,NA,NA,NA,NA,NA,NA,1.4,31957,2.4,212242,231791,NA,NA,5576,1635,622,266,2149,NA
KENTUCKY,2010,4339,567,174,658328,622041,42235,47392,41331,21.7,48908,50971,1.9,32504,4.9,216784,229430,8944,8944,5648,1656,617,248,2900,9563
KENTUCKY,2011,4369,678,174,659089,627653,43874,47296,41183,21.9,49730,51959,1,34545,3.7,230571,250908,9101,9557,5627,1641,604,250,2178,9847
KENTUCKY,2012,4380,739,174,658708,604870,44470,47928,41738,21.8,50203,52498,0.8,35857,NA,239591,261007,10805,11767,NA,NA,NA,NA,NA,10033
KENTUCKY,2013,NA,NA,173,678392,607677,44470,47216,41090,22,50560,52930,NA,NA,NA,NA,NA,10490,11711,NA,NA,NA,NA,NA,9553
LOUISIANA,2001,NA,NA,NA,NA,NA,NA,NA,NA,NA,NA,NA,41856,NA,25853,NA,NA,NA,NA,9030,NA,NA,NA,NA,7263
LOUISIANA,2002,4476,863,NA,724002,669959,36007,57559,48820,18.1,39022,40838,2.1,25565,27219,NA,168562,NA,9030,10460,3996,905,812,310,7656
LOUISIANA,2003,4494,853,89,654146,647836,33189,52732,44153,17.8,40029,41856,2.8,25853,3.6,159251,172368,10359,10460,3538,751,809,279,1786,8519
LOUISIANA,2004,4507,841,727316,673742,37385,59051,50440,18.3,37918,39723,2.1,NA,27219,NA,168995,182380,8577,3538,NA,820,858,292,1859,NA
LOUISIANA,2005,NA,NA,724002,NA,NA,NA,NA,NA,NA,NA,NA,NA,NA,NA,168562,NA,9030,NA,NA,NA,NA,NA,NA,NA
LOUISIANA,2008,4452,NA,NA,NA,NA,NA,NA,NA,NA,NA,NA,NA,NA,-5.1,NA,NA,NA,NA,6155,1352,883,334,2057,NA
LOUISIANA,2009,4492,804,NA,NA,NA,NA,NA,NA,NA,NA,NA,0.5,36157,2.9,237128,254690,NA,NA,6521,1410,1199,448,1999,NA
LOUISIANA,2010,4533,613,122,696558,653861,35660,59233,48894,18.4,49006,51381,2.4,37116,3.8,244175,262237,11510,11510,6369,1403,1174,470,2885,10327
LOUISIANA,2011,4575,863,126,703390,658985,37209,59797,49712,18.4,50179,52611,2.6,38623,5.5,253661,270225,11169,11922,6032,1364,1142,479,1955,9998
LOUISIANA,2012,4602,803,126,708272,666563,37759,61685,51209,18.4,51381,53960,2.6,40617,NA,265746,283653,11419,12133,NA,NA,NA,NA,NA,10310
LOUISIANA,2013,NA,NA,126,714583,674123,38070,55383,44553,18.4,49067,55342,NA,NA,NA,NA,NA,11481,12170,NA,NA,NA,NA,NA,10472
MAINE,2001,NA,NA,NA,NA,NA,NA,NA,NA,NA,NA,NA,45066,NA,28453,NA,NA,NA,NA,11983,NA,NA,NA,NA,10145
MAINE,2002,1295,214,NA,199253,184727,13657,19396,16718,27,39610,43386,3.7,28177,29973,NA,191914,NA,11983,12566,5073,1755,439,234,10723
MAINE,2003,1309,220,229,199118,183827,13900,18461,15962,26.8,40737,45066,-1.5,28453,3.3,182297,197324,11601,12566,4378,1384,386,205,1924,11285
MAINE,2004,1315,215,202210,187157,13443,18100,15710,27,39864,44053,3.7,NA,29973,NA,195252,210957,11391,4378,NA,1500,401,213,1989,NA
MAINE,2005,NA,NA,199253,NA,NA,NA,NA,NA,NA,NA,NA,NA,NA,NA,191914,NA,11983,NA,NA,NA,NA,NA,NA,NA
MAINE,2008,1320,NA,NA,NA,NA,NA,NA,NA,NA,NA,NA,NA,NA,-1.3,NA,NA,NA,NA,5987,2166,482,336,1569,NA
MAINE,2009,1318,200,NA,NA,NA,NA,NA,NA,NA,NA,NA,2.3,36058,1.8,250323,270011,NA,NA,5971,2205,484,289,1579,NA
MAINE,2010,1328,153,229,187401,173864,15324,20167,17248,27,47182,47182,0.3,36629,4.6,258435,276540,15291,15291,6027,2203,464,302,2884,15032
MAINE,2011,1328,214,229,185033,172027,15591,18059,15507,27,47338,49148,1.7,38880,2.7,274557,296498,16105,17323,5995,2211,567,288,1565,10396
MAINE,2012,1329,199,195,185033,171341,12793,17388,14898,24.5,48430,49971,1.6,39863,NA,282874,305480,15000,16199,NA,NA,NA,NA,NA,10476
MAINE,2013,NA,NA,198,183545,169963,12108,17750,15179,24.2,49232,50762,NA,NA,NA,NA,NA,15454,16689,NA,NA,NA,NA,NA,8829
MARYLAND,2001,NA,NA,NA,NA,NA,NA,NA,NA,NA,NA,NA,55201,NA,37464,NA,NA,NA,NA,11402,NA,NA,NA,NA,9186
MARYLAND,2002,5451,1014,NA,865836,821616,53956,65080,56150,22.9,52331,53133,0.9,36557,39629,NA,246398,NA,11402,12549,4010,1009,312,363,9281
MARYLAND,2003,5512,1014,24,860021,800553,56125,67034,57683,22.9,54333,55201,0.8,37464,2.6,238266,254830,11681,12549,3798,869,273,341,2227,9771
MARYLAND,2004,5561,1020,869113,812621,52491,64261,55182,23.2,50261,52708,0.9,NA,39629,NA,253432,271050,11166,3798,NA,942,284,355,2302,NA
MARYLAND,2005,NA,NA,865836,NA,NA,NA,NA,NA,NA,NA,NA,NA,NA,NA,246398,NA,11402,NA,NA,NA,NA,NA,NA,NA
MARYLAND,2008,5659,NA,NA,NA,NA,NA,NA,NA,NA,NA,NA,NA,NA,-1.5,NA,NA,NA,NA,5556,1475,390,341,1964,NA
MARYLAND,2009,5699,971,NA,NA,NA,NA,NA,NA,NA,NA,NA,-0.3,47674,2.5,323742,344362,NA,NA,5561,1562,373,537,2024,NA
MARYLAND,2010,5774,746,24,852211,799355,59458,69103,59330,22.3,63960,64838,-0.4,48621,4.7,331566,353586,17706,17706,5543,1630,362,524,2879,15060
MARYLAND,2011,5828,1014,24,854086,803946,58621,71311,58351,22.1,63634,67444,1,52401,2.8,359068,382810,15959,16955,6041,1712,380,517,1962,14616
MARYLAND,2012,5885,979,24,859638,807058,58587,71605,58544,22.1,64248,68114,0.3,53659,NA,369723,392782,16441,17512,NA,NA,NA,NA,NA,15229
MARYLAND,2013,NA,NA,24,866169,810600,59894,72607,59315,22,64546,68339,NA,NA,NA,NA,NA,16752,17900,NA,NA,NA,NA,NA,14080
MASSACHUSETTS,2001,NA,NA,NA,NA,NA,NA,NA,NA,NA,NA,NA,58353,NA,39776,NA,NA,NA,NA,14189,NA,NA,NA,NA,10772
MASSACHUSETTS,2002,6422,1076,NA,975574,914838,59694,80464,66779,26,54679,56006,2.5,38973,42102,NA,272260,NA,14189,15194,5252,1608,300,365,11681
MASSACHUSETTS,2003,6420,1089,390,971909,913111,61994,84444,73593,26,56369,58353,1.8,39776,0.1,259794,277137,14274,15194,4433,892,494,357,2093,12596
MASSACHUSETTS,2004,6407,1069,980459,922793,57050,78565,65196,37.9,53181,54687,2.5,NA,42102,NA,275529,294575,13250,4433,NA,978,520,376,2188,NA
MASSACHUSETTS,2005,NA,NA,975574,NA,NA,NA,NA,NA,NA,NA,NA,NA,NA,NA,272260,NA,14189,NA,NA,NA,NA,NA,NA,NA
MASSACHUSETTS,2008,6544,NA,NA,NA,NA,NA,NA,NA,NA,NA,NA,NA,NA,-2.4,NA,NA,NA,NA,6204,1964,445,342,1710,NA
MASSACHUSETTS,2009,6596,1047,NA,NA,NA,NA,NA,NA,NA,NA,NA,2.9,49816,3.2,338848,360015,NA,NA,6382,2070,459,472,1814,NA
MASSACHUSETTS,2010,6548,791,392,954687,901347,64586,79148,70217,24.1,70752,70752,2,51143,5.3,350610,371971,16533,16533,6555,2202,497,482,2875,14902
MASSACHUSETTS,2011,6588,1076,400,952370,898226,64355,78157,69242,24.1,71721,71721,1.9,54218,4.6,375220,398139,17096,18126,6856,2255,416,483,1948,14938
MASSACHUSETTS,2012,6645,1036,403,953787,904731,64773,77367,68425,24.1,72334,72334,2.2,56713,NA,395722,417973,16775,17685,NA,NA,NA,NA,NA,15881
MASSACHUSETTS,2013,NA,NA,408,954609,903496,64898,79546,70581,23.8,73195,73195,NA,NA,NA,NA,NA,17466,18454,NA,NA,NA,NA,NA,15990
MICHIGAN,2001,NA,NA,NA,NA,NA,NA,NA,NA,NA,NA,NA,58592,NA,31589,NA,NA,NA,NA,12360,NA,NA,NA,NA,8671
MICHIGAN,2002,10043,1907,NA,1723087,1636595,102087,111984,96750,26,56973,56973,2.3,30048,32052,NA,195062,NA,12360,12098,4603,1014,674,304,9784
MICHIGAN,2003,10082,1891,752,1741737,1590720,103788,122263,103368,24.9,54739,58592,2.6,31589,0.4,181929,197573,11049,12098,4364,980,532,265,2364,9880
MICHIGAN,2004,10104,1884,1713497,1577917,100750,110085,95175,26,54412,54412,2.3,NA,32052,NA,186926,203787,10592,4364,NA,1069,558,277,2461,NA
MICHIGAN,2005,NA,NA,1723087,NA,NA,NA,NA,NA,NA,NA,NA,NA,NA,NA,195062,NA,12360,NA,NA,NA,NA,NA,NA,NA
MICHIGAN,2008,10002,NA,NA,NA,NA,NA,NA,NA,NA,NA,NA,NA,NA,-5.1,NA,NA,NA,NA,5074,1252,693,343,2199,NA
MICHIGAN,2009,9970,1734,NA,NA,NA,NA,NA,NA,NA,NA,NA,2.6,33514,3.3,197138,209129,NA,NA,5211,1309,743,355,2306,NA
MICHIGAN,2010,9884,1313,773,1662067,1527733,116158,119915,96663,24.3,63940,66952,0,34326,5.5,210930,220155,12029,12029,5286,1346,751,331,2862,12015
MICHIGAN,2011,9876,1907,855,1543573,1523702,100096,97963,84092,24.3,61560,61560,0,37032,3.8,234432,239409,9733,9860,5254,1330,810,334,2318,13313
MICHIGAN,2012,9916,1691,855,1543573,1511246,100096,97963,84092,24.3,61560,61560,1,38585,NA,247034,250255,9733,9942,NA,NA,NA,NA,NA,13686
MICHIGAN,2013,NA,NA,773,1484612,1502093,94173,79648,65777,24.3,62166,62166,NA,NA,NA,NA,NA,9992,9876,NA,NA,NA,NA,NA,14621
MINNESOTA,2001,NA,NA,NA,NA,NA,NA,NA,NA,NA,NA,NA,50579,NA,34221,NA,NA,NA,NA,11133,NA,NA,NA,NA,8821
MINNESOTA,2002,5025,933,NA,837760,783668,60886,56907,52218,29.3,46906,48518,0.6,33180,36173,NA,210626,NA,11133,11644,4980,1747,409,279,9249
MINNESOTA,2003,5064,923,471,835588,780233,62323,56008,51372,28.5,48489,50579,4.2,34221,1.8,204663,219768,10872,11644,4672,1487,391,256,2242,9675
MINNESOTA,2004,5097,908,846662,785135,59942,57035,52239,29.5,45375,46541,0.6,NA,36173,NA,219028,235011,10968,4672,NA,1618,411,266,2325,NA
MINNESOTA,2005,NA,NA,837760,NA,NA,NA,NA,NA,NA,NA,NA,NA,NA,NA,210626,NA,11133,NA,NA,NA,NA,NA,NA,NA
MINNESOTA,2008,5231,NA,NA,NA,NA,NA,NA,NA,NA,NA,NA,NA,NA,-4.7,NA,NA,NA,NA,5991,2083,559,344,2448,NA
MINNESOTA,2009,5266,897,NA,NA,NA,NA,NA,NA,NA,NA,NA,2.9,41223,3.9,265750,281866,NA,NA,5966,2218,559,409,2214,NA
MINNESOTA,2010,5304,708,471,810123,766845,67106,57204,52524,29.5,53680,58091,2.8,42528,5.9,269819,292837,13333,13333,6113,2225,572,384,2848,11905
MINNESOTA,2011,5345,933,519,839738,764129,68118,57581,52899,29.5,54959,59733,2.6,45135,4.8,287997,312004,12836,14107,6210,2442,579,381,2353,11398
MINNESOTA,2012,5380,928,519,843318,765133,64704,57604,52889,29.5,56268,61307,2.6,47377,NA,303512,333543,13085,14422,NA,NA,NA,NA,NA,11632
MINNESOTA,2013,NA,NA,519,844006,769921,50140,58998,54253,29.5,54752,62891,NA,NA,NA,NA,NA,13486,14784,NA,NA,NA,NA,NA,11929
MISSISSIPPI,2001,NA,NA,NA,NA,NA,NA,NA,NA,NA,NA,NA,42084,NA,23126,NA,NA,NA,NA,7937,NA,NA,NA,NA,6137
MISSISSIPPI,2002,2867,1030,NA,485094,453542,24986,34786,30707,17.4,36590,38005,3.3,22511,24379,NA,139738,NA,7937,8612,4424,1332,807,239,6452
MISSISSIPPI,2003,2883,551,152,494038,475056,23683,36156,32129,17.7,40576,42084,2.5,23126,2.6,135598,145005,8281,8612,3998,1129,747,221,1779,7215
MISSISSIPPI,2004,2901,541,487812,456678,24759,34723,30692,17.4,35684,37064,3.3,NA,24379,NA,143679,150195,7524,3998,NA,1230,790,231,1849,NA
MISSISSIPPI,2005,NA,NA,485094,NA,NA,NA,NA,NA,NA,NA,NA,NA,NA,NA,139738,NA,7937,NA,NA,NA,NA,NA,NA,NA
MISSISSIPPI,2008,2940,NA,NA,NA,NA,NA,NA,NA,NA,NA,NA,NA,NA,-2.4,NA,NA,NA,NA,5814,1647,1114,356,1844,NA
MISSISSIPPI,2009,2952,545,NA,NA,NA,NA,NA,NA,NA,NA,NA,-0.9,30006,2.8,180742,192665,NA,NA,5898,1661,1226,295,1881,NA
MISSISSIPPI,2010,2967,414,152,490526,453695,26273,36276,32041,17.9,41975,43800,1.9,30841,4.4,186139,199012,9289,9289,5891,1739,1250,307,2784,8713
MISSISSIPPI,2011,2979,1030,152,490037,450339,26933,37966,33479,17.9,41646,44651,-0.3,32193,4.2,195412,211275,8813,9590,5817,1702,1294,309,1863,9060
MISSISSIPPI,2012,2986,542,151,492847,469883,29000,36231,32354,18.3,41814,43779,0.3,33446,NA,203591,213386,8971,9410,NA,NA,NA,NA,NA,8466
MISSISSIPPI,2013,NA,NA,151,492082,470349,30307,36252,32389,18.3,42187,43918,NA,NA,NA,NA,NA,9114,9535,NA,NA,NA,NA,NA,8649
MISSOURI,2001,NA,NA,NA,NA,NA,NA,NA,NA,NA,NA,NA,42335,NA,29199,NA,NA,NA,NA,10139,NA,NA,NA,NA,6947
MISSOURI,2002,5670,551,NA,892821,822084,57412,72976,64778,21.4,39067,40911,0.8,28719,30516,NA,198723,NA,10139,10707,3383,992,525,278,7398
MISSOURI,2003,5719,1035,524,899997,828385,58432,74324,66123,21.3,40462,42335,2,29199,3.3,186887,203285,9855,10707,3299,973,429,264,1862,7840
MISSOURI,2004,5760,1013,892872,821829,57421,73615,65041,21.5,38006,40036,0.8,NA,30516,NA,195954,213292,9701,3299,NA,1058,451,275,1929,NA
MISSOURI,2005,NA,NA,892821,NA,NA,NA,NA,NA,NA,NA,NA,NA,NA,NA,198723,NA,10139,NA,NA,NA,NA,NA,NA,NA
MISSOURI,2008,5956,NA,NA,NA,NA,NA,NA,NA,NA,NA,NA,NA,NA,-1.4,NA,NA,NA,NA,4145,1190,698,369,1460,NA
MISSOURI,2009,5988,1028,NA,NA,NA,NA,NA,NA,NA,NA,NA,2.6,36243,1.6,239596,254606,NA,NA,4309,1236,13888,397,1494,NA
MISSOURI,2010,5989,787,524,903887,837024,63189,75646,67385,21.5,45321,48674,2.6,36406,3.8,241613,261167,12036,12036,4288,1288,769,404,2778,9422
MISSOURI,2011,6011,551,524,905755,839565,63784,76920,68652,21.4,46406,49934,2.6,37988,5,252542,272716,12491,13476,4454,1384,857,408,1547,9760
MISSOURI,2012,6025,1024,524,906811,841766,64771,76961,68722,21.4,47517,51228,-4.5,39933,NA,265611,286551,12949,13949,NA,NA,NA,NA,NA,10093
MISSOURI,2013,NA,NA,524,908072,843825,65611,75537,67333,21.4,46750,48908,NA,NA,NA,NA,NA,13405,14426,NA,NA,NA,NA,NA,10419
MONTANA,2001,NA,NA,NA,NA,NA,NA,NA,NA,NA,NA,NA,39832,NA,26244,NA,NA,NA,NA,9993,NA,NA,NA,NA,7688
MONTANA,2002,910,164,NA,146705,129207,10500,11693,10226,28.5,38485,38485,4,24557,27666,NA,163081,NA,9993,10535,4444,837,383,244,8025
MONTANA,2003,918,162,432,145416,126380,10335,11780,10329,28.1,39832,39832,3.5,26244,-0.5,160645,180090,9156,10535,4159,737,415,233,1969,8361
MONTANA,2004,927,156,148356,132150,10554,11751,10300,29.1,37184,37184,4,NA,27666,NA,172848,194045,9467,4159,NA,801,432,243,2040,NA
MONTANA,2005,NA,NA,146705,NA,NA,NA,NA,NA,NA,NA,NA,NA,NA,NA,163081,NA,9993,NA,NA,NA,NA,NA,NA,NA
MONTANA,2008,968,NA,NA,NA,NA,NA,NA,NA,NA,NA,NA,NA,NA,-4.3,NA,NA,NA,NA,5558,1287,528,370,1833,NA
MONTANA,2009,975,157,NA,NA,NA,NA,NA,NA,NA,NA,NA,3,33708,3.1,233449,279691,NA,NA,6072,1334,1252,364,1844,NA
MONTANA,2010,989,122,417,140533,113470,10063,12056,10570,26.9,47132,47132,3,34405,6.1,240422,293800,10905,10905,6093,1414,408,344,2764,9973
MONTANA,2011,998,164,417,139650,110810,10011,12132,10645,26.9,48546,48546,3,36716,6.1,260654,322819,11268,14201,6033,1371,430,368,1809,10309
MONTANA,2012,1005,161,410,142908,108164,9962,12183,10692,26.9,48855,50003,3,39142,NA,276606,355177,11301,14931,NA,NA,NA,NA,NA,10341
MONTANA,2013,NA,NA,410,142564,105590,9842,12238,10750,26.9,49893,51494,NA,NA,NA,NA,NA,11620,15688,NA,NA,NA,NA,NA,10635
NEBRASKA,2001,NA,NA,NA,NA,NA,NA,NA,NA,NA,NA,NA,43800,NA,30750,NA,NA,NA,NA,9063,NA,NA,NA,NA,7352
NEBRASKA,2002,1728,322,NA,284559,259182,19042,23707,20685,25.9,39456,42575,1.2,28672,32276,NA,187865,NA,9063,9561,3802,1112,417,232,7586
NEBRASKA,2003,1737,320,449,285549,264323,18918,24067,20929,25.5,40382,43800,2.9,30750,0,188170,202914,8850,9561,3599,985,351,228,2197,7900
NEBRASKA,2004,1748,313,284169,262911,19460,23687,20673,26.2,38352,41384,1.2,NA,32276,NA,198449,214495,8401,3599,NA,1075,371,239,2284,NA
NEBRASKA,2005,NA,NA,284559,NA,NA,NA,NA,NA,NA,NA,NA,NA,NA,NA,187865,NA,9063,NA,NA,NA,NA,NA,NA,NA
NEBRASKA,2008,1782,NA,NA,NA,NA,NA,NA,NA,NA,NA,NA,NA,NA,-3.6,NA,NA,NA,NA,4757,1231,720,374,1742,NA
NEBRASKA,2009,1797,317,NA,NA,NA,NA,NA,NA,NA,NA,NA,2.5,38657,2.6,239938,263812,NA,NA,4828,1268,391,364,1790,NA
NEBRASKA,2010,1826,252,251,298083,280469,20220,30660,26470,25.2,47368,47368,1.7,39445,9.3,244770,270194,11374,11374,4676,1182,734,312,2759,10433
NEBRASKA,2011,1843,322,249,300996,270522,19330,31019,28137,27,48154,48154,1.8,43654,5,269791,286734,10217,11368,4736,1253,749,320,1779,9402
NEBRASKA,2012,1855,331,249,303242,277994,19496,33827,30929,21.8,48997,48997,1.4,45914,NA,283018,314900,10545,11503,NA,NA,NA,NA,NA,9621
NEBRASKA,2013,NA,NA,249,307398,288367,20008,26688,23706,25.7,49539,49686,NA,NA,NA,NA,NA,10733,11441,NA,NA,NA,NA,NA,9891
NEVADA,2001,NA,NA,NA,NA,NA,NA,NA,NA,NA,NA,NA,46657,NA,31947,NA,NA,NA,NA,9061,NA,NA,NA,NA,6622
NEVADA,2002,2167,412,NA,400671,374189,17932,24196,20609,24.5,43394,45797,0.8,30855,33783,NA,209908,NA,9061,7556,3239,623,420,443,6709
NEVADA,2003,2242,418,17,413252,387739,19033,25569,21714,25,44426,46657,3.2,31947,0.4,193860,212469,7089,7556,2909,517,426,432,1698,6755
NEVADA,2004,2333,435,385414,413179,17522,23296,20045,24.7,42254,44397,0.8,NA,33783,NA,204653,190900,7321,2909,NA,548,437,439,1715,NA
NEVADA,2005,NA,NA,400671,NA,NA,NA,NA,NA,NA,NA,NA,NA,NA,NA,209908,NA,9061,NA,NA,NA,NA,NA,NA,NA
NEVADA,2008,2616,NA,NA,NA,NA,NA,NA,NA,NA,NA,NA,NA,NA,-8.9,NA,NA,NA,NA,3734,806,509,386,1552,NA
NEVADA,2009,2643,477,NA,NA,NA,NA,NA,NA,NA,NA,NA,2.3,36519,-0.4,224128,228881,NA,NA,3509,812,907,685,1493,NA
NEVADA,2010,2701,366,17,456844,465098,24704,29679,25049,24.7,53023,53736,2.4,35777,1.9,215191,213652,7582,7582,3669,861,490,606,2751,8089
NEVADA,2011,2723,412,17,470068,473038,25777,30529,25762,24.7,54559,55022,2.6,37396,4.8,222651,218700,7473,7426,3833,893,502,584,1546,8247
NEVADA,2012,2754,480,17,477881,487113,26829,31338,26408,24.7,55957,56433,2.6,39229,NA,229860,228416,7507,7364,NA,NA,NA,NA,NA,8501
NEVADA,2013,NA,NA,17,489448,502605,27950,32483,27351,24.7,55813,57879,NA,NA,NA,NA,NA,7520,7323,NA,NA,NA,NA,NA,8693
NEW HAMPSHIRE,2001,NA,NA,NA,NA,NA,NA,NA,NA,NA,NA,NA,47338,NA,34547,NA,NA,NA,NA,11617,NA,NA,NA,NA,9053
NEW HAMPSHIRE,2002,1274,235,NA,206852,188711,13847,18783,15297,24.3,43941,45990,1.9,34543,36676,NA,228810,NA,11617,12056,3805,1167,137,295,9555
NEW HAMPSHIRE,2003,1289,233,165,205567,188836,14271,18974,15489,23.8,45263,47338,2.9,34547,2,214427,230723,11075,12056,3278,808,144,260,1915,10206
NEW HAMPSHIRE,2004,1299,232,207417,189633,13428,18379,15111,24,42689,44680,1.9,NA,36676,NA,229783,251333,10942,3278,NA,876,149,271,1977,NA
NEW HAMPSHIRE,2005,NA,NA,206852,NA,NA,NA,NA,NA,NA,NA,NA,NA,NA,NA,228810,NA,11617,NA,NA,NA,NA,NA,NA,NA
NEW HAMPSHIRE,2008,1322,NA,NA,NA,NA,NA,NA,NA,NA,NA,NA,NA,NA,-2.6,NA,NA,NA,NA,4413,1449,160,399,1509,NA
NEW HAMPSHIRE,2009,1325,214,NA,NA,NA,NA,NA,NA,NA,NA,NA,2.1,42443,3.7,283015,301838,NA,NA,4826,1557,318,400,1522,NA
NEW HAMPSHIRE,2010,1316,162,161,193264,182544,15817,19430,15622,22.7,52792,52516,2.6,43968,5.8,294878,314825,15005,15005,4837,1588,130,414,2750,13797
NEW HAMPSHIRE,2011,1318,235,161,190931,181626,16110,19444,15619,22.7,54177,54177,2.6,47542,5,324174,343211,15826,16637,4693,1449,126,419,1598,14587
NEW HAMPSHIRE,2012,1322,209,161,188799,180594,16453,19490,15620,22.7,55599,55599,2.6,50056,NA,346489,364240,16657,17414,NA,NA,NA,NA,NA,15394
NEW HAMPSHIRE,2013,NA,NA,161,186574,179382,16786,19550,15659,22.7,57057,57057,NA,NA,NA,NA,NA,17519,18221,NA,NA,NA,NA,NA,16225
NEW JERSEY,2001,NA,NA,NA,NA,NA,NA,NA,NA,NA,NA,NA,61541,NA,39737,NA,NA,NA,NA,14311,NA,NA,NA,NA,11390
NEW JERSEY,2002,8575,1560,NA,1392204,1354758,86445,133869,109577,24.3,56682,58612,2.7,38979,41636,NA,257729,NA,14311,14739,4153,938,323,393,13370
NEW JERSEY,2003,8642,1564,592,1394779,1358562,89415,135414,110905,24.1,58156,61541,2.7,39737,-0.4,251177,261632,14356,14739,3841,771,319,364,2396,13781
NEW JERSEY,2004,8685,1575,1380882,1327602,83049,131045,107503,24.3,55592,58794,2.7,NA,41636,NA,262289,270924,13666,3841,NA,838,335,379,2484,NA
NEW JERSEY,2005,NA,NA,1392204,NA,NA,NA,NA,NA,NA,NA,NA,NA,NA,NA,257729,NA,14311,NA,NA,NA,NA,NA,NA,NA
NEW JERSEY,2008,8663,NA,NA,NA,NA,NA,NA,NA,NA,NA,NA,NA,NA,-3.9,NA,NA,NA,NA,5536,1533,472,405,1886,NA
NEW JERSEY,2009,8708,1491,NA,NA,NA,NA,NA,NA,NA,NA,NA,1,49568,2.5,315009,309781,NA,NA,5585,1592,1556,482,1872,NA
NEW JERSEY,2010,8792,1152,591,1366067,1431418,98437,136406,109998,24.1,66612,69617,2.4,50428,4.6,323255,313013,18109,18109,5525,1629,462,483,2715,17717
NEW JERSEY,2011,8821,1560,591,1361813,1445443,98034,139988,113250,24.1,67078,71284,2.4,53333,3,344923,329175,18829,17740,5690,1684,457,485,1892,18485
NEW JERSEY,2012,8868,1499,590,1357728,1460093,98714,140189,113431,24.1,68797,72990,1.1,54932,NA,357705,337009,19601,18227,NA,NA,NA,NA,NA,19291
NEW JERSEY,2013,NA,NA,590,1352000,1474923,99407,123027,114877,23.3,68238,71168,NA,NA,NA,NA,NA,20381,18682,NA,NA,NA,NA,NA,20117
NEW MEXICO,2001,NA,NA,NA,NA,NA,NA,NA,NA,NA,NA,NA,41637,NA,24903,NA,NA,NA,NA,11551,NA,NA,NA,NA,7895
NEW MEXICO,2002,1852,368,NA,324924,261239,17353,25724,21716,25.2,39391,41071,3,24228,26154,NA,156037,NA,11551,10591,5262,1343,451,320,8178
NEW MEXICO,2003,1879,369,89,326859,294173,17307,26593,21983,24.8,41637,41637,3.5,24903,0.6,146178,162996,9532,10591,4975,1121,448,300,2255,8622
NEW MEXICO,2004,1903,359,322657,290391,17871,25364,21532,25.1,38067,39823,3,NA,26154,NA,154275,171417,9991,4975,NA,1211,466,311,2322,NA
NEW MEXICO,2005,NA,NA,324924,NA,NA,NA,NA,NA,NA,NA,NA,NA,NA,NA,156037,NA,11551,NA,NA,NA,NA,NA,NA,NA
NEW MEXICO,2008,1987,NA,NA,NA,NA,NA,NA,NA,NA,NA,NA,NA,NA,-3.5,NA,NA,NA,NA,7718,1977,708,418,2599,NA
NEW MEXICO,2009,2010,358,NA,NA,NA,NA,NA,NA,NA,NA,NA,-1.1,32394,2.3,201418,212264,NA,NA,7718,2182,1025,474,2680,NA
NEW MEXICO,2010,2059,285,89,334465,323130,19843,23870,21263,25.3,46888,48132,-0.7,32940,4.9,205502,216568,10957,10957,7489,2127,800,450,2712,10415
NEW MEXICO,2011,2082,368,89,333643,320891,19812,23832,21352,24.8,45622,47799,-0.4,34782,3,216167,223750,11133,11575,7111,1941,809,457,2559,10203
NEW MEXICO,2012,2084,371,89,334138,329159,20204,24532,22229,24.9,45453,47630,0.4,35805,NA,223597,232483,10898,11063,NA,NA,NA,NA,NA,11019
NEW MEXICO,2013,NA,NA,89,334841,314650,18816,24733,22226,25,45727,47826,NA,NA,NA,NA,NA,11117,11831,NA,NA,NA,NA,NA,10089
NEW YORK,2001,NA,NA,NA,NA,NA,NA,NA,NA,NA,NA,NA,58630,NA,35933,NA,NA,NA,NA,13872,NA,NA,NA,NA,12325
NEW YORK,2002,19134,3385,NA,2822000,2847423,156000,244800,223000,23.9,56200,57300,1.8,35330,38333,NA,247988,NA,13872,15786,5614,2101,724,487,12879
NEW YORK,2003,19212,3318,698,2815504,2619083,158603,250280,228903,23.6,57354,58630,2.3,35933,-0.8,243754,249408,14685,15786,5045,1699,680,479,2494,13551
NEW YORK,2004,19281,3326,2826116,2807149,152000,245755,224005,24.6,55181,56000,1.8,NA,38333,NA,260796,281272,13715,5045,NA,1854,718,502,2596,NA
NEW YORK,2005,NA,NA,2822000,NA,NA,NA,NA,NA,NA,NA,NA,NA,NA,NA,247988,NA,13872,NA,NA,NA,NA,NA,NA,NA
NEW YORK,2008,19468,NA,NA,NA,NA,NA,NA,NA,NA,NA,NA,NA,NA,-2.9,NA,NA,NA,NA,6854,2276,924,423,2163,NA
NEW YORK,2009,19541,3201,NA,NA,NA,NA,NA,NA,NA,NA,NA,0.1,46699,5.1,334685,299921,NA,NA,7121,2528,396,616,2018,NA
NEW YORK,2010,19378,2375,695,2642524,3085515,181223,236427,223862,24.5,72708,73192,2.4,49119,4.8,357158,312786,18691,18691,7505,2589,1122,631,2694,17750
NEW YORK,2011,19465,3385,695,2617556,3125257,185329,218432,206000,24.5,73398,74944,2.6,51914,4.2,383121,328116,19513,16343,7368,2603,1137,649,2146,18616
NEW YORK,2012,19576,3096,695,2589670,3164959,189484,228334,215678,24.5,75279,76865,2.6,54099,NA,404596,338869,20376,16672,NA,NA,NA,NA,NA,19523
NEW YORK,2013,NA,NA,695,2564711,3204649,193992,213139,200503,24.5,76409,78835,NA,NA,NA,NA,NA,21225,16987,NA,NA,NA,NA,NA,20428
NORTH CAROLINA,2001,NA,NA,NA,NA,NA,NA,NA,NA,NA,NA,NA,43922,NA,27852,NA,NA,NA,NA,7871,NA,NA,NA,NA,6786
NORTH CAROLINA,2002,8306,1484,NA,1345101,1266245,74224,104535,90657,20,43348,43348,1.9,27640,29303,NA,187436,NA,7871,8188,3865,1004,697,263,7392
NORTH CAROLINA,2003,8421,1497,115,1376530,1294132,76940,108464,94129,20,43922,43922,0.3,27852,0.5,180164,188808,7698,8188,3556,922,733,250,1837,7675
NORTH CAROLINA,2004,8540,1518,1377014,1244096,70845,101387,87947,19.8,43211,43211,1.9,NA,29303,NA,189103,201179,7573,3556,NA,997,766,260,1894,NA
NORTH CAROLINA,2005,NA,NA,1345101,NA,NA,NA,NA,NA,NA,NA,NA,NA,NA,NA,187436,NA,7871,NA,NA,NA,NA,NA,NA,NA
NORTH CAROLINA,2008,9247,NA,NA,NA,NA,NA,NA,NA,NA,NA,NA,NA,NA,-4,NA,NA,NA,NA,4510,1175,904,425,1922,NA
NORTH CAROLINA,2009,9381,1613,NA,NA,NA,NA,NA,NA,NA,NA,NA,-0.5,34108,1.8,225906,240400,NA,NA,4511,1173,367,351,1955,NA
NORTH CAROLINA,2010,9535,1267,115,1424536,1338471,91726,110181,94879,20,46605,46605,-1.6,34604,3,233432,248761,8763,8763,4591,1179,1048,345,2649,8572
NORTH CAROLINA,2011,9656,1484,115,1430007,1347103,94527,108869,93964,20.2,45947,45947,-0.4,36520,5.6,247417,263327,9153,9717,4699,1301,1118,388,2010,8492
NORTH CAROLINA,2012,9748,1667,115,1488150,1400981,95268,114158,98349,20.1,45737,45737,-1.6,38538,NA,262714,278882,8780,9326,NA,NA,NA,NA,NA,8363
NORTH CAROLINA,2013,NA,NA,115,1441447,1368650,96019,110609,95116,20.1,44990,44990,NA,NA,NA,NA,NA,8991,9469,NA,NA,NA,NA,NA,8632
NORTH DAKOTA,2001,NA,NA,NA,NA,NA,NA,NA,NA,NA,NA,NA,39065,NA,28725,NA,NA,NA,NA,9805,NA,NA,NA,NA,6683
NORTH DAKOTA,2002,634,110,NA,99324,91466,7503,8930,7704,26.9,36695,37915,4.7,26742,29247,NA,169443,NA,9805,10394,4677,1130,182,180,7377
NORTH DAKOTA,2003,633,110,198,97120,89644,7297,8853,7607,26.5,37764,39065,3.1,28725,3.3,176618,186751,9594,10394,4436,1047,164,163,2068,7807
NORTH DAKOTA,2004,636,103,101137,95032,8149,8856,7662,27.3,35441,35889,4.7,NA,29247,NA,183444,199013,8917,4436,NA,1149,173,172,2165,NA
NORTH DAKOTA,2005,NA,NA,99324,NA,NA,NA,NA,NA,NA,NA,NA,NA,NA,NA,169443,NA,9805,NA,NA,NA,NA,NA,NA,NA
NORTH DAKOTA,2008,641,NA,NA,NA,NA,NA,NA,NA,NA,NA,NA,NA,NA,-4.5,NA,NA,NA,NA,6290,1324,169,426,2120,NA
NORTH DAKOTA,2009,647,101,NA,NA,NA,NA,NA,NA,NA,NA,NA,4.6,39644,7.8,282258,296533,NA,NA,6967,1299,905,267,2623,NA
NORTH DAKOTA,2010,673,80,182,94729,85260,7384,9295,8022,24.5,44807,46358,3,42462,9.2,305673,315021,12084,12084,7358,1406,291,267,2624,8631
NORTH DAKOTA,2011,684,110,179,95858,86154,6902,9127,7848,24.5,46058,47738,3,47218,17.6,341311,349763,12465,13869,8299,1363,312,325,2635,8757
NORTH DAKOTA,2012,701,108,179,99192,83999,7040,9400,8116,24.5,47344,49159,3,56310,NA,411995,418757,12516,14780,NA,NA,NA,NA,NA,8549
NORTH DAKOTA,2013,NA,NA,177,99498,96068,7086,9529,8235,24.5,48666,50622,NA,NA,NA,NA,NA,12893,13353,NA,NA,NA,NA,NA,8733
OHIO,2001,NA,NA,NA,NA,NA,NA,NA,NA,NA,NA,NA,51682,NA,29938,NA,NA,NA,NA,11933,NA,NA,NA,NA,9035
OHIO,2002,11409,2115,NA,1846763,1651840,114558,130680,114146,26.6,48692,50225,4.2,29230,31135,NA,201485,NA,11933,12494,4063,1274,539,341,9557
OHIO,2003,11438,2075,891,1862880,1651725,115854,136013,119587,26.5,50314,51682,2.5,29938,2.2,186273,206361,11078,12494,3713,1076,478,317,2071,10034
OHIO,2004,11450,2049,1845428,1650494,115762,134206,117766,26.4,47482,48977,4.2,NA,31135,NA,193329,216162,11237,3713,NA,1177,503,333,2158,NA
OHIO,2005,NA,NA,1846763,NA,NA,NA,NA,NA,NA,NA,NA,NA,NA,NA,201485,NA,11933,NA,NA,NA,NA,NA,NA,NA
OHIO,2008,11528,NA,NA,NA,NA,NA,NA,NA,NA,NA,NA,NA,NA,-2.7,NA,NA,NA,NA,4882,1528,660,426,1854,NA
OHIO,2009,11543,1975,NA,NA,NA,NA,NA,NA,NA,NA,NA,-0.2,35145,2.7,213231,245991,NA,NA,4969,1594,763,445,1911,NA
OHIO,2010,11537,1523,986,1881436,1643439,125895,136292,108888,25,56715,58435,2.4,35931,6.6,219100,251996,9928,9928,5276,1757,700,433,2604,9813
OHIO,2011,11545,2115,1016,1875491,1642326,127736,134833,108399,25,56715,59834,2.4,38657,4.1,237125,271465,10228,11680,5092,1731,704,428,1825,9842
OHIO,2012,11553,1969,1016,1867582,1641128,129301,133305,107379,25,56307,61266,0.5,40230,NA,248704,283001,10213,11622,NA,NA,NA,NA,NA,9941
OHIO,2013,NA,NA,1016,1854881,1639380,123168,132618,107764,25.1,55913,57911,NA,NA,NA,NA,NA,10054,11376,NA,NA,NA,NA,NA,11145
OKLAHOMA,2001,NA,NA,NA,NA,NA,NA,NA,NA,NA,NA,NA,40370,NA,26556,NA,NA,NA,NA,7871,NA,NA,NA,NA,5976
OKLAHOMA,2002,3490,635,NA,629134,587165,36897,47133,40406,22.5,37879,39359,2.2,25958,27819,NA,155900,NA,7871,8224,3711,1001,370,255,6614
OKLAHOMA,2003,3506,634,540,634468,591486,36286,48358,41616,22.3,38772,40370,6.1,26556,-0.2,149178,160059,7667,8224,3697,915,374,248,1978,6944
OKLAHOMA,2004,3524,618,625826,583932,36995,44497,39218,22.8,35061,37113,2.2,NA,27819,NA,156625,167862,7438,3697,NA,998,394,260,2058,NA
OKLAHOMA,2005,NA,NA,629134,NA,NA,NA,NA,NA,NA,NA,NA,NA,NA,NA,155900,NA,7871,NA,NA,NA,NA,NA,NA,NA
OKLAHOMA,2008,3644,NA,NA,NA,NA,NA,NA,NA,NA,NA,NA,NA,NA,-7.9,NA,NA,NA,NA,4925,1385,478,434,2004,NA
OKLAHOMA,2009,3687,647,NA,NA,NA,NA,NA,NA,NA,NA,NA,0.1,34004,4.3,196063,209496,NA,NA,5127,1439,734,345,2069,NA
OKLAHOMA,2010,3751,513,526,659622,616775,38167,48874,41326,22,44343,46099,0.2,35535,8.4,204137,219037,8636,8636,5014,1433,537,356,2601,8058
OKLAHOMA,2011,3792,635,522,665841,624410,37719,48863,41377,22,44391,46176,0.1,38960,6.2,223506,239033,9257,9871,5052,1516,596,369,1938,8285
OKLAHOMA,2012,3816,675,520,673190,630670,37284,49365,41832,21.9,44373,46216,0.6,41399,NA,237250,252992,8729,9317,NA,NA,NA,NA,NA,7912
OKLAHOMA,2013,NA,NA,517,681578,639376,37516,49369,41949,21.9,44549,46482,NA,NA,NA,NA,NA,8804,9385,NA,NA,NA,NA,NA,7925
OREGON,2001,NA,NA,NA,NA,NA,NA,NA,NA,NA,NA,NA,52381,NA,29175,NA,NA,NA,NA,10221,NA,NA,NA,NA,7587
OREGON,2002,3520,629,NA,552320,488212,33350,31725,27850,31.6,48330,50628,3.6,28464,30584,NA,207590,NA,10221,11225,4055,981,454,345,7842
OREGON,2003,3564,626,196,559254,491252,33410,32204,28203,31.4,50044,52381,1.3,29175,-0.1,187680,212604,9860,11225,4228,1149,623,326,2143,8649
OREGON,2004,3591,626,555880,491817,32456,31720,27668,33.2,49169,49500,3.6,NA,30584,NA,199372,225492,8950,4228,NA,1244,652,339,2212,NA
OREGON,2005,NA,NA,552320,NA,NA,NA,NA,NA,NA,NA,NA,NA,NA,NA,207590,NA,10221,NA,NA,NA,NA,NA,NA,NA
OREGON,2008,3783,NA,NA,NA,NA,NA,NA,NA,NA,NA,NA,NA,NA,-3.3,NA,NA,NA,NA,5068,1221,597,443,1864,NA
OREGON,2009,3826,625,NA,NA,NA,NA,NA,NA,NA,NA,NA,1.6,35571,2.1,240176,271400,NA,NA,5367,1323,411,453,1916,NA
OREGON,2010,3831,480,196,561331,498293,36000,31198,27646,30.9,56503,59073,1.6,35906,5.2,245364,277442,10828,10828,5453,1465,786,431,2580,9899
OREGON,2011,3872,629,196,560950,499702,36100,31350,27800,30.9,57348,60003,0.9,37744,4.1,260099,293003,11629,13054,5448,1483,820,459,1856,10897
OREGON,2012,3900,628,196,563714,499476,34076,29177,25862,30.7,57612,60484,1.9,39258,NA,272925,307148,11566,13054,NA,NA,NA,NA,NA,10251
OREGON,2013,NA,NA,196,567100,504757,34463,29687,26418,30.6,58638,61636,NA,NA,NA,NA,NA,11988,13468,NA,NA,NA,NA,NA,10471
PENNSYLVANIA,2001,NA,NA,NA,NA,NA,NA,NA,NA,NA,NA,NA,55652,NA,31730,NA,NA,NA,NA,11049,NA,NA,NA,NA,9261
PENNSYLVANIA,2002,12329,2151,NA,1828089,1812300,124700,138689,119904,29.7,53258,54795,1.7,31034,33257,NA,226955,NA,11049,13325,3892,1424,424,230,9570
PENNSYLVANIA,2003,12371,2126,500,1830684,1701962,126926,142209,122378,28.8,54027,55652,1.3,31730,2.5,216060,232443,12388,13325,3824,1175,418,238,1971,10711
PENNSYLVANIA,2004,12394,2118,1821146,1695342,123473,136861,118314,30.3,51835,52796,1.7,NA,33257,NA,226556,242632,11428,3824,NA,1284,439,248,2052,NA
PENNSYLVANIA,2005,NA,NA,1828089,NA,NA,NA,NA,NA,NA,NA,NA,NA,NA,NA,226955,NA,11049,NA,NA,NA,NA,NA,NA,NA
PENNSYLVANIA,2008,12566,NA,NA,NA,NA,NA,NA,NA,NA,NA,NA,NA,NA,-2.5,NA,NA,NA,NA,5126,1706,515,445,1670,NA
PENNSYLVANIA,2009,12605,2028,NA,NA,NA,NA,NA,NA,NA,NA,NA,2.8,39420,3.1,279369,295467,NA,NA,5466,1934,321,295,1693,NA
PENNSYLVANIA,2010,12702,1545,499,1763946,1681858,136623,145768,125902,28.8,60760,62664,1.8,40444,5.1,288895,304976,16521,16521,5765,2015,596,298,2579,13334
PENNSYLVANIA,2011,12743,2151,499,1750104,1679598,138629,141784,120544,28.8,61934,63815,1.6,43813,4,316532,331981,17423,18154,5578,1926,631,312,1725,13904
PENNSYLVANIA,2012,12764,2020,499,1738700,1676976,140503,137666,119219,28.8,62994,64847,1,45577,NA,332421,346376,18317,18991,NA,NA,NA,NA,NA,14467
PENNSYLVANIA,2013,NA,NA,499,1725820,1673109,142531,136070,118135,28.8,63701,65510,NA,NA,NA,NA,NA,19246,19853,NA,NA,NA,NA,NA,15061
RHODE ISLAND,2001,NA,NA,NA,NA,NA,NA,NA,NA,NA,NA,NA,57915,NA,32452,NA,NA,NA,NA,10158,NA,NA,NA,NA,10258
RHODE ISLAND,2002,1068,179,NA,160574,151132,8860,16674,14171,22.3,53473,56196,-1.3,31042,34180,NA,226248,NA,10158,10386,4973,1796,297,469,10641
RHODE ISLAND,2003,1076,183,36,161237,152909,9025,17125,14512,22,54730,57915,2.3,32452,1.2,221018,236073,9850,10386,4534,1561,280,401,2041,11089
RHODE ISLAND,2004,1080,182,159825,149382,8787,16023,13664,22.6,52261,54922,-1.3,NA,34180,NA,231103,247260,10012,4534,NA,1698,292,421,2117,NA
RHODE ISLAND,2005,NA,NA,160574,NA,NA,NA,NA,NA,NA,NA,NA,NA,NA,NA,226248,NA,10158,NA,NA,NA,NA,NA,NA,NA
RHODE ISLAND,2008,1054,NA,NA,NA,NA,NA,NA,NA,NA,NA,NA,NA,NA,-2.5,NA,NA,NA,NA,5663,2005,261,448,1586,NA
RHODE ISLAND,2009,1053,167,NA,NA,NA,NA,NA,NA,NA,NA,NA,2.4,40706,3.8,295093,324696,NA,NA,6033,2144,3157,570,1679,NA
RHODE ISLAND,2010,1053,124,49,138803,117999,9715,11959,11081,22,60923,65640,2.4,42001,3.8,304629,354041,16400,16400,6096,2219,231,619,2532,15803
RHODE ISLAND,2011,1051,179,49,137175,114765,9846,11904,11029,22,62186,67211,2.4,44621,3.8,337754,397302,16675,19931,6263,2147,234,612,1859,16683
RHODE ISLAND,2012,1050,161,49,134242,108626,9991,10936,10042,22,63474,68821,2.3,46257,NA,354176,423335,17693,21866,NA,NA,NA,NA,NA,17666
RHODE ISLAND,2013,NA,NA,49,131093,102561,10127,10704,9809,22,64696,70411,NA,NA,NA,NA,NA,18458,23593,NA,NA,NA,NA,NA,18627
SOUTH CAROLINA,2001,NA,NA,NA,NA,NA,NA,NA,NA,NA,NA,NA,45190,NA,25950,NA,NA,NA,NA,9808,NA,NA,NA,NA,7043
SOUTH CAROLINA,2002,4104,713,NA,680635,640241,36462,54139,46167,17.7,42189,44245,0.5,25485,27153,NA,164476,NA,9808,10164,4278,1175,822,234,8035
SOUTH CAROLINA,2003,4149,746,87,694155,648145,37728,55456,47441,17.9,43011,45190,4.1,25950,2,160155,170876,9490,10164,4154,1066,766,232,2042,8377
SOUTH CAROLINA,2004,4198,744,676817,644564,35700,52657,45160,17.4,41162,42501,0.5,NA,27153,NA,168418,176845,9315,4154,NA,1155,804,242,2111,NA
SOUTH CAROLINA,2005,NA,NA,680635,NA,NA,NA,NA,NA,NA,NA,NA,NA,NA,NA,164476,NA,9808,NA,NA,NA,NA,NA,NA,NA
SOUTH CAROLINA,2008,4503,NA,NA,NA,NA,NA,NA,NA,NA,NA,NA,NA,NA,-3.9,NA,NA,NA,NA,5028,1350,1247,464,1718,NA
SOUTH CAROLINA,2009,4561,770,NA,NA,NA,NA,NA,NA,NA,NA,NA,-1,31646,2.4,205230,219200,NA,NA,4956,1342,416,321,1681,NA
SOUTH CAROLINA,2010,4625,593,89,714421,664056,42554,54593,46247,18.3,47050,49388,0.8,32193,4.6,209596,224835,10996,10996,5056,1456,1312,321,2530,9167
SOUTH CAROLINA,2011,4679,713,87,721398,668710,44106,55660,47310,18.4,47428,49769,2,34183,3.7,223604,240563,10945,11808,4722,1243,1331,315,1717,8776
SOUTH CAROLINA,2012,4723,783,85,682820,687670,44622,56658,47898,18.6,48375,50771,0.2,35347,NA,229613,245780,12152,12066,NA,NA,NA,NA,NA,9795
SOUTH CAROLINA,2013,NA,NA,82,746015,688328,45137,57539,48634,18.8,48430,50859,NA,NA,NA,NA,NA,12012,13018,NA,NA,NA,NA,NA,9445
SOUTH DAKOTA,2001,NA,NA,NA,NA,NA,NA,NA,NA,NA,NA,NA,35983,NA,29063,NA,NA,NA,NA,9185,NA,NA,NA,NA,7129
SOUTH DAKOTA,2002,760,145,NA,121622,115605,8581,9825,8926,24.6,34040,35313,2.6,26865,30617,NA,171876,NA,9185,9616,3543,916,244,217,7536
SOUTH DAKOTA,2003,765,144,165,120682,114555,8325,9867,8963,24.3,34709,35983,2.5,29063,-0.3,177857,187307,9128,9616,3361,796,225,187,1790,7911
SOUTH DAKOTA,2004,771,139,124469,116585,8958,9942,9031,24.8,33236,34460,2.6,NA,30617,NA,189622,202445,8628,3361,NA,867,235,195,1858,NA
SOUTH DAKOTA,2005,NA,NA,121622,NA,NA,NA,NA,NA,NA,NA,NA,NA,NA,NA,171876,NA,9185,NA,NA,NA,NA,NA,NA,NA
SOUTH DAKOTA,2008,805,NA,NA,NA,NA,NA,NA,NA,NA,NA,NA,NA,NA,-2.6,NA,NA,NA,NA,4596,1110,317,472,1492,NA
SOUTH DAKOTA,2009,812,140,NA,NA,NA,NA,NA,NA,NA,NA,NA,2.6,38240,3.7,252853,264123,NA,NA,4900,1209,833,253,1601,NA
SOUTH DAKOTA,2010,814,109,152,123629,116208,8201,10294,9284,23.2,39850,41367,-2.2,39558,10.5,264657,280347,10476,10476,4930,1181,346,271,2497,8997
SOUTH DAKOTA,2011,824,145,152,124739,117894,8143,10067,9075,23.4,38804,40455,0.5,44843,2.8,298736,317516,10360,10962,4770,1131,334,278,1460,9218
SOUTH DAKOTA,2012,834,145,151,126798,123196,8235,10169,9158,23.2,39018,40641,2.5,45676,NA,305404,323136,10310,10611,NA,NA,NA,NA,NA,9347
SOUTH DAKOTA,2013,NA,NA,151,128294,123964,8238,10342,9328,22.9,40023,41649,NA,NA,NA,NA,NA,10383,10746,NA,NA,NA,NA,NA,8962
TENNESSEE,2001,NA,NA,NA,NA,NA,NA,NA,NA,NA,NA,NA,44173,NA,28412,NA,NA,NA,NA,7689,NA,NA,NA,NA,6501
TENNESSEE,2002,5790,1021,NA,928572,866546,48838,68536,59215,22.4,42076,43744,2.9,27678,29806,NA,189093,NA,7689,7979,3495,1326,631,266,6855
TENNESSEE,2003,5845,1012,135,939571,879908,52767,70374,60691,23.6,42537,44173,4.2,28412,3,182427,195693,7473,7979,3193,1115,570,242,1635,6979
TENNESSEE,2004,5893,1007,919896,856382,47844,67050,58577,22.1,40318,41997,2.9,NA,29806,NA,191201,205381,7230,3193,NA,1211,599,252,1693,NA
TENNESSEE,2005,NA,NA,928572,NA,NA,NA,NA,NA,NA,NA,NA,NA,NA,NA,189093,NA,7689,NA,NA,NA,NA,NA,NA,NA
TENNESSEE,2008,6240,NA,NA,NA,NA,NA,NA,NA,NA,NA,NA,NA,NA,-3.7,NA,NA,NA,NA,4109,1317,712,498,1423,NA
TENNESSEE,2009,6296,1068,NA,NA,NA,NA,NA,NA,NA,NA,NA,0.7,33802,4.1,223361,278037,NA,NA,4149,1478,302,361,1414,NA
TENNESSEE,2010,6346,831,135,988822,897807,64936,77010,65008,21.5,45891,47877,3.1,35103,4.8,227782,249413,8768,8768,4305,1571,676,378,2477,8213
TENNESSEE,2011,6403,1021,135,959322,902067,62157,76820,64702,21.6,47082,49342,0.6,37129,5,240305,264665,9163,9744,4400,1581,676,364,1528,8577
TENNESSEE,2012,6455,1090,136,979806,909032,62019,77404,65144,21.6,47563,49647,0.5,39002,NA,262427,279084,8868,9558,NA,NA,NA,NA,NA,8647
TENNESSEE,2013,NA,NA,135,970035,913119,61838,76659,64596,21.6,47742,49890,NA,NA,NA,NA,NA,9290,9869,NA,NA,NA,NA,NA,8797
TEXAS,2001,NA,NA,NA,NA,NA,NA,NA,NA,NA,NA,NA,44323,NA,29453,NA,NA,NA,NA,9039,NA,NA,NA,NA,7168
TEXAS,2002,21737,4384,NA,4383871,4096352,239716,331608,294546,22.9,41011,43500,1.6,28721,30697,NA,161610,NA,9039,9488,3011,810,458,266,7310
TEXAS,2003,22103,4433,1227,4505572,4209672,240485,340240,302402,22.9,41744,44323,0.8,29453,-1.1,153543,165796,8865,9488,2831,686,465,240,2103,7547
TEXAS,2004,22472,4424,4311502,4014926,244165,325504,289481,22.7,40476,43157,1.6,NA,30697,NA,160124,172175,8814,2831,NA,739,485,249,2161,NA
TEXAS,2005,NA,NA,4383871,NA,NA,NA,NA,NA,NA,NA,NA,NA,NA,NA,161610,NA,9039,NA,NA,NA,NA,NA,NA,NA
TEXAS,2008,24304,NA,NA,NA,NA,NA,NA,NA,NA,NA,NA,NA,NA,-8.4,NA,NA,NA,NA,3959,1060,543,504,1790,NA
TEXAS,2009,24782,4822,NA,NA,NA,NA,NA,NA,NA,NA,NA,0.6,36458,4.4,191238,203069,NA,NA,4071,1141,218,358,1857,NA
TEXAS,2010,25146,3810,1228,4912385,4551084,287533,379250,334946,23.2,48638,51486,-0.6,38222,7.9,200058,215172,10248,10248,4230,1201,659,355,2458,8751
TEXAS,2011,25675,4384,1227,4978120,4634374,297846,366204,324243,23.2,48373,51193,1,41103,5.5,214468,231495,10055,10801,4180,1182,699,357,1880,8498
TEXAS,2012,26061,5044,1228,5058939,4699290,294705,369966,327516,23.2,48819,51689,1.9,43271,NA,226526,243320,9958,10720,NA,NA,NA,NA,NA,8275
TEXAS,2013,NA,NA,1227,5135880,4780772,310461,378660,334612,23.3,49690,52653,NA,NA,NA,NA,NA,10334,11102,NA,NA,NA,NA,NA,8681
UNITED STATES,2001,NA,NA,NA,NA,NA,NA,NA,NA,NA,NA,NA,50924,NA,31487,NA,NA,NA,NA,10492,NA,NA,NA,NA,8248
UNITED STATES,2002,287974,53285,NA,48369744,45502821,2802522,3502611,3066272,24.5,47674,49377,2,30804,33041,NA,200600,NA,10492,11113,4119,1142,544,334,8661
UNITED STATES,2003,290789,53274,15416,48727536,45484979,2844044,3565829,3121638,24.4,49026,50924,2,31487,0.7,191582,204768,10374,11113,3857,971,508,314,2065,9100
UNITED STATES,2004,293657,53207,48132518,45081855,2771781,3469154,3044012,24.9,46752,48402,2,NA,33041,NA,201678,215936,10044,3857,NA,1054,533,327,2137,NA
UNITED STATES,2005,NA,NA,48369744,NA,NA,NA,NA,NA,NA,NA,NA,NA,NA,NA,200600,NA,10492,NA,NA,NA,NA,NA,NA,NA
UNITED STATES,2008,304375,NA,NA,NA,NA,NA,NA,NA,NA,NA,NA,NA,NA,-4.5,NA,NA,NA,NA,5062,1404,679,546,1847,NA
UNITED STATES,2009,307007,53249,NA,NA,NA,NA,NA,NA,NA,NA,NA,0.8,38846,3,243055,257181,NA,NA,5163,1479,727,460,1850,NA
UNITED STATES,2010,308746,41026,15339,49244844,46913205,3198654,3630757,3153567,24,55623,57427,-0.1,39791,5.3,250543,263452,12037,12037,5311,1579,740,445,2434,10770
UNITED STATES,2011,311592,53285,15504,49221735,47387743,3207689,3524220,3083266,23.9,55418,57218,1.6,42298,4.4,268015,279075,11946,12408,5244,1547,765,444,1875,10834
UNITED STATES,2012,313874,53728,15556,49380319,47768200,3241228,3563767,3109751,23.7,56103,58066,1.2,44200,NA,281819,292152,12231,12644,NA,NA,NA,NA,NA,10938
UNITED STATES,2013,NA,NA,15462,49568215,48015081,3272590,3560267,3121926,23.8,56610,58486,NA,NA,NA,NA,NA,12357,12757,NA,NA,NA,NA,NA,11355
UTAH,2001,NA,NA,NA,NA,NA,NA,NA,NA,NA,NA,NA,43180,NA,25645,NA,NA,NA,NA,7195,NA,NA,NA,NA,5091
UTAH,2002,2319,494,NA,494100,446013,28721,24424,20953,26.2,39456,41233,2.9,25041,26946,NA,129774,NA,7195,7494,4028,829,421,267,5032
UTAH,2003,2352,513,40,484623,445550,28407,26352,22789,25.9,40007,43180,1.2,25645,0.9,125368,135080,6889,7494,3942,688,370,253,2241,5347
UTAH,2004,2421,507,486938,446203,29709,24904,21659,25.8,38976,40732,2.9,NA,26946,NA,132206,144275,6773,3942,NA,743,386,263,2309,NA
UTAH,2005,NA,NA,494100,NA,NA,NA,NA,NA,NA,NA,NA,NA,NA,NA,129774,NA,7195,NA,NA,NA,NA,NA,NA,NA
UTAH,2008,2727,NA,NA,NA,NA,NA,NA,NA,NA,NA,NA,NA,NA,-2.2,NA,NA,NA,NA,5013,908,518,576,2288,NA
UTAH,2009,2785,595,NA,NA,NA,NA,NA,NA,NA,NA,NA,2.5,31886,1.1,157598,195450,NA,NA,5131,995,511,354,2216,NA
UTAH,2010,2764,478,41,576245,443449,31969,29562,26328,23.6,47033,49102,2.5,32121,5.2,158275,200865,8276,8276,5221,1016,538,319,2433,6672
UTAH,2011,2817,494,41,597397,443072,33357,30779,27245,23.6,48159,50322,2.5,34173,4.8,167093,178705,8247,11119,5331,1060,568,320,2383,6849
UTAH,2012,2855,630,125,600595,568157,34753,31146,27820,23.6,49393,51572,2.4,35891,NA,174622,183857,8549,9037,NA,NA,NA,NA,NA,7223
UTAH,2013,NA,NA,131,612395,578042,35317,31719,27249,24.8,45695,52806,NA,NA,NA,NA,NA,8743,9262,NA,NA,NA,NA,NA,7476
VERMONT,2001,NA,NA,NA,NA,NA,NA,NA,NA,NA,NA,NA,48150,NA,30103,NA,NA,NA,NA,15249,NA,NA,NA,NA,10763
VERMONT,2002,616,108,NA,95187,82335,7378,10136,8717,28.4,44535,45994,1.5,29855,31737,NA,205466,NA,15249,16727,5920,1635,179,247,11667
VERMONT,2003,619,106,287,94600,79543,7579,10469,9009,27.9,46622,48150,5.8,30103,3.1,187072,216877,14065,16727,5343,1229,142,207,2371,12475
VERMONT,2004,621,104,98051,86809,7057,10360,8966,28,42007,43457,1.5,NA,31737,NA,201130,227177,13617,5343,NA,1340,148,216,2465,NA
VERMONT,2005,NA,NA,95187,NA,NA,NA,NA,NA,NA,NA,NA,NA,NA,NA,205466,NA,15249,NA,NA,NA,NA,NA,NA,NA
VERMONT,2008,621,NA,NA,NA,NA,NA,NA,NA,NA,NA,NA,NA,NA,-1,NA,NA,NA,NA,8096,2187,308,592,3648,NA
VERMONT,2009,622,94,NA,NA,NA,NA,NA,NA,NA,NA,NA,3.4,38849,3.1,272588,336616,NA,NA,8262,2246,1072,300,3675,NA
VERMONT,2010,626,72,286,85635,67559,8371,10535,8901,30.2,50141,56947,3.3,39736,6.9,283978,355153,20572,20572,8605,2338,328,349,2287,17447
VERMONT,2011,626,108,286,84008,64853,8569,10635,8964,30.2,51306,58852,2.4,42911,3.4,313978,397983,21924,28399,8838,2396,335,361,3740,18571
VERMONT,2012,633,93,286,82346,62311,8729,10685,8981,30.2,52526,54102,3.4,44443,NA,342354,428957,23485,31035,NA,NA,NA,NA,NA,19752
VERMONT,2013,NA,NA,286,79646,59941,8896,9709,7971,30.2,55958,55958,NA,NA,NA,NA,NA,25479,33855,NA,NA,NA,NA,NA,21263
VIRGINIA,2001,NA,NA,NA,NA,NA,NA,NA,NA,NA,NA,NA,45876,NA,33993,NA,NA,NA,NA,10932,NA,NA,NA,NA,8705
VIRGINIA,2002,7288,1294,NA,1204808,1114757,73719,115364,98900,19,42768,44401,2.3,32964,36175,NA,221011,NA,10932,11364,3692,831,469,302,8729
VIRGINIA,2003,7365,1308,132,1214737,1125451,76405,107966,91783,18.8,43823,45876,3.3,33993,1.3,212794,228903,10529,11364,3505,641,437,265,2079,9275
VIRGINIA,2004,7481,1307,1192539,1104240,72042,113337,98656,19.2,43655,44624,2.3,NA,36175,NA,226292,244387,10242,3505,NA,696,458,276,2149,NA
VIRGINIA,2005,NA,NA,1204808,NA,NA,NA,NA,NA,NA,NA,NA,NA,NA,NA,221011,NA,10932,NA,NA,NA,NA,NA,NA,NA
VIRGINIA,2008,7795,NA,NA,NA,NA,NA,NA,NA,NA,NA,NA,NA,NA,-3.5,NA,NA,NA,NA,4804,1093,561,592,1872,NA
VIRGINIA,2009,7883,1314,NA,NA,NA,NA,NA,NA,NA,NA,NA,1.5,43187,2.8,277065,299202,NA,NA,4769,1195,399,431,1733,NA
VIRGINIA,2010,8001,1023,132,1252529,1155672,89391,124631,105830,17.5,48761,50647,2.4,44134,5.1,284433,307836,12608,12608,4984,1258,625,393,2065,10832
VIRGINIA,2011,8097,1294,132,1260334,1163286,89587,121963,103908,17.5,48703,50574,1.5,47126,3.5,304997,330102,12389,13422,5087,1231,649,402,1840,11192
VIRGINIA,2012,8187,1347,132,1266128,1171652,89241,120486,102669,17.4,48670,50717,1.7,48715,NA,316822,342021,12097,13073,NA,NA,NA,NA,NA,10695
VIRGINIA,2013,NA,NA,132,1279544,1177939,88477,118952,102031,17.3,49826,51744,NA,NA,NA,NA,NA,12233,13288,NA,NA,NA,NA,NA,10866
WASHINGTON,2001,NA,NA,NA,NA,NA,NA,NA,NA,NA,NA,NA,48833,NA,32838,NA,NA,NA,NA,9540,NA,NA,NA,NA,7353
WASHINGTON,2002,6067,1117,NA,1021502,953486,58409,60103,53260,29.7,45718,48111,1,32696,35017,NA,210388,NA,9540,9997,4352,1046,766,314,7683
WASHINGTON,2003,6131,1107,296,1033489,960463,57194,60514,53570,29.6,46326,48833,0.7,32838,1.3,198178,212889,9290,9997,4147,1022,661,289,2121,7958
WASHINGTON,2004,6207,1099,1021497,950298,61904,59709,52911,30,45434,47786,1,NA,35017,NA,212668,228602,9216,4147,NA,1108,692,302,2193,NA
WASHINGTON,2005,NA,NA,1021502,NA,NA,NA,NA,NA,NA,NA,NA,NA,NA,NA,210388,NA,9540,NA,NA,NA,NA,NA,NA,NA
WASHINGTON,2008,6566,NA,NA,NA,NA,NA,NA,NA,NA,NA,NA,NA,NA,-4.4,NA,NA,NA,NA,5483,1246,909,594,2295,NA
WASHINGTON,2009,6664,1119,NA,NA,NA,NA,NA,NA,NA,NA,NA,-0.1,41795,1.3,268303,288148,NA,NA,5423,1295,543,390,2203,NA
WASHINGTON,2010,6725,868,295,1041245,979516,68503,60640,53884,28.7,52926,55851,-1.1,42024,4.5,273551,290883,11730,11730,5401,1296,1017,382,2048,9720
WASHINGTON,2011,6830,1117,295,1045987,979222,62696,59693,53020,28.6,52232,55255,0.1,44420,5.6,291082,309426,11599,12390,5382,1237,1026,415,2196,10000
WASHINGTON,2012,6895,1142,295,1053061,981921,63319,60322,53565,28.4,52234,55317,1.5,47055,NA,310602,331335,11439,12267,NA,NA,NA,NA,NA,9908
WASHINGTON,2013,NA,NA,295,1060298,989403,62037,61724,54725,27.9,52969,56163,NA,NA,NA,NA,NA,11539,12366,NA,NA,NA,NA,NA,9929
WEST VIRGINIA,2001,NA,NA,NA,NA,NA,NA,NA,NA,NA,NA,NA,39856,NA,24450,NA,NA,NA,NA,10422,NA,NA,NA,NA,9018
WEST VIRGINIA,2002,1805,292,NA,279457,271197,17152,22575,19809,24.2,38360,39897,0,23841,25681,NA,163904,NA,10422,10761,4719,1247,314,160,9461
WEST VIRGINIA,2003,1811,290,55,279788,273780,16796,22607,19791,24,38284,39856,-0.2,24450,2.5,157285,170107,10530,10761,4189,1185,286,140,1949,9886
WEST VIRGINIA,2004,1813,284,280561,266079,17327,22597,19869,24.5,38461,39961,0,NA,25681,NA,166164,175207,10252,4189,NA,1295,301,147,2030,NA
WEST VIRGINIA,2005,NA,NA,279457,NA,NA,NA,NA,NA,NA,NA,NA,NA,NA,NA,163904,NA,10422,NA,NA,NA,NA,NA,NA,NA
WEST VIRGINIA,2008,1815,NA,NA,NA,NA,NA,NA,NA,NA,NA,NA,NA,NA,-1.4,NA,NA,NA,NA,5713,1555,390,632,2139,NA
WEST VIRGINIA,2009,1820,280,NA,NA,NA,NA,NA,NA,NA,NA,NA,-0.5,31075,2.7,203681,218652,NA,NA,5811,1622,2215,259,2122,NA
WEST VIRGINIA,2010,1853,215,55,282130,285870,17356,22600,19791,23.1,44260,46215,2.4,31806,6.4,209276,211794,12317,12317,6169,1745,379,248,2030,11423
WEST VIRGINIA,2011,1855,292,55,282091,304575,17598,22694,19860,23,45320,47321,0.1,33822,3.5,222370,219461,12710,11772,6307,1749,395,253,2337,11777
WEST VIRGINIA,2012,1857,281,55,282309,272085,17905,22529,19737,23.2,45453,47486,-0.7,35140,NA,231289,239799,13093,13585,NA,NA,NA,NA,NA,12112
WEST VIRGINIA,2013,NA,NA,55,281013,264927,17598,22436,19670,23.3,45086,47140,NA,NA,NA,NA,NA,13551,14374,NA,NA,NA,NA,NA,12519
WISCONSIN,2001,NA,NA,NA,NA,NA,NA,NA,NA,NA,NA,NA,50497,NA,30613,NA,NA,NA,NA,11571,NA,NA,NA,NA,9483
WISCONSIN,2002,5440,1000,NA,864757,816546,63741,66357,60127,27.9,44299,47631,0.1,29937,32063,NA,205347,NA,11571,11902,4504,1246,414,344,9805
WISCONSIN,2003,5474,994,426,875174,817232,63006,65614,59552,27.6,46390,50497,3.3,30613,1.9,190173,205121,11114,11902,4250,1022,383,324,2310,9965
WISCONSIN,2004,5504,970,880031,810770,62518,66256,60033,28.2,42882,46093,0.1,NA,32063,NA,200716,215659,11610,4250,NA,1113,401,339,2399,NA
WISCONSIN,2005,NA,NA,864757,NA,NA,NA,NA,NA,NA,NA,NA,NA,NA,NA,205347,NA,11571,NA,NA,NA,NA,NA,NA,NA
WISCONSIN,2008,5628,NA,NA,NA,NA,NA,NA,NA,NA,NA,NA,NA,NA,-2.6,NA,NA,NA,NA,5336,1565,550,643,1895,NA
WISCONSIN,2009,5655,946,NA,NA,NA,NA,NA,NA,NA,NA,NA,5.4,36927,3.1,239641,259670,NA,NA,5570,1672,529,414,1950,NA
WISCONSIN,2010,5687,745,424,872286,795985,65893,63948,58041,26,54195,58159,-0.9,38010,4.9,247971,270538,13078,13078,5785,1757,525,412,1993,11787
WISCONSIN,2011,5712,1000,424,871105,837986,64631,61850,56180,25.9,53792,57649,0.4,40648,4.2,266076,271869,14088,14645,5554,1737,539,423,1959,12172
WISCONSIN,2012,5725,967,424,872436,831502,62557,62095,56425,25.9,53797,57858,-0.1,42475,NA,279126,300131,12776,13405,NA,NA,NA,NA,NA,11395
WISCONSIN,2013,NA,NA,424,874414,821741,60687,62612,56835,25.9,53679,57777,NA,NA,NA,NA,NA,12545,13349,NA,NA,NA,NA,NA,11337
WYOMING,2001,NA,NA,NA,NA,NA,NA,NA,NA,NA,NA,NA,44835,NA,32316,NA,NA,NA,NA,13248,NA,NA,NA,NA,9673
WYOMING,2002,499,92,NA,83772,77878,5616,7423,6579,29.7,40497,41930,1.6,31122,34199,NA,190068,NA,13248,14797,6295,1001,1382,356,10372
WYOMING,2003,502,90,48,83705,77757,5480,7500,6641,29.5,43255,44835,2.5,32316,2.7,188418,203025,13745,14797,5228,764,1035,328,2560,11596
WYOMING,2004,506,86,84741,78721,5903,7363,6513,30.3,39532,40903,1.6,NA,34199,NA,204423,220249,12325,5228,NA,832,1093,343,2659,NA
WYOMING,2005,NA,NA,83772,NA,NA,NA,NA,NA,NA,NA,NA,NA,NA,NA,190068,NA,13248,NA,NA,NA,NA,NA,NA,NA
WYOMING,2008,533,NA,NA,NA,NA,NA,NA,NA,NA,NA,NA,NA,NA,-14,NA,NA,NA,NA,9124,1341,2089,1284,3154,NA
WYOMING,2009,544,92,NA,NA,NA,NA,NA,NA,NA,NA,NA,0.4,43489,5.9,281411,300563,NA,NA,8788,1342,1495,591,2861,NA
WYOMING,2010,564,73,48,88165,81518,5416,8052,7115,29.4,56100,58303,2,45353,9.2,292891,317213,18716,18716,8633,1345,2149,517,1975,15997
WYOMING,2011,568,92,48,88994,82593,5383,8171,7220,29.4,57222,59469,0,49212,6.5,316684,341936,18137,19542,8696,1357,2252,524,2920,16666
WYOMING,2012,577,97,48,90993,83983,5283,8172,7331,29.2,56775,58846,-0.3,52469,NA,338186,363945,18661,20218,NA,NA,NA,NA,NA,15943
WYOMING,2013,NA,NA,48,92218,85404,5220,8292,7454,29.2,56583,58660,NA,NA,NA,NA,NA,19224,20757,NA,NA,NA,NA,NA,16008
